gene,variance_2d_tpm,present_in_v3_candidate_features,selected_top_250
TUBA1A,14510176.356760584,False,False
MT2A,11453025.398740768,True,True
HSPA1A,9544562.398538545,False,False
HSP90AA1,7462601.260752968,False,False
FTL,6403824.389441077,True,True
TMSB10,6272944.284931467,True,True
TMEM212,6115750.527017022,False,False
ASTN2,4914507.886247818,False,False
HSPA1B,2580699.9302883674,False,False
NNAT,2307218.835270805,True,True
MTRNR2L2,2079807.3870492713,False,False
EEF1A1,2061806.266706428,False,False
RPL41,1982408.5036374808,False,False
TUBB2B,1907848.3280886456,True,True
FTH1,1820352.9006656965,False,False
ORC4,1676232.7135964863,False,False
HNRNPA1,1315584.2846958207,False,False
TMSB4X,1241405.7948622128,False,False
ACTG1,1203681.7714832772,False,False
COL1A1,1178901.4118519102,True,True
RPL37A,1067798.878718656,False,False
GFAP,1062163.0508339715,True,True
GAPDH,1052027.3431945776,True,True
RPS27,1042956.3782728339,False,False
RPS11,1021336.7706511382,True,True
MT1G,967553.5715742919,False,False
TUBB3,886086.3024223867,True,True
ACTB,819185.1919971413,True,True
TUBB,786850.8732625359,False,False
DLK1,770798.8360182386,False,False
DNAJB1,745988.1204334871,False,False
RPS6,735293.1226291218,False,False
TUBB2A,707897.1936730813,True,True
MTRNR2L8,638074.9958557211,False,False
TUBA1B,634312.7754106917,True,True
RPS3A,624376.5280003328,False,False
MT1X,588674.1963596969,True,True
ODF2L,574425.9100466762,False,False
RPL7A,574395.5725716655,False,False
STMN1,549647.1641106269,True,True
UCHL1,545504.6677093619,False,False
MT1E,539414.5981169414,False,False
RPS15A,533818.3962068692,False,False
RPS18,533755.8686996222,False,False
RPS24,521069.93419401813,False,False
HSPA6,518755.30505552166,False,False
VIM,512683.32411548577,True,True
RPL39,497142.8792594009,False,False
GADD45B,493372.6768707138,True,True
RPL9,470890.5489775725,False,False
RPS2,466895.6876333983,False,False
COL3A1,463308.682275232,True,True
TPT1,438799.4675202917,False,False
RPL13A,405711.9589036162,False,False
CLU,399778.85794463096,True,True
RPLP0,396010.23701810476,False,False
PTN,392621.02986522386,False,False
RPL6,390100.53516925586,False,False
RPL7,376661.1844710981,False,False
RPL3,370636.2921745687,False,False
HMOX1,351469.3009354628,False,False
RPS8,349538.43113252916,False,False
ENO1,346694.59879709734,True,True
SHISA9,346355.87068818253,False,False
RPL21,344669.1095240441,False,False
EEF1G,341218.14497796085,False,False
MYL6,339465.13302922883,True,True
CKB,337195.8748140015,False,False
STMN2,334416.0152894252,True,True
COL1A2,326868.27118131495,False,False
RPS12,325980.3037049332,False,False
SCD5,325073.48437359725,False,False
RPL24,323286.72657801467,False,False
UBC,317291.8309170649,False,False
RPLP2,314446.4791125803,False,False
NREP,308127.62699952745,False,False
MARCKSL1,306255.3891152168,False,False
HSPA8,305496.40672029095,True,True
RPLP1,296859.18531313766,False,False
PTMA,293911.9549757565,True,True
RPSA,287903.52873907017,False,False
RPL23,281619.5287760372,False,False
RPL11,280865.9023587746,False,False
PCP4,279771.60447964637,True,True
RPS29,277206.73318436794,False,False
FN1,277148.66770578414,True,True
RPS10,275002.05575047666,False,False
RPL5,273815.0409508557,False,False
TPI1,267470.3913246968,False,False
HSP90AB1,262062.3930923518,False,False
SPARC,256747.02767438677,True,True
RPL35,256446.74895547426,False,False
RPL18A,251531.85672702856,False,False
RTN1,245923.49497275267,False,False
RPS14,244887.16080415307,False,False
RPL31,240806.7771522716,False,False
HOXB8,234701.55238143433,False,False
PTMS,232857.43278202385,False,False
RPS25,232191.7375181861,False,False
RPL17,231404.79140255053,True,True
RPS19,229957.68975176802,True,True
RPS7,223582.62982244915,False,False
IGFBP2,221138.8440913266,True,True
RPL26,216608.65488962637,True,True
HMGN2,210958.94196693978,False,False
RPL19,209142.88197902704,False,False
RPL35A,208347.102288793,False,False
RPL8,208342.19356953132,False,False
MAB21L3,207751.73793745597,False,False
ALDOA,201704.60687951304,False,False
RPL18,191588.5844256916,False,False
RPL38,191259.21748338247,True,True
RPS28,191146.56728097695,False,False
RBP1,191093.02293685655,True,True
RPL27,190750.68812916917,False,False
H3F3A,188434.889761217,False,False
RPS9,186682.90735628078,False,False
GNB2L1,185512.92565620533,False,False
RPS15,182183.22077917965,False,False
RPL30,181389.4078547315,True,True
UBB,181045.1491885017,True,True
NES,176960.3742201401,False,False
GADD45G,176033.9016358143,True,True
RPS3,174214.30916049174,False,False
RPS16,172195.34504533105,False,False
CFL1,171553.1132807202,False,False
RPL36,166694.8068899305,False,False
RPL4,165412.12882317728,False,False
DPYSL3,164138.004283824,False,False
ANXA2,163686.7694872776,False,False
RPL29,162622.11905334887,False,False
RPL10A,161379.47830484205,False,False
HMP19,160926.4363847048,True,True
RPS20,159977.41622424408,False,False
RPS17,157998.06062380192,False,False
RPS17L,157998.06062380192,False,False
RPS21,153010.39045202654,False,False
BASP1,151861.70019884198,True,True
CRMP1,151802.1789650045,False,False
PEG10,149433.01425217857,False,False
H2AFZ,146193.58197882352,True,True
GNAS,145317.19873611548,False,False
GAP43,141393.2001945427,False,False
PSAP,140631.17418096407,False,False
HSPH1,136850.58145467943,True,True
HSPB1,135940.70429619728,False,False
SCD,135165.35248893333,True,True
B2M,133532.7504153256,True,True
MT1F,131902.9670591267,True,True
HES6,126320.27764882616,True,True
PEA15,125587.13767632384,True,True
ENO2,125266.57934508896,True,True
RPS4X,120728.06148424571,False,False
INA,110995.19386835398,False,False
SEPT3,110533.36636475183,False,False
MT1M,109968.9846602198,False,False
NPM1,107737.970717365,False,False
PGK1,106980.05646588588,False,False
DNER,106567.79647310244,False,False
D4S234E,104000.46956389095,False,False
PCSK1N,100510.77368946496,True,True
PGAM1,97008.29142198652,False,False
RPS13,94759.66336107485,False,False
RAN,94684.73429238457,False,False
APP,92371.24104549015,True,True
EEF2,91706.67572172334,True,True
MIF,90707.57942457627,True,True
ISLR2,90659.04274709443,True,True
HOXB9,89114.95176282238,False,False
HSPD1,88971.42335522805,False,False
LOC100130451,88816.069756127,False,False
RPS5,88380.9314229755,False,False
RPL12,84237.22834902913,False,False
CRABP1,83381.39159555333,True,True
PKM2,83124.17467912938,False,False
ATP5E,81717.14712121277,False,False
PFN1,79741.89720139431,False,False
HMGCS1,79661.73111998223,True,True
TAGLN3,79567.14476311191,False,False
UGT8,79400.57060595852,False,False
FABP5,79272.95893438198,False,False
CPE,79101.27204165819,False,False
RPL36A,78432.39230662702,False,False
HNRNPA2B1,77676.27981185913,True,True
FXYD6,77209.23731175503,False,False
LDHB,77047.45042550268,False,False
RPS27A,76255.37657530559,False,False
ROBO3,75858.89686477641,False,False
TAGLN,74497.67218034004,True,True
FABP7,73793.12594620953,True,True
ZFAND2A,72785.08950263128,False,False
MARCKS,72634.92306593267,False,False
RPL23A,72518.24792300536,False,False
CALM2,70656.22031976464,False,False
ABCC9,70403.92198631728,False,False
MLLT11,68914.93312216316,False,False
LYPD1,68769.36790100537,True,True
GDI1,68301.98137781346,False,False
TIMP2,66317.80626392018,False,False
USP33,65442.65234273083,False,False
CDKN1A,64966.457767870306,True,True
CD24,62752.583207624775,False,False
RPL14,61891.400032687074,False,False
IFITM3,61653.64177240002,True,True
SLC25A6,60813.95518010784,False,False
RPL10,60573.623931548354,False,False
COL6A2,60511.492825392146,True,True
EIF4G2,59460.16915472797,True,True
CALM3,58093.123512074955,False,False
CFLAR,56794.696195569115,False,False
C1orf61,56676.72307992946,True,True
NACA,56200.66395375946,False,False
STMN4,56166.59455529646,True,True
YBX1,55214.99695366295,False,False
ID2,54953.4774344083,True,True
COL6A1,54224.88293627224,True,True
HMGB1,53515.96903426151,False,False
IGFBP5,52533.395597174575,True,True
MT1H,52295.00980069481,False,False
APLP1,49122.09802840767,True,True
LGALS1,49061.23988833035,True,True
SEPT5,48697.209627935685,True,True
SOX4,48240.55578322454,True,True
REXO1L1,47646.52293055177,False,False
RPL34,47640.63797405809,False,False
HMGB2,46639.97558439602,False,False
TTYH1,45711.44604221789,False,False
CD63,45600.933420028436,True,True
CTSC,45583.86808615645,False,False
BLCAP,45410.869311411145,False,False
NDUFA13,45380.295469712604,False,False
MCFD2,45188.96249951516,False,False
CYP26A1,45018.8850905569,True,True
LDHA,44950.75744955375,True,True
GSTP1,44801.77317704085,False,False
BNIP3,43744.535138372456,False,False
GNG2,43678.803240109475,False,False
PPP1R15A,43567.85276310781,True,True
DBI,43143.652196837684,True,True
C4orf48,42742.344294574286,True,True
PRDX2,42659.44621111696,False,False
TAGLN2,41512.791089600076,True,True
HMGA1,41177.08757866032,False,False
SBK1,40569.916576253054,False,False
LY6H,40157.68251055901,False,False
HNRNPH1,39998.24670931677,False,False
MAPT,39130.45426440444,True,True
SLC1A3,38448.790517580215,False,False
HNRNPK,37710.73114110725,False,False
NONO,36699.357066109886,False,False
MTRNR2L1,36203.91259378473,False,False
HN1,36030.28148846136,True,True
ATP1A3,35516.798188726294,True,True
ATP6V0C,34634.19725060006,True,True
ETFB,33377.781412460376,True,True
NCAM1,32935.526783174835,False,False
YWHAZ,32918.02512103496,False,False
MDK,32913.3225933724,False,False
YWHAG,32659.49121821771,True,True
FADS2,32485.8183108374,False,False
RTN3,32469.98203535402,False,False
RTN4,31892.436242493946,False,False
CALM1,31784.465881458866,False,False
FAU,31605.8756273134,False,False
EIF4A1,31367.187869862904,False,False
IGFBPL1,31140.630091914358,False,False
GPM6B,30928.20910605619,False,False
RPL37,30915.071478245078,False,False
YWHAE,30912.204762576173,False,False
CCNI,30887.175531751884,True,True
ANXA5,30840.519522628703,False,False
ATF4,30423.375369655867,True,True
COX7C,30213.851268683837,False,False
TMEM66,30090.13313816191,True,True
YWHAQ,30047.184624131776,False,False
XAF1,30032.046897383352,False,False
EEF1A2,30001.115917870306,True,True
SEPW1,29770.98785968815,False,False
PRDX1,29754.621781637834,True,True
GPM6A,29342.88687114433,True,True
POSTN,29028.653795195405,False,False
RPL32,28418.405311123395,False,False
EIF1,28417.58618975799,True,True
HNRNPD,28383.90026667836,False,False
OAZ1,28336.249514702715,True,True
SDC3,28066.147939193597,False,False
SLC3A2,28056.49788586167,True,True
SFPQ,27603.301197379835,False,False
KPNA2,27221.224875933727,False,False
SPC25,26827.86703701443,False,False
TNC,26699.49056307506,True,True
COL4A1,26695.514983032714,False,False
PCNA,26640.295191637135,True,True
EBF3,26561.516241524838,False,False
YWHAH,26482.10437319718,False,False
FEZ1,26361.880816820485,False,False
GNB1,26176.828997913224,False,False
S100A11,25916.266132039633,True,True
SPINLW1,25695.062404747296,False,False
NTRK2,25446.31781366226,True,True
VAMP2,25258.081819382154,True,True
PPIA,24930.57914476202,False,False
HOXB5,24835.076759900458,False,False
RND3,24734.355997990435,False,False
PBX3,24678.652851084324,False,False
NCL,24619.221797132446,False,False
MAP2,24587.343451610697,False,False
THRA,24385.270554168277,False,False
VSTM2L,24263.059044362562,True,True
PTGDS,24215.2298937549,True,True
RRAD,24147.438082787667,False,False
RBMX,23996.13790523213,False,False
PCP4L1,23877.442986892776,False,False
EDF1,23855.621239330456,False,False
TIGD1,23842.79995925476,False,False
DHRS3,23813.483562876205,True,True
NAP1L1,23733.21352974465,False,False
RPL28,23716.46115077903,False,False
GPC1,23646.428668192555,False,False
CD99,23226.766510119778,False,False
PODXL2,22859.65055871144,False,False
FDPS,22821.460612011204,False,False
TUBA1C,22620.848038506974,True,True
HNRNPM,22451.90127477103,True,True
TMSB15A,22372.78660252658,False,False
FHL1,22365.03036812822,False,False
PKIA,22300.327938961997,False,False
MAP1B,22275.853174373908,False,False
H1FX,22000.540340945834,True,True
SLC1A6,21995.315506240422,False,False
GPR56,21881.00846944181,True,True
NME2,21630.94700865354,True,True
CNTN2,21497.14650548069,True,True
PLD3,21476.88391751237,True,True
PRDX5,21431.508203778758,False,False
GABARAP,21271.618197904463,False,False
ATP5G2,21191.20498668924,False,False
TYMS,21073.350388142026,True,True
ATP5I,20833.04332723211,False,False
TCEB2,20724.801806494837,False,False
NEFM,20646.75792938672,True,True
SRSF2,20645.91078394685,True,True
METRN,20645.76341498169,False,False
MCM7,20502.90078817887,False,False
HNRNPC,20359.408756274348,False,False
COL4A2,20353.718790810726,False,False
GPC2,20253.273780009593,False,False
BCAN,20161.87628236423,True,True
TPM1,20061.963613059266,True,True
HES4,20045.844908648276,False,False
CST3,19963.781068634707,False,False
DIO3,19949.231114092127,False,False
ATAT1,19838.025760885357,False,False
OLFM1,19819.094419282144,True,True
PDZD4,19755.1592711841,False,False
BSCL2,19534.782686409093,True,True
SRP9,19364.764282624485,False,False
PPIB,19212.698059858933,False,False
SNRPB,18886.64169672597,True,True
DBN1,18874.628157806088,False,False
CNN3,18708.81168146647,False,False
RGMB,18704.490240029943,False,False
CALR,18634.73835414254,False,False
DNAJA1,18615.470097535996,False,False
SERPINH1,18407.290090751074,False,False
THBS2,18342.168834918877,False,False
LHX1,18257.550451896106,False,False
SPTAN1,18196.986044367826,True,True
KLC1,18172.43015450574,False,False
NDRG4,18024.090437688177,False,False
C12orf57,18013.981699468364,True,True
NGFRAP1,17937.148812338142,False,False
PAFAH1B3,17805.07481604672,True,True
COTL1,17799.175807112446,True,True
RAB3A,17700.310629935902,False,False
FAM195B,17536.84440954311,False,False
COX6A1,17514.51703452995,False,False
CD81,17509.545646163926,False,False
MTRNR2L10,17501.602832048404,False,False
GTF2I,17415.927409501,False,False
PABPC1,17325.159601139887,False,False
STIP1,17238.531449841503,False,False
CA8,16982.892907111273,True,True
TOP2A,16860.84814233077,False,False
PPP2R1A,16795.508492957153,False,False
TEX101,16751.61500884772,False,False
HLA-C,16729.606997913226,False,False
FGFR3,16685.240530292078,True,True
AES,16633.8872062141,False,False
SERPINE1,16435.637924776296,True,True
SQSTM1,16429.000466502905,True,True
CHRM3,16424.46519797873,False,False
CTGF,16410.76626730299,True,True
TCF12,16406.748946111285,False,False
THAP4,16360.475417964468,False,False
DCX,16329.613155998291,False,False
DKK3,16215.886714000888,True,True
RANBP1,16194.386721991787,False,False
DDR1,16141.268648573534,False,False
FDFT1,16044.829533935152,True,True
NGRN,15899.941858528386,False,False
HLA-A,15861.176369087387,True,True
MAGED1,15799.949827305796,False,False
MLLT4,15769.948960784764,False,False
H2AFX,15740.871078763847,True,True
CDC42,15626.286835377408,False,False
LMNB1,15596.63890927934,False,False
SERINC1,15556.11539504977,False,False
DDX5,15507.32606218491,False,False
BEX1,15336.529769059314,True,True
H1F0,15261.933703589852,True,True
BTF3,15144.446174734185,False,False
CCDC72,15139.555102210172,False,False
WSB2,15061.084013922518,False,False
PEBP1,15052.7072768268,False,False
PHGDH,14954.9340533717,True,True
HOXB6,14901.087358124834,False,False
MVD,14820.156958847714,True,True
ENHO,14775.638899199332,True,True
ILF3,14727.732023647519,False,False
EEF1B2,14709.657859884666,False,False
OLFM2,14654.309787713912,False,False
KIF1A,14592.579591954709,True,True
CDK5R1,14497.323742962417,False,False
SET,14478.231117118761,False,False
TTYH3,14462.887784166754,False,False
TMEM59L,14432.243107024715,True,True
APLP2,14386.917034673243,False,False
HSPE1,14292.282660298744,False,False
SNRPD2,14260.32410682996,False,False
UBE2S,14249.602746460445,False,False
NASP,14159.518587877672,True,True
ZNF471,14075.640681646604,False,False
MAGED4B,14017.440229255126,False,False
DDAH2,13954.988851341663,False,False
IGFBP7,13929.246652971655,True,True
RPS26,13917.418449752606,False,False
CLIC1,13908.532163559319,False,False
CENPV,13767.662826871248,False,False
PON2,13710.11648612427,False,False
HDGF,13704.141853989893,False,False
LPPR3,13683.450946256915,False,False
GLIPR1L2,13507.565058995686,False,False
TFAP2B,13507.410920310325,False,False
PFN2,13489.62463096057,True,True
H2AFY,13462.888178445099,False,False
TRIB2,13458.93862702331,True,True
CHL1,13441.898671212759,False,False
BSG,13424.68127503012,False,False
SCG2,13321.757210995893,True,True
EIF3L,13226.157343788234,True,True
CTXN1,13189.217974165702,True,True
AUTS2,13140.343839061421,False,False
KIF5C,13083.39512349838,False,False
PPP1R14B,13056.203065667734,False,False
CPLX2,12918.124760433846,False,False
GUK1,12909.543919138272,True,True
FSTL1,12907.751692828486,False,False
FLNA,12891.54034805535,False,False
TUBB4A,12695.985530103171,True,True
RPL15,12652.177050573744,True,True
SOD1,12614.810090791425,False,False
CIRBP,12568.986490307168,False,False
APEX1,12517.009886769953,True,True
PFDN5,12478.305307916038,False,False
TPM4,12415.852883143256,False,False
DYNLRB1,12390.96276126902,False,False
JUND,12352.374509785242,True,True
SMOC1,12310.94939410055,True,True
TRIM28,12292.989207774503,False,False
SUMO2,12176.057484546911,False,False
TMPO,12167.015963081496,True,True
XRCC6,12064.111302836556,False,False
SPOCK2,12016.048316780129,True,True
DPYSL5,12007.740889429884,False,False
L1CAM,11945.463331111461,False,False
IDS,11851.104435308978,False,False
GNAO1,11785.759439840453,True,True
DDIT4,11689.465714264661,True,True
EIF4A2,11681.072564251794,True,True
METTL21A,11679.99291064849,False,False
HS6ST1,11677.703652131804,False,False
TFAP2A,11666.834453294498,False,False
ELN,11663.3990312413,True,True
HLA-B,11657.72158422992,True,True
HNRNPAB,11538.374777923407,False,False
EWSR1,11536.761941184452,False,False
RPL36AL,11470.771461119884,False,False
EEF1D,11372.672417274915,False,False
CRIP2,11368.523460858454,False,False
EIF3E,11365.3872293411,False,False
ZNF428,11357.072105122761,False,False
DPYSL2,11318.912774598497,False,False
CRYAB,11268.808265527365,True,True
HMGCR,11267.515855921676,False,False
COX6B1,11228.587553910938,True,True
TKTL1,11006.850761388332,False,False
NHLH1,11000.33024871858,True,True
HNRNPL,10982.96277325625,False,False
UBE2C,10934.885509010892,False,False
ENC1,10847.920800826401,True,True
SNRPN,10843.132226868911,False,False
VGLL3,10832.481055419283,False,False
ILF2,10819.384246535892,False,False
DHCR24,10760.24968896843,True,True
BAG3,10741.169089752722,False,False
ANP32B,10702.008981355346,False,False
FBLN5,10659.98342939023,False,False
RGMA,10658.2465312027,False,False
RPL13,10633.025121547298,True,True
P4HB,10622.678683416967,False,False
HSP90B1,10616.55066149887,False,False
COX4I1,10584.484840105391,False,False
RCN1,10560.690577370717,False,False
DEK,10440.03203058158,True,True
PGD,10436.202830251723,False,False
NEFL,10390.605130376884,False,False
CHPF,10342.906955577195,False,False
MT3,10339.647911359092,True,True
HNRNPA0,10294.079728960942,False,False
CADM3,10251.121915464786,False,False
HOXB2,10204.63483655414,False,False
NDFIP1,10193.80898353511,False,False
AP2M1,10181.700795653343,False,False
WNT7B,10174.500532881824,True,True
GAD1,10157.784010111007,False,False
HNRNPR,10157.145071724512,False,False
DLL1,10145.3796316507,False,False
TTC3,10087.146972282462,False,False
HES5,10068.267264580483,False,False
HHLA3,10057.482871519225,False,False
COL6A3,10038.158902768713,False,False
TXNRD1,10015.070757619516,True,True
CKS2,9908.031844940988,False,False
OCIAD2,9907.289170870034,True,True
PCDH8,9889.3150813185,True,True
HNRNPU,9876.241952752922,False,False
PPDPF,9826.833344420465,True,True
FASN,9826.69995831608,True,True
KIDINS220,9823.168467806552,False,False
IGFBP3,9779.20377547578,True,True
TSPAN7,9714.902779982103,True,True
ITM2C,9644.651588733315,False,False
STMN3,9621.566024210735,False,False
GNG3,9578.873666648537,True,True
COX8A,9483.031698932637,False,False
SEPT2,9456.594766497643,False,False
LGALS3,9455.695672503538,False,False
SLC22A17,9421.858314480472,False,False
SHFM1,9351.45455157151,False,False
TUBB4B,9341.829802873403,False,False
SRSF3,9335.026159279923,True,True
GNAI2,9325.93324270391,False,False
DDX17,9293.84231479571,False,False
TIMP1,9285.98703097168,False,False
DYNLL2,9263.245480804411,False,False
EIF3F,9258.994703473465,False,False
HK1,9232.3393108374,True,True
MAGED2,9205.49919799979,False,False
PTBP1,9187.839156482554,True,True
MSI1,9171.905369407306,False,False
SP100,9090.095682413352,False,False
ITM2B,9074.190561297095,False,False
ACADSB,9058.260442612673,False,False
FOXP2,9017.509319490942,True,True
LMNA,8929.275516688891,False,False
TERF2IP,8920.232414937831,True,True
XRCC2,8881.861233140335,False,False
HOXB3,8853.12459937362,False,False
KIF3C,8837.645876350143,True,True
NDUFS5,8777.312912437565,False,False
ACAT2,8772.38798817244,False,False
UBL5,8730.119768490835,False,False
DYNLL1,8717.476847025417,False,False
ODC1,8709.421947410254,False,False
APOE,8623.990183729282,True,True
MAZ,8622.594919097917,False,False
TAC1,8621.658601604846,False,False
TGFBI,8615.300828992526,True,True
LUM,8595.920953492765,True,True
STXBP1,8587.830816167783,True,True
HMGN1,8527.15395690365,False,False
CANX,8493.975996334117,True,True
HSPA5,8474.70824051479,False,False
SPARCL1,8447.452782655484,True,True
IFITM2,8438.045574744123,False,False
GAS1,8415.159874417775,False,False
ATP9A,8398.238083520488,False,False
GLTSCR2,8362.545761060228,False,False
ATP1B1,8344.822043293445,True,True
EVL,8317.58340833772,False,False
LAPTM4B,8279.343789156754,False,False
ATP5B,8233.040477292347,False,False
RHOC,8170.5745056719425,False,False
PPP2R2B,8145.9809313243495,False,False
C19orf43,8137.192410048427,True,True
CITED2,8081.155379034635,False,False
CADM4,8064.98254627797,True,True
DCLK1,8023.7038598057115,False,False
RPS23,7937.68941722813,False,False
SLC25A3,7937.099411011684,False,False
RAB11B,7911.509062556877,False,False
SYP,7905.917039019897,False,False
CXCR4,7890.278064762373,False,False
ARL6IP1,7859.271203694541,False,False
MRFAP1,7852.317032277081,False,False
SRSF9,7832.28816495362,True,True
TMBIM6,7830.295642968851,False,False
ATF3,7823.7768716823975,True,True
VEGFA,7817.683574359874,True,True
ALDOC,7811.506134957481,True,True
FKBP8,7808.536649097567,True,True
FNDC5,7795.296057877437,True,True
ERH,7791.21669673065,False,False
ELAVL3,7779.457893151911,False,False
GRINA,7776.794063960533,False,False
SRRM2,7770.211468655763,False,False
HTRA4,7759.019618652256,False,False
APC2,7735.901646094325,True,True
ATP6V0B,7723.512684631131,False,False
NXNL2,7722.208686561744,False,False
ATP1B2,7715.028403455919,True,True
GSTA4,7694.936742209121,False,False
ATP1A2,7689.936004510417,True,True
CTSD,7683.994034294254,False,False
CBX1,7665.026647846557,False,False
OST4,7655.768294307588,False,False
PTTG1,7650.349219894491,False,False
GPI,7649.736868410123,False,False
ADCY1,7580.879824997368,False,False
REEP2,7558.989651301307,False,False
INSM1,7547.551412755143,False,False
DDX39B,7501.144081583441,False,False
H3F3B,7446.751839162017,False,False
PSAT1,7347.623551599583,True,True
MGST1,7334.825133464342,False,False
ALYREF,7326.861327845036,False,False
VAT1,7308.438577565475,False,False
A2M,7252.35439027266,True,True
C6orf48,7245.264640401913,True,True
COX7A2,7231.719577467219,False,False
USMG5,7217.824160812834,False,False
RAB7A,7200.587363718402,False,False
REEP1,7170.246640788504,False,False
SEC61G,7157.800334929408,False,False
SYT1,7156.470613543531,False,False
PTOV1,7143.445604342562,True,True
IFITM1,7112.433516894176,True,True
DLL3,7087.201067960954,False,False
LSM7,7051.403773176123,False,False
KHDRBS1,6999.677808258764,False,False
H2AFV,6980.457769159327,False,False
UBE2E3,6924.1166727193495,False,False
LRRN1,6921.644841686259,False,False
HSPA9,6917.740886598589,True,True
RGS2,6896.863387240762,False,False
MLF2,6889.625970823244,False,False
MYL9,6870.917683319297,True,True
MAP6,6825.526512585535,False,False
GNG5,6762.549422596529,False,False
CDKN2D,6759.39890077318,False,False
FSCN1,6712.810429067387,False,False
TPM2,6698.53547335509,False,False
IFI6,6681.234542453008,False,False
NRXN2,6665.780033222211,False,False
GPX4,6643.388291605549,False,False
MYH9,6630.921007495524,True,True
PMP22,6613.280783888947,True,True
NDUFB2,6605.446672997158,False,False
SOX11,6591.080565185224,True,True
GP1BB,6569.4829473628815,True,True
FBL,6566.839853374039,False,False
NDUFS6,6518.355783904737,True,True
FAM162A,6510.369956407108,False,False
XPR1,6493.049225860617,False,False
RBFOX2,6453.997602468097,False,False
CACNG4,6437.351738578915,False,False
COL5A1,6433.370646723632,False,False
GPX1,6425.75179420056,False,False
EGR1,6418.963366436233,True,True
PLTP,6405.727362681451,False,False
RUFY3,6402.6417753406795,False,False
RPL22,6400.283296178543,False,False
TEAD2,6397.552063764021,True,True
NCS1,6370.707838467208,True,True
KIRREL2,6367.119791999157,False,False
CHCHD2,6350.6844725550045,False,False
IRX2,6347.877690183177,False,False
PIP4K2B,6338.198569428362,False,False
PCDHGB6,6331.831793662491,False,False
MORF4L1,6328.7956876840835,False,False
TNFRSF12A,6309.7757987396335,False,False
HINT1,6258.658667712391,False,False
VGF,6257.770474979238,False,False
MLC1,6242.637062846381,True,True
LRRC4B,6242.480196579756,False,False
CSRP2,6241.28163927197,True,True
MAP1LC3B,6235.962924628909,False,False
PTGES3,6223.235583525751,False,False
PAX3,6208.772695893719,False,False
SCG5,6169.254573417669,False,False
TKT,6156.95704125171,False,False
XRCC5,6152.343023135185,False,False
NR2F1,6149.594017733445,False,False
RPS4Y1,6147.67697739879,False,False
NPIP,6140.675614554164,False,False
MAPK8IP1,6132.061046578587,False,False
LRRC3B,6119.54299775181,True,True
HNRNPA3,6103.937626386988,False,False
TXN,6097.468741695031,False,False
ASNS,6094.78380668433,True,True
EIF5A,6076.56670741774,False,False
SMARCE1,6066.098617431076,False,False
TCEAL2,6058.096727393527,True,True
SV2A,6057.1212878455035,False,False
NCAN,6035.384271926285,False,False
CDC20,5979.954917903055,False,False
LSS,5938.407219459943,True,True
RAC3,5913.763497979904,False,False
COL5A2,5907.496747507924,False,False
LHX5,5866.578409989939,False,False
APBB1,5863.861633756184,False,False
ITGB1,5809.0331445041,False,False
UQCRH,5803.488051210069,False,False
GNB2,5793.076146335871,False,False
SOX2,5769.14448776187,True,True
NETO2,5753.445233587746,True,True
POU3F2,5734.706748671205,False,False
CSPG5,5724.693733045585,True,True
FGFBP3,5714.776687756605,True,True
L2HGDH,5709.461881171702,False,False
PALM,5683.101764312032,True,True
CDK2AP1,5681.247031582271,True,True
S100A10,5680.1995411476055,True,True
UBA1,5650.747562742862,False,False
SEPT7,5610.238243784726,False,False
AP2B1,5608.691529976255,False,False
BAALC,5599.541894197049,True,True
KIF5A,5597.472626309202,False,False
C19orf79,5594.090847278077,True,True
CALD1,5542.74220952147,False,False
ATP5A1,5530.709649752606,False,False
SH3BP5,5494.161905978993,False,False
LOC728392,5484.168767580212,False,False
COX7B,5479.63444029664,False,False
MSN,5476.058776858382,False,False
SCRT1,5470.165801785568,False,False
CKS1B,5420.017712980314,False,False
ATP5J2,5406.72144160438,True,True
NRP2,5399.301512704261,False,False
MAT2A,5396.780026230246,False,False
PCBP4,5364.65394523634,False,False
LPPR2,5345.143484994327,False,False
NUCKS1,5334.324118262742,True,True
MATR3,5311.196739704179,True,True
RPL27A,5300.860287480554,False,False
THBS1,5283.881910893544,True,True
ARF1,5272.404157853458,True,True
NUSAP1,5252.224666785977,False,False
BGN,5243.010129041071,True,True
HOXA5,5238.155417908317,False,False
SKP1,5237.352416629235,False,False
BBS5,5223.4456943005725,False,False
RCC2,5221.381421291715,False,False
SMARCD3,5208.706978977903,False,False
NPC2,5206.394966836276,False,False
ATP6V1F,5197.976057658117,False,False
BEX2,5180.4595090056255,False,False
LAMP1,5171.918723210631,True,True
WLS,5169.828708142378,True,True
CTNNB1,5163.678555426888,False,False
HNRNPH3,5157.908226660702,False,False
SQLE,5144.438863904388,False,False
PCBP2,5143.765585399633,False,False
KLRD1,5137.442800994843,False,False
S100B,5103.723595330502,True,True
EIF3C,5099.948700401213,False,False
PHC2,5099.334553998081,False,False
MCM2,5093.883374507257,True,True
VPS28,5091.886163521892,False,False
PARP1,5091.12607903756,False,False
SREBF2,5078.525226281129,True,True
CTNNA1,5067.340084682599,False,False
CHD4,5054.29113559322,False,False
ROMO1,5052.008242451252,False,False
ACTL6B,5043.837646134096,True,True
TMEM35,5036.008249373618,False,False
PTPRZ1,5022.772456859786,True,True
KPNB1,5016.544247415518,False,False
ACTG2,5016.180651610697,False,False
KIF21B,5008.692354505153,False,False
NT5DC2,5004.461449952041,False,False
TCF3,4999.335466629236,False,False
UNCX,4998.353165950218,False,False
CBX3,4982.179050950393,False,False
CACNG7,4963.509622631622,True,True
NXPH4,4940.6358533155535,False,False
RNF187,4927.211398760688,True,True
NDUFB1,4923.433754420934,False,False
FAM64A,4921.669052325976,False,False
GNAQ,4906.47579233896,False,False
MYL12B,4879.649505459639,False,False
DNAJB6,4879.080351115323,False,False
CHD3,4874.575558042951,True,True
ACTA2,4862.633077528629,True,True
SSRP1,4845.535429586741,False,False
MYEOV2,4838.202345744581,False,False
RHOA,4835.731890877987,False,False
MAP1LC3A,4821.312701825923,True,True
NPDC1,4811.746408064007,False,False
SAE1,4803.382079248108,False,False
FOXP4,4802.872764237756,True,True
FUS,4801.890293453112,True,True
EPB41,4784.944312549859,False,False
FAM57B,4749.377459442514,True,True
ARHGAP21,4734.359069176871,False,False
SNRPG,4721.369694457311,False,False
C11orf10,4697.36187131043,False,False
CYP26B1,4695.487016743868,True,True
NELF,4677.050103726124,False,False
SYT11,4663.840980506135,False,False
CCNB1,4661.057856817677,False,False
FBLN1,4652.482218975681,False,False
USP22,4650.026309368822,False,False
VANGL2,4642.415951852827,True,True
BOC,4629.144173939362,False,False
MSMO1,4624.309923194839,True,True
ZNF664,4622.817836512031,False,False
SNN,4614.6253601671515,True,False
GPC4,4609.6232102800295,False,False
BAX,4605.044154477079,True,False
PHF21B,4590.682074749973,False,False
ATP5O,4590.616214069318,True,False
RPS27L,4566.641881872945,False,False
C12orf68,4551.378882198126,False,False
AQP4,4548.50142613199,True,False
PRRT2,4535.209677654959,True,False
LMNB2,4513.292546771005,False,False
SYT5,4498.077581644851,True,False
GATM,4494.880303258237,False,False
PSMB1,4494.531125844826,True,False
TOP2B,4485.242377602906,True,False
LRIG1,4465.902026140763,False,False
RAB6A,4450.811496394357,False,False
SNAP25,4441.221085382086,True,False
ARL8A,4422.775822512896,True,False
PFKP,4415.739762462131,True,False
SHMT2,4412.956630063983,True,False
SERPINE2,4412.675293858418,False,False
ACOT7,4396.6524098589325,False,False
CDH2,4387.479094225708,False,False
ATP6V0E2,4387.042722349722,False,False
SCRT2,4371.977838240867,False,False
ARF4,4370.839113659333,False,False
SCAMP5,4362.7578195716505,False,False
PCBP1,4360.261677311062,False,False
UHRF1,4351.267386151173,False,False
DCN,4346.989333013417,True,False
RHOB,4341.799645962733,False,False
ATP6AP1,4340.229606616485,False,False
SH3BGRL3,4337.997829844662,False,False
PRMT1,4334.850535155748,False,False
PRNP,4332.277288430361,False,False
NDRG2,4331.2634374963445,False,False
MRPL51,4322.3587572586575,False,False
SRSF1,4317.829800321087,False,False
SEC61A1,4315.019339214654,False,False
PAICS,4313.56838132201,False,False
ATN1,4309.583713342926,True,False
COX5B,4303.939167175492,False,False
CLSTN3,4290.2965879735875,False,False
CNTFR,4276.201136856511,True,False
SEC11C,4270.073630492683,False,False
ANXA1,4268.119185820729,False,False
PLXNA2,4249.951561930496,True,False
U2AF1,4224.42089021593,True,False
FKBP4,4224.317917701863,True,False
ASCL1,4217.193627535647,False,False
MYL12A,4204.968425100303,False,False
BNIP3L,4195.209811016949,False,False
PSMA7,4194.882528055585,False,False
FGF11,4191.769600800084,True,False
DNAJB2,4189.618853126645,False,False
WASH1,4188.667432108643,False,False
RCN2,4186.239970013803,False,False
CNIH2,4175.314123973869,False,False
ARHGDIA,4174.5228265712185,True,False
NPTN,4173.38299147805,False,False
CD151,4172.185458352927,False,False
FOS,4169.348384529366,True,False
PSRC1,4157.822022650923,False,False
GDF15,4147.046121399914,False,False
APOL4,4138.577487331415,False,False
ARPC2,4134.477044261969,False,False
C7orf59,4128.500656829958,False,False
MEST,4126.918366949152,True,False
FAM127A,4086.035633924039,False,False
NDUFA5,4071.470221192874,False,False
PHB2,4067.7723750973782,True,False
WBSCR17,4057.4923119936593,False,False
PODXL,4057.4440658624885,False,False
DLG4,4054.4073065755465,True,False
SF3B1,4051.778117049163,False,False
SNAI1,4047.367200294768,False,False
MTSS1L,4030.096708837187,False,False
FYN,4011.2238034951047,False,False
SDC2,3982.8657388526285,False,False
PFKFB3,3981.3421638540904,True,False
SF1,3973.1310278953342,False,False
C14orf166,3963.3783033845666,False,False
CLTA,3959.63191800131,False,False
LPHN1,3955.81314730498,False,False
RAB13,3949.2014165701657,False,False
CDKN1C,3948.2339749073003,False,False
PPAP2B,3948.170991119533,False,False
SMARCA4,3936.6265835608433,False,False
AGRN,3934.4205553245374,False,False
SCRN1,3910.791345425834,False,False
DSTN,3908.967003294499,False,False
HNRPDL,3885.8652005731597,False,False
PBX1,3883.7074352879254,False,False
VOPP1,3874.2220814851853,False,False
TF,3868.8527165713344,False,False
NQO1,3857.4467095232244,False,False
RRM1,3853.281898069388,False,False
CLIP2,3845.147366027418,False,False
FNBP1L,3844.2943476997575,False,False
PDE4DIP,3841.991142815033,True,False
ARF5,3835.1909597758836,False,False
DDAH1,3829.8978476681755,False,False
SNURF,3819.656057931829,True,False
NDUFA11,3819.2374468101902,False,False
SNRNP70,3819.18276195155,False,False
NOTCH1,3811.224805935128,False,False
FZD10,3800.490170378753,False,False
APCDD1,3799.0049032015067,True,False
GNG11,3794.8035687364754,False,False
GDI2,3789.25647503012,False,False
WSB1,3778.091514822028,True,False
SRP14,3770.619669078616,False,False
SLC7A5,3769.391993581196,True,False
DHX9,3747.1524686019584,False,False
SRSF6,3743.4271425465836,False,False
TUBB6,3742.7909891409627,False,False
SLIRP,3709.0713349995904,False,False
SMARCB1,3699.5956856984944,False,False
ATP6V0D1,3697.124595667965,True,False
DES,3680.024966167782,False,False
ACLY,3675.4980712332294,False,False
PRMT2,3671.378041305518,False,False
CALY,3654.803655716391,True,False
KHSRP,3651.2563108373984,False,False
YWHAB,3649.6906232913407,True,False
CSNK1E,3648.4890016943305,False,False
KIFAP3,3641.66051603853,False,False
PAFAH1B1,3630.3975350206456,True,False
PSMA4,3622.950334796061,False,False
ARGLU1,3621.385464343615,False,False
TOMM7,3610.4044759658914,False,False
TSC22D1,3606.956051783814,False,False
CHORDC1,3601.822955478939,False,False
SNRPF,3601.4145038688284,False,False
IDH2,3596.2557693418016,False,False
EIF4B,3594.752288905265,False,False
MASP1,3588.9030332719235,False,False
BRSK1,3577.8436326402775,False,False
NME1,3573.872613085003,False,False
RNASEK,3565.1814468499606,False,False
WBP5,3564.291854563053,False,False
CUTA,3560.9305539319926,False,False
SNCB,3552.921124656396,True,False
PUF60,3541.9530193681207,False,False
PSIP1,3539.2108565351905,False,False
PSMB3,3525.4467561269607,False,False
HN1L,3525.2169183680153,False,False
CA12,3524.7653990104222,False,False
CD276,3516.732014553579,False,False
NDUFB7,3513.101406286041,False,False
H2AFY2,3499.696606021687,False,False
TACC3,3494.129290659835,False,False
CSDE1,3492.4233931881718,False,False
NDUFA3,3492.0904222087706,False,False
CDR1,3485.68570857751,True,False
MAPRE3,3482.2279198541364,False,False
NTM,3476.339020019067,False,False
MKI67,3473.231792963587,False,False
SST,3463.3015914569955,True,False
RBM4,3462.7447575861793,False,False
IDI1,3450.899849588846,False,False
MMP14,3444.604199389408,False,False
EPHA4,3423.4131677281816,False,False
MTCH1,3418.84445283831,False,False
ATP6AP2,3405.2742729316533,False,False
ACBD7,3396.654502378614,False,False
PDLIM7,3385.152913692085,False,False
RAB6B,3384.306865378227,False,False
TRMT112,3383.2427285708436,False,False
SLC37A2,3369.312708765251,False,False
ZIC1,3363.1402400790726,False,False
LLGL1,3357.720064699208,False,False
TMEM97,3344.747159427308,False,False
NHLH2,3335.972199357242,False,False
PFKL,3334.9824777187073,True,False
B4GALT2,3321.8340593746707,False,False
PDPN,3317.038969917301,False,False
NUTF2,3305.075372502369,False,False
AIF1L,3300.2345713542945,False,False
FUBP1,3291.9918634382566,False,False
BCL11A,3290.7535976517993,False,False
DHCR7,3283.994625789849,False,False
DIRAS2,3282.5493263290873,False,False
MCM3,3281.3497282076473,True,False
SAA2,3279.7780042770596,False,False
ATOX1,3264.4352770917408,False,False
GABBR2,3254.7590758793326,True,False
CLASP2,3250.429801368565,False,False
TLE1,3248.3602627697655,True,False
WARS,3238.309704041946,False,False
PRKAR1B,3237.512126587009,False,False
ASS1,3234.6698962838195,False,False
CNTN1,3221.46105598484,True,False
KCNQ2,3219.5724926582916,True,False
TPX2,3214.0110456942834,False,False
SMC4,3207.973605043806,False,False
LTBP1,3204.5123219104935,False,False
EID1,3189.1134255237394,False,False
SCARB2,3185.0123723157994,False,False
CCNB2,3183.6194695494264,False,False
ZWINT,3182.1800399463095,True,False
C6orf1,3181.9060624539425,False,False
ABAT,3169.419331083389,False,False
SEC61B,3168.3951086693332,False,False
PDLIM1,3167.3128559544275,True,False
GJA1,3163.1676504029665,False,False
SEPT11,3162.876354771847,False,False
TSPAN13,3158.5832901831777,True,False
DAD1,3155.901145674399,False,False
VEGFB,3153.9463775344775,True,False
TBCA,3146.7666819431283,False,False
TMEM132A,3139.781744025102,True,False
GARS,3135.9621538436795,True,False
SRSF5,3133.3063611959155,False,False
ATP5D,3130.460149648501,True,False
HOXB7,3126.8842541086206,False,False
PRKAR2B,3118.846548294557,False,False
GABBR1,3114.5093958288003,False,False
B4GALNT4,3113.5925475921445,False,False
SSBP3,3103.267580878104,False,False
CNTNAP4,3095.425820708612,False,False
NELL2,3092.7808178100618,False,False
CCNG1,3083.5204090512457,False,False
RABAC1,3073.412739514101,True,False
CCT7,3066.810756353301,True,False
LUC7L3,3060.2615239124584,False,False
CELF3,3051.9333905229782,False,False
SEZ6L2,3036.1135246423605,True,False
CCND1,3032.3248448678805,False,False
SYT13,3029.997538592951,True,False
MTRNR2L3,3029.339171386462,False,False
PDIA3,3017.775081744862,True,False
ATXN7L3B,3016.3871615749026,False,False
DHFR,3015.8981840714223,False,False
DDIT3,3009.8348741791533,True,False
ATP1A1,3004.9752270812137,True,False
TAF15,3002.9426890883256,False,False
TMED9,3001.1505819138856,False,False
DYNC1H1,3001.102399806413,False,False
CALB2,3000.974251868033,True,False
C1orf49,2996.7493710735635,False,False
ACTN1,2986.050048913336,False,False
CELSR2,2968.064571754337,False,False
RRM2,2963.2287029845247,True,False
PID1,2954.901406737552,False,False
ACTR1A,2949.699354041946,False,False
BEX4,2948.400360253126,False,False
CLSTN1,2947.2615984325844,False,False
PSMB6,2942.6106227912883,False,False
POLR2L,2941.3199615936182,False,False
PJA2,2937.174448236656,True,False
PSMB4,2937.021259370577,False,False
MAP4,2933.4380253289823,False,False
NDUFB8,2933.1141013697343,False,False
CCNL2,2931.4539629972746,False,False
CES3,2928.3269418073255,False,False
SRGAP2,2928.12432028927,False,False
WDR1,2920.9435869091485,True,False
PRDX6,2918.656024730089,False,False
TCEAL4,2913.5407229351626,False,False
LBH,2911.7136249616924,False,False
EPB41L3,2900.916711680177,True,False
CDK4,2896.0402465429106,True,False
ZIC3,2895.872348968312,False,False
C6orf99,2895.6019160923374,False,False
CCT3,2894.064302976921,False,False
BZW1,2893.897937673556,False,False
WDR34,2884.7765336351194,False,False
CDC42EP4,2873.7571524470413,False,False
MMP2,2869.3542842240704,False,False
CAPRIN1,2868.101605647963,False,False
ABR,2864.8777406773806,True,False
VDAC1,2858.0081203337195,False,False
HSBP1,2857.6194051771536,False,False
CD200,2857.5135183966736,False,False
GABARAPL2,2853.575459185177,False,False
ANP32A,2849.3186491958218,False,False
CD82,2848.796178472588,False,False
FOXM1,2845.0289279924204,False,False
NEDD8,2842.6270579125285,True,False
CDK5RAP3,2828.7882595758615,False,False
SRSF7,2819.268345042753,False,False
HP1BP3,2817.927230974605,False,False
CLTB,2809.6074655490056,False,False
SNX3,2808.7767932179995,False,False
PPP2CB,2807.8891208179803,False,False
DLGAP4,2806.3470938742093,True,False
MFGE8,2805.644164307939,False,False
CACYBP,2804.498703568797,False,False
AURKB,2804.323193632078,False,False
PGRMC1,2804.075828553298,False,False
PARK7,2803.060651989683,False,False
GINS2,2788.52113739458,True,False
NFX1,2785.950819733656,False,False
KIAA0895L,2776.119239504158,False,False
DNAJC9,2771.215054389351,False,False
DCLK2,2770.1489779655167,False,False
ZCCHC12,2767.747129808401,False,False
CENPF,2765.0752740896705,False,False
LDOC1,2761.891334334608,False,False
DDX39A,2760.227588022716,False,False
SMARCC1,2754.9403551631167,False,False
GSN,2752.719102464587,False,False
C19orf63,2742.4350610637375,True,False
NKAIN1,2742.14798389772,False,False
RAI14,2739.445892484589,False,False
COPE,2722.579610527424,True,False
GLUD1,2719.5199073428776,False,False
SPTBN1,2716.3309282006294,False,False
MIDN,2711.439129941163,False,False
UBA52,2705.6626974254605,False,False
HCFC1R1,2699.0200696032325,True,False
EPN1,2697.7904168906666,False,False
NME4,2691.5942904843782,False,False
DYNC1I2,2690.7723331087486,False,False
HPCAL1,2690.4999192172277,False,False
ADD1,2690.430187619749,False,False
BIRC5,2687.834752217192,False,False
GYPC,2687.148960532103,False,False
NUDT9,2671.5472245879682,False,False
SCAND1,2669.5777755974314,False,False
ZYX,2666.8720116012214,False,False
PDCD5,2664.7193258266952,False,False
LGALS3BP,2664.169312479676,False,False
DHX15,2664.0181979787344,False,False
KITLG,2663.741825228387,True,False
NEK6,2658.353422687768,False,False
BRI3,2654.516196528875,False,False
EIF3K,2652.832275738967,False,False
PPP1CA,2651.915229565685,True,False
KLHL35,2647.51849184651,False,False
CHMP2A,2630.9805617971488,False,False
LASP1,2626.662113328888,False,False
HNRNPF,2625.421754021476,False,False
DUSP26,2623.8268272478977,True,False
MAP4K4,2620.6351539741026,False,False
CTSB,2618.9960672281295,False,False
CDON,2610.3622318980943,True,False
WBP2,2607.699239166696,False,False
NDUFB11,2592.698539961516,False,False
PSD,2591.300943997029,False,False
NDUFA1,2590.218273802506,False,False
SSR2,2583.90151557006,False,False
NDN,2583.48311791709,False,False
ATPIF1,2579.9702458972292,False,False
C16orf45,2579.5158416581867,False,False
CELF5,2579.3365130464026,False,False
NRXN1,2575.4116640517714,True,False
HMGN3,2573.109311405879,True,False
JUN,2571.3758179714823,True,False
SSBP1,2568.8189360353726,False,False
FAM171A2,2567.362444695348,False,False
PRC1,2564.230963423635,False,False
TTC9B,2559.496638063071,True,False
PLK1,2553.381012990842,False,False
CFI,2550.3021303716187,False,False
NRARP,2540.333241895053,False,False
FAM89B,2539.48417641857,True,False
PTPRS,2535.8673549543228,False,False
TPPP3,2531.776418468026,True,False
MAGED4,2531.04371742815,False,False
CLIP3,2528.2237724298466,False,False
CEP170,2526.9802605426307,False,False
PNMA1,2525.0272236141814,False,False
GRN,2523.8231114111422,True,False
MORF4L2,2520.0871266291188,False,False
FKBP3,2520.0235419283904,True,False
MEIS3,2518.451841672808,False,False
PRRC2B,2513.3714142026647,True,False
RAD21,2499.5975085798505,False,False
CDK1,2498.9743786293293,False,False
DAB1,2489.2645710963725,True,False
KDM1A,2488.1336782988856,False,False
ANK2,2484.5430350943375,False,False
PDIA6,2483.2340072218126,False,False
KIF1B,2480.0081971342015,False,False
FGF3,2479.125650724053,False,False
MZT2B,2476.281348647226,False,False
PSMC5,2471.9584159712717,False,False
SHISA5,2456.4119750687205,True,False
EFNB2,2453.073872133909,True,False
CCT2,2450.64632006644,False,False
HRAS,2449.420801894936,True,False
SCN3B,2448.928873336959,False,False
EIF3H,2447.5130605356126,False,False
PSMB7,2443.1301704600487,True,False
HDGFRP3,2440.6694056216443,False,False
GDAP1L1,2440.4916874594987,True,False
IP6K2,2435.416306963306,False,False
CGREF1,2431.6496679399,False,False
ENTPD1,2430.4973365880624,False,False
POU3F3,2425.312250436303,False,False
FAM3C,2420.346139383093,False,False
GRIA1,2416.1483012837607,True,False
CLNS1A,2410.5412626340785,False,False
GOSR1,2409.7693566954417,False,False
GNAZ,2409.62584838404,False,False
ANXA6,2404.1939068796714,True,False
MANF,2398.7053791796793,False,False
SPINT2,2390.6798367617644,True,False
NOTCH3,2382.1380807973937,False,False
ANP32E,2373.3620157753453,False,False
SRXN1,2368.7181620854826,False,False
MAP7D1,2366.971437877671,False,False
RAB5C,2366.414340417705,False,False
TAC3,2363.8634767080744,False,False
ACADVL,2361.468330729551,True,False
KIAA1598,2360.420504221497,False,False
LAPTM4A,2358.7652234439884,False,False
CD9,2353.497345197155,False,False
RNASEH2A,2350.521875288042,False,False
TMED10,2349.190778941058,False,False
BANF1,2347.7416974237053,False,False
VCP,2344.7714705033277,False,False
G3BP1,2341.646433624592,False,False
ATP6V0A1,2340.5229783953864,False,False
MCM5,2339.618340587898,False,False
ARHGAP33,2336.834681229603,True,False
LBR,2335.734955649133,False,False
EZH2,2335.125465337872,False,False
BZW2,2330.3883487062967,False,False
AKAP12,2327.1168727497634,False,False
SLIT1,2325.604449118621,False,False
NDUFB9,2323.864078892515,False,False
XBP1,2323.061465316817,True,False
DNAJA4,2319.189117587231,True,False
KIFC2,2316.5134167994293,True,False
TRAPPC1,2316.5100985904946,True,False
MMP24,2312.4011546806096,False,False
AGAP2,2300.731546349908,True,False
TSPAN3,2292.7120270233127,False,False
SIVA1,2290.491788094653,False,False
CPXM1,2283.5991491554664,False,False
CAPNS1,2281.5014146518347,False,False
IER2,2279.1586412932356,False,False
PHPT1,2277.5237498684073,False,False
CLIC4,2276.3311031740186,False,False
PAIP2,2276.1752054982394,False,False
MAPRE2,2273.257149068323,False,False
MRPL23,2273.0663737212103,False,False
MCM4,2271.9750128908304,True,False
SARNP,2271.1270073879123,False,False
ZNF480,2258.2892292902175,False,False
MAD2L1,2251.7594696102515,False,False
LAMP5,2251.1076728708285,False,False
B3GNT1,2249.566773293095,False,False
ACIN1,2243.943645394252,False,False
C9orf16,2241.443982361301,False,False
FEN1,2236.6154939935195,True,False
SHC1,2234.338874407832,False,False
QARS,2233.6524561111696,False,False
TIMELESS,2232.832071050754,False,False
TOX3,2227.995377649694,False,False
CAMK2N2,2225.9166312851644,True,False
SDCBP,2223.3265755933376,False,False
ISLR,2216.1510095214703,False,False
ASAH1,2215.2609504468305,False,False
SNRNP200,2208.0872531804516,False,False
PPP1CC,2207.683465504556,False,False
MFAP4,2206.748238093484,True,False
VCAN,2205.0936967008224,False,False
JAM3,2201.6575054456025,False,False
FNDC4,2174.4273181627304,False,False
SUPT16H,2172.5295751792587,False,False
TMEM123,2172.475171075318,False,False
AHCY,2170.3603245604804,False,False
ATP6V0E1,2167.85547991309,False,False
IDH1,2165.4763214654176,False,False
LPAR2,2165.061218128224,False,False
HNRNPUL1,2164.753463543531,False,False
LRP1,2160.9221784187807,True,False
AP2S1,2159.054149669556,True,False
MYBL2,2158.529702027699,True,False
SMARCD1,2156.0560211390675,False,False
SLC6A8,2150.0195803821453,False,False
HS6ST3,2145.760442905686,False,False
TCP1,2145.277945381385,False,False
ITGB8,2143.0090416043795,False,False
PTPRA,2139.3042863459314,False,False
HMGB3,2130.6544932992947,True,False
ARF3,2127.3393711858557,True,False
NRSN2,2126.7612758793325,False,False
GHITM,2117.5784988554346,False,False
DCC,2104.994498410359,True,False
GLO1,2100.950341414301,False,False
EIF4H,2100.314847336562,False,False
MAT2B,2098.3049690101884,False,False
EPHB2,2093.3752582008633,False,False
KIFC1,2093.257783519318,False,False
C1QL1,2091.994609479945,False,False
PRRC2A,2088.716504100432,False,False
IPO5,2086.5160941835984,False,False
MRC2,2075.8337742967096,False,False
SRSF10,2073.5458377092327,False,False
PARP6,2070.330519449416,False,False
CD44,2064.49948175188,False,False
RBM39,2061.1040607432365,False,False
ACTL6A,2059.304319517259,True,False
BAG6,2056.917128460306,False,False
DUSP1,2051.7448492028398,False,False
DTX3,2047.9549061000575,False,False
BEX5,2045.0955843942634,True,False
SEZ6,2044.318666217497,True,False
SNRPE,2039.9693067527576,False,False
IGLON5,2039.6675962972708,True,False
PTTG1IP,2039.6401960837982,False,False
EIF4EBP1,2037.8023083482474,True,False
ATP13A2,2034.481871266566,False,False
NCAPD2,2032.2854873945791,True,False
SNRPA,2031.649857821291,False,False
DYX1C1,2030.6184850381912,False,False
NUDC,2030.1940868565114,False,False
IER5,2027.709843336141,False,False
NRG1,2027.2598590828277,False,False
ARPC3,2025.426776208022,True,False
ADM,2016.9098437706893,True,False
MYH10,2016.746731892246,False,False
MYL6B,2013.8985281357104,True,False
FAM111B,2010.343519776936,False,False
GPSM1,2009.0539535208386,False,False
CLTC,2006.2072522160224,False,False
C14orf2,2002.1262243019737,False,False
IGSF3,2000.0471820852488,True,False
GABARAPL1,1999.7040766074792,False,False
PNPLA4,1999.4966298253619,False,False
PRPF8,1996.7186423249232,False,False
WHSC1,1990.3959138342047,False,False
TBCB,1988.7591430519003,False,False
GANAB,1983.946466423951,False,False
EFS,1983.570280534793,False,False
RCAN1,1983.3356744809396,True,False
PATE4,1981.1017706969158,False,False
MID1,1979.2097218286135,False,False
SLC25A5,1974.9172230088548,False,False
SOX1,1974.6164246651692,False,False
PDXP,1970.4273120591638,False,False
CCDC148,1966.8576662765672,False,False
RCAN2,1964.8777866822238,False,False
ZMIZ1,1964.5192195786692,False,False
CTBP1,1962.5463166859672,False,False
CBLB,1958.1535704506907,False,False
PLOD1,1953.6413370559474,False,False
DCTN2,1951.960471333825,False,False
RHBDD2,1949.08695578248,False,False
C17orf49,1948.879626976524,False,False
FLNC,1944.8916463797357,True,False
THY1,1942.2118684539894,True,False
GMNN,1931.5008911844523,False,False
NDUFS7,1931.1249463762265,False,False
ZNF207,1927.2388955866697,False,False
IGF2BP1,1926.1281349855542,False,False
NDUFV1,1924.8232292972357,False,False
FAM168A,1924.4654519189155,False,False
SARS,1924.4292027845033,True,False
KIF22,1922.9077424781558,False,False
GBP4,1920.1492208495636,False,False
SPOCK1,1915.4245563533,True,False
DRAP1,1911.03797035068,False,False
USF2,1909.045443294031,False,False
CNBP,1899.311371278848,False,False
SYNCRIP,1899.206931083389,False,False
PRODH,1898.909136166965,False,False
NDUFA4L2,1891.8343017259126,True,False
PKD1,1888.572111039174,False,False
TUB,1888.2630903212034,False,False
ACP1,1883.146710122118,False,False
ENSA,1881.0941324887997,False,False
MEX3A,1880.6699474470997,False,False
KIAA0101,1878.3991763109564,False,False
GADD45GIP1,1877.032252262811,False,False
SSB,1876.312825839562,False,False
PSMC3,1875.740109653648,False,False
SIX2,1874.6276756500683,False,False
SKOR1,1872.8255145009416,False,False
CYTH2,1871.3819737422652,True,False
FADS1,1862.4707548402753,False,False
ATP5G1,1861.7778772976103,False,False
FAM115C,1856.9714859558321,False,False
EIF3A,1854.6846048525576,False,False
SRRT,1854.594162317086,True,False
SEZ6L,1851.5554907282635,False,False
DEAF1,1845.6333040951681,True,False
SF3B5,1838.5864904212137,False,False
OSTC,1834.9840823150973,False,False
EIF6,1828.4307082757248,False,False
PPP3CB,1826.077565827982,False,False
CCT8,1825.0955933495927,False,False
SLC25A1,1821.02333414336,False,False
ADAM9,1820.0188283146765,False,False
AP1S1,1810.3905401597826,False,False
ATCAY,1809.5333959627328,False,False
DTYMK,1807.832686910318,False,False
CYR61,1806.4879177784796,True,False
EDIL3,1806.1144374472167,False,False
GOLM1,1804.9094515732652,False,False
AGAP3,1804.6779709232553,False,False
BUB3,1801.7923582230878,False,False
SPON2,1801.583129469184,False,False
AZIN1,1801.2238665923899,False,False
SLC35E2B,1799.2543607537639,False,False
RUNDC3A,1798.8933931361196,False,False
IRX1,1798.348114159385,False,False
TRA2B,1795.165505642114,False,False
LOXL1,1791.8858867091274,False,False
IGFBP4,1786.9418274110728,True,False
RUSC1,1786.8897603233088,False,False
SERBP1,1785.687236836626,False,False
LENG8,1779.692909958358,False,False
CARHSP1,1778.4406488010432,False,False
WDR82,1768.1450530699137,False,False
TMEM151B,1765.541147507925,False,False
WDR83OS,1761.320849629201,False,False
BLOC1S1,1760.7419090249264,False,False
KLHDC8A,1759.6305484787872,False,False
NDUFS8,1759.3723590880913,False,False
TMEFF1,1758.2266156016422,False,False
UQCRC1,1756.9352295656852,False,False
TNPO2,1756.2083346346399,False,False
CAMK2N1,1744.6371337292817,False,False
EIF3G,1743.7411184645168,False,False
JPH4,1739.6983576639648,False,False
ITFG1,1737.5288268425913,False,False
PRKDC,1735.1406181679943,False,False
CTDNEP1,1734.3019551508346,False,False
HILPDA,1730.403454626218,False,False
HAUS1,1729.7981533892457,False,False
SYT4,1724.502397625481,True,False
AURKAIP1,1720.0656644097044,False,False
ATP6V1G2,1719.6780399199918,False,False
SON,1719.3740028102372,False,False
CHMP2B,1717.8088828467326,False,False
CKAP5,1715.7527545314713,False,False
SCOC,1715.646265185809,False,False
PLCG1,1706.285931139535,False,False
GSG1,1704.403968633541,False,False
PITHD1,1702.525826808085,False,False
SESN2,1702.3425748985273,True,False
CALU,1701.1688434993155,False,False
MRFAP1L1,1700.8832296639412,False,False
PTPRF,1699.9319817717655,False,False
MGAT4B,1693.0621818904915,False,False
TRIM8,1692.096158185072,False,False
SMS,1690.172552161046,False,False
DYNLT1,1690.032693514522,False,False
SYNGR3,1687.3780022160224,True,False
ALG1L,1687.0486583429843,False,False
SGK1,1685.2931072089461,True,False
EPB41L1,1684.7999862892002,True,False
PNRC2,1683.6361536419038,True,False
UBE2D3,1682.6429670702178,False,False
S100A16,1682.0744604063586,False,False
IFI27L2,1678.4153275953024,False,False
PACS1,1677.5214564650078,False,False
SERF2,1676.3665478734601,False,False
COX5A,1674.2158337626183,False,False
EIF4G1,1674.100648492239,False,False
CHMP4B,1672.4307613485628,False,False
ISG15,1671.9679749073,False,False
C11orf95,1667.8684175363487,False,False
NOP56,1667.2722699278286,False,False
CDCA5,1665.3397018241687,False,False
CORO2B,1662.9096771005134,False,False
EFNB3,1661.6945294569018,False,False
BTBD3,1658.8868965201016,False,False
NRCAM,1658.3388880139428,False,False
NOP10,1656.9921799557849,False,False
SCG3,1655.3804889824657,False,False
BCAP31,1654.7424355856172,False,False
DBNDD1,1653.5423353575231,True,False
TNFRSF10B,1652.1894529435847,False,False
C2orf91,1649.8172045320562,False,False
FAM213A,1645.1108276567122,False,False
NFIX,1641.9953204389938,True,False
PFDN2,1641.2550993063596,True,False
TMOD2,1639.0839509802204,False,False
ZKSCAN3,1636.2576756740477,False,False
CDK2,1633.8023870682293,True,False
WDR6,1630.414161107602,True,False
ERP29,1624.7815034477314,True,False
MRPS21,1624.323787694611,False,False
CCT6A,1622.3696507731806,False,False
FGFR1,1621.3599706916516,False,False
MARS,1619.627949808167,True,False
LINGO1,1619.2156892912706,False,False
TRIM2,1618.9378153255898,False,False
COMMD4,1617.725982387035,True,False
PPP2R5B,1616.1540685224174,True,False
DCTN3,1615.960080707911,False,False
ARHGDIG,1615.5772914669378,True,False
CCT4,1615.4374777233863,False,False
CHST11,1613.3771865348401,False,False
SCHIP1,1612.4876468096058,False,False
SEPT9,1606.284077311062,False,False
SOX3,1601.3316017873224,False,False
SF3A2,1596.934456584319,False,False
ST13,1596.2564981746618,False,False
DTX4,1594.1587724631834,False,False
DNAJC5,1591.3175441882772,False,False
HOXB4,1590.0810523101852,False,False
MUSTN1,1587.845040163292,False,False
ACO2,1587.7247014118445,False,False
CSRP1,1586.574361846276,True,False
CDC25B,1585.142114858874,True,False
FKBP10,1584.124704989414,False,False
EMP3,1582.3267572545647,True,False
POU3F4,1578.286098464166,False,False
ARL2,1575.8636447468155,False,False
LSM4,1574.919230866407,False,False
NKAIN4,1574.2687488630384,False,False
PGLS,1574.0613142956568,False,False
EIF3M,1572.7239092536058,False,False
SSR4,1571.9114529769213,False,False
ZFP36L1,1571.6581217911828,False,False
HDLBP,1569.9236010790607,False,False
KCNIP1,1568.3532700915887,False,False
P4HA1,1568.181625696857,True,False
RSL24D1,1566.9548820770603,True,False
CCDC28B,1563.6993546531212,False,False
FBXL19,1563.3957254266531,False,False
LIMCH1,1561.6918406475536,True,False
PNN,1561.5069516609935,False,False
CTNND2,1559.196269476904,True,False
LDB1,1559.013922677241,False,False
TAF7,1555.997925218444,False,False
FIS1,1555.6898899580074,False,False
MDFI,1553.5754636657662,False,False
NEUROG2,1553.4450034951046,True,False
SPIN1,1553.338341063387,False,False
INSIG1,1546.7701456550983,False,False
CSDA,1540.4936378455043,False,False
ATP5H,1537.3628716122166,False,False
SEPT6,1536.2417612269128,False,False
ID4,1531.6092408072193,True,False
SLC39A7,1528.0103289609433,False,False
UBA2,1526.1644234036332,True,False
MAGEH1,1525.89789609725,False,False
U2AF2,1522.7162572323402,False,False
RORA,1521.3687263741215,False,False
PLEKHJ1,1519.6809161344468,False,False
DTD1,1519.1532662695488,False,False
SAT1,1516.780935766338,True,False
GADD45A,1513.526120752477,True,False
WSCD1,1509.030168144015,False,False
CCDC167,1508.7987955784818,False,False
CABP5,1507.3746452708463,False,False
SLC1A5,1506.9456030646497,True,False
DDX11,1506.4559267688996,False,False
DPYSL4,1505.4593775724932,False,False
HSDL1,1505.4370584880282,False,False
MAPK10,1494.7878131855987,False,False
CCNA2,1493.992559240739,False,False
SLC1A4,1493.6623814693944,True,False
SH3RF1,1493.0630169333615,False,False
SLA,1491.7154449637974,True,False
XPO1,1491.112973073774,True,False
NPTX2,1490.7380660467186,True,False
CDO1,1490.595003268765,True,False
NLGN2,1489.4532959709209,False,False
VDAC2,1489.2958156016423,False,False
PSMC1,1488.7934670386355,False,False
PHLDA3,1488.020204712192,True,False
GPR162,1487.9894271005135,True,False
NHP2,1486.855616406405,False,False
CBX2,1485.412423759811,False,False
COX6C,1484.727157907265,False,False
PLA2G16,1484.672239452691,False,False
CMIP,1484.090251152168,True,False
MRPL20,1482.3173501871543,False,False
C19orf48,1479.5922587950777,False,False
FAM219A,1477.1133885724812,False,False
ATXN10,1474.1918292902176,False,False
C1orf216,1471.8182809044224,True,False
NMNAT2,1468.1676210156625,False,False
SNRPD1,1466.9769628639274,False,False
CAP1,1463.7074759968887,True,False
CBS,1462.6685022101742,True,False
ATP2A2,1462.48730361617,False,False
CORO1C,1460.7751522505293,False,False
ELAVL4,1459.85997817782,False,False
TSPYL4,1458.8195327981894,False,False
ROGDI,1457.1053855101707,True,False
RUSC2,1454.0514077271293,False,False
WRB,1452.7602721391727,False,False
EPHA5,1452.6190931214983,False,False
GSK3A,1450.9679793761914,False,False
VSTM2A,1449.1443512369724,False,False
DIRAS1,1445.498559647799,True,False
PLEKHO1,1438.546392236025,False,False
PSMD2,1438.3297064088615,False,False
DCTN1,1434.135963727176,False,False
GOLGA8A,1433.895349044929,False,False
CLEC4E,1432.0364615550168,False,False
ESRRB,1429.9182862102446,False,False
RFTN1,1429.3938225918516,True,False
TMEM106C,1428.6449969447078,False,False
NR2F2,1428.440384529366,False,False
PHF10,1426.7909544893612,False,False
S100A6,1421.2511208969368,True,False
GNG4,1416.9335097285093,False,False
OLFML3,1415.83147578634,True,False
LUC7L,1411.5536190803712,False,False
MDH2,1410.5658448941995,False,False
USP11,1409.9166579827115,False,False
CNTNAP2,1408.2158243183492,False,False
MZT2A,1405.1983540068545,False,False
PRPF19,1403.5374786445357,False,False
EBF2,1402.0337087903993,False,False
NHP2L1,1398.121098478787,False,False
MAPRE1,1394.3330434548666,False,False
RCOR2,1392.5614378595408,False,False
NAP1L3,1391.7289726053034,False,False
UBE2T,1388.3702413142905,False,False
POTEM,1388.1243922336857,False,False
SAMD14,1385.8610066299377,False,False
RAC1,1381.1228529856944,False,False
PRKAR1A,1379.953869301447,False,False
BRD2,1375.2476379460995,False,False
NUDT1,1374.7802423810695,False,False
FAM96B,1374.2189635850557,False,False
POLR2G,1371.6017367331065,False,False
ASPH,1371.3291742528452,False,False
POU2AF1,1370.6751860997067,False,False
MTHFD2,1370.2434331309728,True,False
SIAH3,1366.0557338275373,True,False
EBP,1364.7463308611432,False,False
ISYNA1,1361.8643119041772,False,False
FAM127B,1361.4889148167642,False,False
NEU1,1360.1455396410147,False,False
SRSF11,1352.7972535032927,False,False
SLC32A1,1352.2331637184031,False,False
PVRL3,1350.7880749371277,False,False
DOC2B,1348.9411032716896,False,False
PREX1,1347.9022327666069,True,False
SOX12,1347.565633964394,False,False
PEG3,1346.3899106063795,False,False
SLC16A3,1337.6344403247126,True,False
GPRIN1,1335.7794840772713,False,False
C18orf32,1334.8972703916202,False,False
SRI,1334.780745304184,False,False
PLXNB2,1332.6816126217966,True,False
ZNF80,1330.8842529582066,False,False
JAG1,1329.7206748763028,False,False
FAM125B,1327.443062556877,False,False
POLR2A,1323.7085608409072,False,False
C17orf89,1320.0778203296254,True,False
ERGIC3,1317.6017390093693,False,False
PTRF,1317.3341867260879,False,False
ADD2,1315.899112737598,False,False
MMP15,1315.617333457323,False,False
CTSL1,1313.1495802324223,False,False
PNISR,1312.4507105987766,False,False
TPM3,1311.456469534805,False,False
OAT,1308.9065516066019,False,False
PCDH18,1308.370226992315,False,False
NIPSNAP1,1307.728662643436,False,False
TRIO,1307.1236445310035,True,False
FAM60A,1305.7704671819254,False,False
MRPL41,1301.7392286445356,False,False
ACTR2,1301.479301475009,False,False
C14orf1,1301.0003432179997,False,False
NDRG1,1300.434104631482,True,False
PSMB5,1299.7405784427601,False,False
FAM115A,1299.153442451837,False,False
RASA4,1298.2572672965573,False,False
DNAJB5,1297.97461653098,False,False
ARL4C,1297.9608885876876,False,False
CHGB,1297.8513657484414,False,False
TIA1,1296.1684185048719,False,False
MCM6,1291.895853710917,True,False
SNAP91,1291.4572158098513,True,False
PLS3,1289.8139523370883,True,False
CHM,1289.4936331245392,False,False
MAP2K2,1289.218043078219,False,False
TRIM24,1285.5202782029687,False,False
CHP2,1280.480586627832,False,False
CYP51A1,1279.8416322817607,False,False
MLF1IP,1277.9867829151608,False,False
PSMA3,1274.3457358932521,False,False
PTPN5,1272.2079607748185,False,False
ATP2C1,1266.875862479676,False,False
ARPC4,1266.6131438724544,False,False
PIK3R3,1265.4897685329452,True,False
PRKCZ,1264.4659030523683,True,False
VAT1L,1260.91011747026,False,False
AKT1,1259.6447717075484,False,False
C1orf122,1259.244459964207,True,False
NUDT21,1258.996612385514,False,False
NCDN,1258.5251635119487,False,False
YPEL3,1254.738619117802,False,False
PDIA4,1254.0218687978854,False,False
C14orf132,1250.4935068796717,False,False
MNF1,1246.3469619778691,False,False
RPN2,1245.8987915739667,False,False
KLHL5,1244.5212683066054,False,False
CASP3,1242.5221718175014,False,False
DPF1,1241.4038122586003,False,False
C11orf84,1240.3953232971892,False,False
STOML2,1239.0634462838193,False,False
CPNE1,1238.9235373618276,False,False
SNRPC,1238.8343398790514,False,False
MBD3,1238.3363296183222,False,False
NAE1,1238.1355893772443,False,False
SIRT2,1237.5217221070054,False,False
SYN1,1237.3517185809033,True,False
MAST1,1236.2330558210806,False,False
CNN2,1233.9502684732895,True,False
TNPO1,1233.3107979413037,False,False
TESC,1229.7954012685548,True,False
ANAPC11,1229.0470792504473,False,False
ALPK1,1227.6836237317382,False,False
MYCN,1225.3535699436197,False,False
MARCH6,1224.0517769291503,False,False
ACAA2,1223.6484020171715,False,False
CHD7,1223.0941422044425,False,False
GIT1,1222.1084360458997,False,False
NXF1,1220.793253476974,False,False
KIAA1199,1220.6750737598106,True,False
HTRA1,1219.9355331298032,True,False
CSE1L,1218.1146835035267,False,False
DACH1,1217.9850907159819,False,False
INPP5F,1217.1463752073319,False,False
PJA1,1215.662817927618,True,False
TMEM160,1215.6604845820027,True,False
CCDC23,1215.4109111748605,False,False
ACTR3,1215.1508977904107,False,False
SAT2,1214.0941848194548,False,False
SLC38A2,1212.1597486378685,False,False
ZNF562,1210.4808117252105,False,False
AEBP1,1207.9036206390147,True,False
ITPK1,1206.4369992186312,False,False
SCARA3,1206.2028539524626,True,False
IER3,1206.1398461101169,False,False
ZNF423,1205.0578817325797,False,False
NDUFB10,1202.9482656168484,False,False
PRDX3,1201.7702704284661,False,False
SLITRK5,1201.116171103391,False,False
RPN1,1199.927388985975,False,False
WFDC2,1197.3754497292111,True,False
GRIK5,1196.8378299095812,True,False
C7orf41,1195.7699898123778,False,False
ID3,1194.8369810553154,False,False
ITPR1,1194.296241235335,False,False
PTX3,1193.2616307453416,False,False
MXRA7,1193.0516718420652,False,False
SOGA3,1190.2303117433414,False,False
NPTXR,1189.844779509539,False,False
SEPHS1,1183.6070654647858,False,False
IARS,1180.5143862418267,True,False
MRPL33,1180.3535372471956,False,False
RBM6,1179.782497004363,False,False
AHSA1,1179.5114702506696,False,False
TARDBP,1179.4796274812556,False,False
MARCH4,1177.6486040477946,False,False
ARC,1175.8505363933045,False,False
STX12,1174.9828170362962,False,False
GAD2,1173.931093044297,True,False
FLOT1,1172.7576380882197,False,False
SEMA6B,1170.1298258652957,False,False
ZNF219,1167.7989276514486,False,False
UNC119,1167.2690793767765,False,False
MAGOH,1165.0927563579792,False,False
DLGAP5,1164.6472668280871,False,False
CSNK2B,1162.5896472102327,False,False
TSPAN18,1162.0113153273444,False,False
TOR1AIP2,1159.727400884304,False,False
CCDC124,1159.5678486747142,False,False
UQCRC2,1157.5544740499,False,False
ATF7IP,1156.7488932571848,False,False
NFE2L1,1156.487597625481,False,False
CCDC56,1155.1992137113848,False,False
NDUFB4,1152.2043064281618,True,False
PPP1R9B,1151.6271465323834,False,False
PCMT1,1151.0962502275095,False,False
ARL6IP5,1150.46375083693,False,False
RNF130,1149.7703898404511,False,False
LAMC1,1149.6663503158227,False,False
ADRM1,1149.6456089114645,False,False
CHCHD6,1148.881164948942,False,False
CDH11,1148.3692224000188,False,False
PSMD8,1145.6759141272182,False,False
SLC6A1,1144.9888757442302,True,False
PPP2R2C,1144.059719538314,True,False
ATXN7L3,1143.2487692417913,False,False
SEC11A,1143.1415709823254,False,False
PPP1CB,1140.5849820612693,False,False
NOVA2,1140.2293984208864,False,False
PINK1,1138.14702919898,False,False
CUEDC2,1137.4800002643553,False,False
ACAP3,1137.354174249921,False,False
FANCI,1136.3435461656782,True,False
TRIM4,1136.0511106250951,False,False
SNCG,1135.585794551473,False,False
CCT5,1135.397016432724,True,False
DIRC1,1132.959282519213,False,False
ADH4,1131.290755684809,False,False
PLEKHA5,1130.9062742025474,False,False
GBX2,1126.5952651062685,False,False
CTIF,1125.2071481840194,False,False
GLRX3,1125.1110480851785,True,False
TXNIP,1122.512814359406,False,False
CCDC80,1122.1117638675416,False,False
PSENEN,1121.2501668766304,False,False
TMEM2,1119.1839467154437,False,False
AGPAT1,1117.5724698629097,False,False
ZIC2,1114.633463518382,False,False
GTF3C6,1113.368103384567,False,False
PIK3R2,1112.5233224438828,False,False
PRSS23,1111.8288184048613,False,False
MDGA1,1111.0525958785136,True,False
CHGA,1110.088692325508,False,False
RAB1A,1108.0305596010107,False,False
R3HDM4,1107.2738826782938,False,False
DARS,1106.1035336959446,False,False
TOMM6,1105.0137105011054,False,False
PNMA2,1104.2412216683626,False,False
SEMA3F,1104.0477294621658,False,False
ASIC1,1103.7521215174697,False,False
PALLD,1103.1066297744792,False,False
SNRPD3,1102.546317364401,False,False
RAB31,1100.4604647957094,True,False
C15orf59,1100.1706919371627,True,False
PTGER3,1098.986619534805,False,False
TNFRSF10D,1098.694425476366,False,False
ODZ2,1098.5115779391983,False,False
TFDP1,1097.3884879437599,True,False
SUMO1,1096.909548778819,False,False
ELAVL2,1096.1980080739493,False,False
FAT1,1095.7603713443523,False,False
DGCR6,1094.1361804242551,False,False
ATP6V1G1,1093.5125004556035,False,False
EZR,1093.4082790287866,False,False
RAP1GAP,1092.114906772058,True,False
HOXC4,1092.0063817086009,False,False
PAM,1089.2442650647438,False,False
NECAP1,1088.7255164333087,False,False
AK1,1088.3650465780022,False,False
LAMP2,1087.7366584535214,False,False
APBA2,1087.2602329087274,False,False
TCEAL7,1086.9013725684574,True,False
STRN4,1084.921523591957,False,False
C11orf31,1084.6721906194805,False,False
ATP5C1,1081.8787930706155,False,False
MSH6,1080.1404351013557,False,False
BAZ1B,1080.0394035372144,False,False
PPA1,1080.0023450942206,False,False
PRKCSH,1079.9824667649225,False,False
B3GAT1,1079.4604413142904,False,False
CPNE2,1077.9481625855353,True,False
GRIN1,1076.9390756336925,True,False
PLK2,1075.9954271005133,True,False
LSM3,1075.4195280093809,False,False
SYNGR1,1075.1204828204138,True,False
SPAG5,1074.8826763776303,False,False
RNF11,1074.834593253091,False,False
CACFD1,1073.4244061456761,False,False
ESD,1072.0196932337908,False,False
ADH5,1071.595980695629,False,False
MKRN1,1070.6047780497363,False,False
GFRA1,1070.5489600057317,False,False
TH1L,1068.0823142833747,False,False
RBBP7,1067.669332276497,False,False
DDX1,1066.3972232773042,False,False
MTSS1,1065.51658077283,False,False
BAI2,1063.9270663835957,False,False
ENTPD6,1063.9111570878806,False,False
NME1-NME2,1062.0759834719443,False,False
ZNF365,1061.6124698225542,False,False
NUCB1,1061.2014660701127,False,False
DAZAP2,1061.0876803850697,False,False
EIF5,1060.6558175439518,False,False
TP53I3,1060.2857142114372,False,False
CERS1,1060.0531619375138,True,False
BCL2L2-PABPN1,1058.6492459375843,True,False
NAT14,1056.5509749423918,False,False
ATP1B3,1055.4160007632381,True,False
EIF4A3,1053.4000638921057,False,False
ASF1B,1052.2335994315192,False,False
WASF1,1052.1376273502474,False,False
CETN2,1050.8022322536876,False,False
PPP1R18,1050.432549784188,False,False
RSRC2,1049.6324753740162,False,False
ENOPH1,1048.9800434759215,True,False
MAPK8IP2,1048.5549304605163,False,False
CTNNA2,1047.576127246143,False,False
NYAP1,1046.0012711841014,False,False
UBXN1,1045.605922843925,False,False
MOXD1,1043.6281588284148,False,False
LPL,1042.7411222444468,True,False
SGTA,1041.3584961340962,False,False
MFAP2,1038.5491674187926,False,False
CLK1,1038.161021450796,False,False
ELMOD1,1038.0734994677803,False,False
ITGA11,1036.619188450831,False,False
NUDT3,1036.4275624287936,False,False
VDAC3,1035.0217148167644,False,False
TGFBR1,1034.747127716368,False,False
SLC9A3R2,1033.505542138939,True,False
MCL1,1033.486104724474,False,False
C19orf6,1031.5147052490906,False,False
PPP4R1,1031.4218396351662,True,False
MRPS34,1030.766985292604,False,False
RNPS1,1029.6142457521844,False,False
EDNRB,1029.2740319589195,False,False
CARS,1028.962498536688,True,False
QKI,1028.7239792147711,False,False
TMEM241,1026.767761974945,False,False
SLC2A1,1026.6475088167174,False,False
CAV1,1026.6460261197087,True,False
C19orf10,1026.4038354984737,False,False
SAFB,1026.3595865699315,False,False
RACGAP1,1025.3302729316536,False,False
EIF1B,1024.7713344352037,True,False
SEPN1,1024.104967466166,False,False
SBDS,1022.3922363523645,False,False
MTA2,1021.5058606432257,False,False
HSPA4,1021.1305641909676,False,False
FAM50A,1020.505040282603,True,False
RRAGA,1020.2311196453427,False,False
MAPK8,1019.8080361564375,False,False
ASMT,1019.2448197400894,False,False
PTPLAD1,1017.1141264302676,False,False
LOXL2,1017.0476023540489,False,False
IMPDH2,1015.7807780497363,False,False
MEIS2,1014.4395398211507,True,False
ACHE,1013.9701236791007,True,False
OSCAR,1011.808009247757,False,False
PPM1G,1009.3883696839434,False,False
CAMK2B,1007.9507110011581,False,False
RAP2A,1006.7388966680703,False,False
CFDP1,1006.5449227316326,False,False
GLUL,1003.7096204699908,False,False
PSMA6,1003.1733247476343,False,False
TOP1,1003.0775734053876,False,False
LRFN4,1002.4447291340608,True,False
RCC1,1001.4366696032331,False,False
PRDX4,999.2388035003685,False,False
PA2G4,998.8840872700051,False,False
TMED2,997.7922244984852,False,False
CSNK1G2,997.3974672450902,True,False
NDUFAB1,995.6443856458575,False,False
NCKAP1,995.2700900989577,False,False
STAT3,994.8641695295411,False,False
EPB49,994.804842088641,False,False
PCDH10,994.4867602747657,False,False
ATP6V1B2,993.8709796920143,False,False
SMARCA5,992.4378641541215,False,False
ARHGAP35,991.1942063053423,False,False
CRABP2,990.5760936496239,True,False
THSD7A,990.1832821957867,False,False
DCAF7,989.489264065808,False,False
LMTK3,989.0152801821243,False,False
ECHS1,988.6765282409845,True,False
UBE2H,987.5929734053876,False,False
SURF4,986.1537127112797,False,False
VPS26B,983.114250976711,False,False
ABLIM3,983.1056583599443,False,False
PBK,982.5923218654594,False,False
OR11A1,982.1370130540053,False,False
COL11A1,981.784517217017,False,False
DNMT1,979.9898240844067,False,False
FGF13,979.937056649238,False,False
BTBD2,978.8429648079914,True,False
ILK,977.7741362418267,False,False
SLC17A8,977.7681525803885,False,False
KIF3B,977.1442349539718,True,False
TM2D3,976.3520991449393,False,False
TALDO1,973.3934520083986,True,False
KIF2C,973.0673679662186,False,False
TBC1D14,972.2111514504451,False,False
E2F1,971.6371334204769,False,False
MAD2L2,971.0105413201389,False,False
EPHB1,970.5776306517644,False,False
CKAP2,969.4333649910517,False,False
SUGP2,968.907011267268,False,False
CAPZB,967.2785677281819,False,False
KIF11,967.2057634277293,False,False
ARID1A,967.045091977518,False,False
MDH1,966.8830892515001,False,False
WDR47,966.1080799358997,False,False
SMN1,965.0965925073984,False,False
CAPN2,964.8521914476378,True,False
NXN,963.6535854089905,False,False
ELOVL5,960.037740236984,False,False
C17orf79,959.9210396772761,True,False
SOX9,959.6207222491257,False,False
BTG1,958.1913543086407,False,False
DKK1,957.8369924670433,False,False
PYGB,956.8320538635645,False,False
C9orf86,956.7062909124936,False,False
RNF5,955.9771710963727,False,False
FBXO41,955.4247826695209,False,False
CDK5R2,954.4233275128375,False,False
DAG1,953.4560027979554,False,False
NUMA1,953.2397951199542,False,False
OCIAD1,952.7661054947305,False,False
SMAP2,952.6386008187995,False,False
LFNG,952.58005406651,False,False
SF3A3,952.4519678966208,False,False
UTS2D,951.3738404305711,False,False
ATP6V1A,950.7856579429416,False,False
SDC1,950.7817001158016,False,False
CYHR1,948.2545822414056,False,False
AKR1B1,947.5750717601852,False,False
DNAJC6,946.6895250447417,False,False
ARL6IP4,946.3706725298571,False,False
RUNX1T1,945.1683056795453,True,False
PSMD11,944.1232183177176,False,False
TPP1,943.5975186259373,False,False
TPGS2,941.8728618146939,False,False
LAMB1,941.394250281901,True,False
RTN2,940.7177311395352,True,False
PPP2CA,940.3487131487526,False,False
HDAC2,939.5158347521962,False,False
SEMA5B,939.4977049753775,False,False
PPT1,937.958119448831,False,False
CCNB1IP1,936.2676142517927,False,False
TRIM9,935.3265412335801,False,False
DNM1,933.6548997204384,True,False
TRIB3,933.3489730106095,True,False
CRB2,933.2364747236551,False,False
IL15,932.5081828309416,False,False
RBM5,931.0084127849715,False,False
CTTN,929.696844046742,False,False
XKR9,929.6697934993157,False,False
DPP6,927.5532110023277,True,False
INPPL1,927.0066718859294,False,False
ATP6V1E1,925.4878527540911,False,False
MTRNR2L6,925.2657042214969,False,False
UPK3B,924.1202804926834,False,False
HM13,923.9048590073809,False,False
REPIN1,923.9037945988467,False,False
C7orf50,923.7233147676363,False,False
SEMA6C,922.4059989683124,True,False
LIG1,922.1184742159994,True,False
KRTCAP2,921.5528522189471,False,False
USP1,921.074714114936,False,False
G3BP2,920.6445777339136,False,False
ENPP2,920.566547936625,False,False
ATP2B4,919.9319558368717,False,False
PLEKHB2,919.516687008574,False,False
VPS72,918.8056284293085,False,False
FAM134A,918.535870560059,False,False
DBC1,918.1203939531646,True,False
NPB,917.8007551373831,True,False
CELF4,917.3436756968568,False,False
FSTL5,916.3004013241159,False,False
ZNF358,915.3389675123699,False,False
RAB2A,914.1235919781029,False,False
AP5Z1,912.7501773449835,False,False
SETMAR,912.6928987472367,False,False
SLC25A29,912.4912623182556,False,False
GTSE1,910.6143135113638,False,False
UQCR10,910.0485676854873,False,False
PACS2,909.9360095220547,False,False
OAZ2,909.9255498099216,True,False
EIF3D,907.8014932992946,False,False
DDX24,906.2892376302767,False,False
PTPRN,905.501178529319,True,False
TMEM9B,905.3404382262461,False,False
ABHD4,904.5399037793453,True,False
JUP,904.0647901937047,False,False
CLPTM1,903.7576796557533,False,False
MRPL18,903.0287964516733,False,False
CDCA8,902.9627185153993,False,False
IRF2BPL,902.904004532056,False,False
FKBP2,902.1313624013054,False,False
PITPNM1,900.3045524610778,True,False
PLIN2,900.0105532003369,False,False
TAX1BP3,899.1396747283337,False,False
KCTD13,897.8543188388252,True,False
MRPL27,896.6412052637122,False,False
DTNA,895.4866003959481,False,False
TMEM63B,894.6843456129885,False,False
KDM3A,894.4303431519108,False,False
RALGPS1,892.6121091179189,True,False
TPST2,891.541032962534,False,False
FOXP1,890.8851207916623,False,False
CCL2,890.5368327361946,False,False
BRK1,890.2860278935793,False,False
EFNA3,888.7436360856699,False,False
CSNK1A1,887.4704391830719,False,False
KCNG1,887.4686089512345,False,False
APBA1,886.5522486817326,True,False
PMP2,886.4597948251865,True,False
MSL1,885.871803317308,False,False
TMEM230,883.7408681715034,False,False
KIAA1967,883.3051034898409,True,False
SULF2,883.2734176416233,True,False
HSPB8,883.0980448374685,True,False
PRAF2,882.6945128592484,False,False
TOMM20,882.0881690470341,True,False
WDR45L,881.8398789375492,True,False
SLC39A6,881.6310247634253,False,False
NLGN3,879.084013101379,False,False
DDX3X,878.9554619854722,False,False
SH3GL2,878.8211785831256,True,False
RFC4,877.7318102566353,False,False
SSBP4,876.9224118217124,True,False
ATP5L,875.7821496695559,False,False
EN2,875.5766079002469,False,False
TOMM5,875.1280024242319,False,False
WBP1,873.8243482103379,False,False
KIF5B,873.7251999187049,False,False
VKORC1,873.3544936706788,False,False
PLXNA3,872.5664086020752,True,False
DDB1,871.0105359090433,False,False
SMN2,870.8377578060848,False,False
TSC22D3,870.6609267811816,False,False
LBX1,869.7887853013766,False,False
ASIC4,868.9439778040964,False,False
DDOST,868.6761156659766,True,False
DUSP8,866.5429730965832,False,False
RBM8A,866.3956790937058,False,False
FAM20C,866.0496024242318,True,False
MIB1,865.2593473628802,False,False
ATP5J,864.8565074686225,False,False
TECR,863.8515262659228,False,False
RPRML,863.6327796452259,True,False
CBX5,862.4641612409496,False,False
TMEM14A,862.4235065164754,False,False
KDELR1,860.6173213788587,False,False
CAPZA1,858.7429111906517,False,False
BOK,857.5915537103322,True,False
SH3BGRL,857.1852739966779,False,False
RHOT2,856.6871836824929,False,False
SRPK2,856.1254875296815,False,False
CHCHD8,855.2272561018119,False,False
LGR4,854.4705962311822,False,False
HIGD2A,854.0968429284952,False,False
HSD17B10,853.765629476787,True,False
TFPI2,851.4932574376251,False,False
REEP5,851.4620095355067,False,False
NRBP1,850.0348037787603,False,False
NCBP2,848.5191115749027,False,False
SMARCC2,848.3040474201964,False,False
KLHDC3,848.252800466131,False,False
CCAR1,847.9651800727561,False,False
BTG3,847.2242757442303,False,False
PRELID1,846.7376040735281,False,False
VCL,846.3516214367594,False,False
MPST,845.5409964259396,False,False
FOXJ1,845.213024728334,False,False
YARS,845.0401908019558,True,False
FRRS1L,843.6669464183365,False,False
NACAD,843.6244600109953,True,False
SPSB3,843.0717079090197,False,False
UNG,841.9164615339627,False,False
HSPE1-MOB4,841.4620908779871,False,False
C12orf53,841.1373683873156,True,False
PDLIM3,840.7884924097275,False,False
CNR1,838.8438850592461,False,False
TARS,838.6987198681732,True,False
TMEM130,837.7900590167386,True,False
PXMP2,837.4671015644922,True,False
LPCAT1,837.3312122357909,False,False
CSRNP2,837.3224657642327,False,False
BUB1B,837.2889685627728,False,False
PPP1R1A,835.8305909423214,False,False
ARNT2,835.7848834035162,False,False
RBX1,835.641100174872,False,False
MFSD10,835.6366104853142,False,False
SCAMP1,834.9207871354879,False,False
PLAT,834.3588133750919,False,False
SRD5A1,833.4857604379408,False,False
NUP93,832.5721750669661,False,False
S1PR3,832.2493190558068,False,False
CDC37,831.8004024119498,False,False
YAP1,831.1964023119393,False,False
POLD2,831.1695099115697,True,False
SF3B2,830.790931806272,False,False
ECI1,830.7318763869881,False,False
TYW5,830.1160576300426,False,False
SCN4B,829.96021236212,True,False
MRPL28,828.6835179890281,False,False
PPP4C,827.1740815927992,False,False
ZNRF1,825.9434291428337,False,False
NDUFS3,824.7731776286392,True,False
RALGDS,824.3445358066931,False,False
G6PD,823.7477061562035,False,False
BAD,823.5559221233814,True,False
DPP7,822.9073184803079,False,False
SMC3,822.4039504134938,False,False
ACTN4,821.992721961376,False,False
C1orf86,821.6989826046018,False,False
FAM129B,821.4808989887825,True,False
CHAF1A,820.9525962498977,True,False
HHLA2,820.8892381472909,False,False
SPP1,818.4596823642254,True,False
AKAP8L,817.8861026453076,False,False
BLVRB,817.7697344825772,True,False
EIF3B,816.8920297136541,False,False
THBS3,816.1644788112199,False,False
CHN2,814.9429440601933,False,False
TRO,813.9363291059877,False,False
CNOT1,813.7010792902175,False,False
DHPS,813.6759102484472,False,False
STX1B,813.6028928518791,True,False
TUFM,813.4695853768233,False,False
RING1,808.0933201489046,False,False
ZNF238,807.9772031067598,False,False
HSPA12A,806.6309863564586,False,False
PSMD4,806.1120474693244,False,False
POLE3,806.0022140131709,False,False
DOK4,805.9621497607935,False,False
ITGB5,805.1525568282043,False,False
AMZ2,803.0848614690436,False,False
PSPC1,802.38949374788,False,False
OPHN1,802.278988677755,True,False
SNCA,800.1740197260531,True,False
SORBS2,799.6992605794762,True,False
FKBP1A,799.0124831134272,False,False
RARA,798.6759521475947,True,False
CENPW,797.1679770689312,False,False
GABRA3,796.5630810149606,False,False
WEE1,795.4403468113604,False,False
PNMAL1,795.0736441572797,False,False
NAV1,794.898113481536,False,False
STRAP,794.6286350943373,False,False
STUB1,794.5335817852173,False,False
CMTM3,793.5184355247919,False,False
SAMD1,792.9316079213016,True,False
SLC38A1,792.440678892515,False,False
PYCR1,792.3143585482683,True,False
CKAP4,791.5693749476552,False,False
PSMD14,790.8152887140168,False,False
CCDC48,788.8659346627131,False,False
TMED3,788.5196309903966,False,False
LHFPL4,786.9312387227894,True,False
BCL7C,786.8631644904144,False,False
C18orf26,786.2672400439811,False,False
C16orf42,786.1017638113954,False,False
HES1,785.542278876139,False,False
PLXNB1,784.9399514925548,False,False
ULBP1,784.2095704998186,False,False
C9orf142,783.0633891123041,False,False
WTAP,781.3293217233393,False,False
HBXIP,781.2073052841818,False,False
KIF4A,780.8011704226175,False,False
BCAT1,780.3195930285059,False,False
IGSF8,778.7446267238656,True,False
PIN1,778.4207110268917,False,False
GFOD2,778.3516891304348,False,False
SLC25A23,777.2857269496205,False,False
MN1,776.967081499222,False,False
ECT2,776.534542967681,False,False
PNCK,774.69196021628,True,False
RNF157,774.4322044636277,True,False
SMAP1,774.3174565164754,False,False
MRPS24,773.6730545952205,True,False
PDE1B,773.2471659122012,False,False
TFG,773.207966273058,False,False
ST6GAL2,773.1659367260883,True,False
DEPDC1B,773.1229885648783,False,False
C10orf35,772.9378758395619,False,False
ARRB1,772.6357343720391,False,False
UQCRQ,772.5987579932392,True,False
AKR1C1,772.5641518738814,False,False
RAP1B,772.2326952573954,False,False
GOT1,771.7200795902492,False,False
NDC80,770.8142039770269,False,False
CPSF1,770.6763244458482,False,False
ECH1,769.7426252704963,False,False
TRAF4,769.415025324888,False,False
RAB15,768.9809623568564,False,False
MMP17,767.9687741756442,True,False
HLA-DRA,767.9460736972312,True,False
PHYHIPL,767.816943388193,True,False
VSNL1,767.649141442374,True,False
PCNP,767.581274445848,True,False
BRP44L,767.2096782708122,False,False
S100A13,766.8057652132973,False,False
KDM5B,765.6818620234878,False,False
TSHZ1,764.7175349451988,False,False
ZNF532,764.4337953305026,False,False
RNF208,763.6692550420512,False,False
GNPTG,763.1496729971576,False,False
KIAA0182,763.1488851996115,False,False
TESK1,763.090193833854,False,False
LAMTOR1,762.8938674012469,False,False
EVI5L,762.6048885385596,False,False
DNAJC7,762.537131953656,False,False
C4A,762.2966994209917,False,False
GFPT2,762.2948643436152,False,False
PTPN13,761.96233340878,False,False
NAPA,760.3421300136856,True,False
AASDHPPT,758.6855790135803,False,False
FBXW5,758.0772222877262,False,False
STK25,758.0504649308114,False,False
DDHD1,757.2264780766394,False,False
MOAP1,756.6794982892936,False,False
GAS2L3,755.6192960943257,False,False
HDAC1,755.1913448479957,False,False
DCXR,754.7488557000152,True,False
GALNT2,754.157009522055,False,False
STX1A,753.6812497526055,False,False
PABPN1,753.5735462311823,False,False
CYP1B1,753.4598028874385,False,False
KDELR2,753.2607374998538,True,False
RRBP1,753.1189279181434,False,False
PTPN11,752.3909930992735,False,False
TP53,752.3636929881508,True,False
COX20,750.724157556351,False,False
GGCT,750.491847736604,False,False
HERPUD1,749.819171239078,True,False
DTX1,749.7460385701419,False,False
TMEM147,749.4451588056053,False,False
RBFOX1,747.206100600063,True,False
CXXC5,747.1062555005791,True,False
GSTM1,746.0781323958078,False,False
MEIS1,745.711596592039,False,False
PSMD6,744.9141262711863,False,False
TMEM98,744.1334726210947,False,False
PAQR6,743.4451582581793,False,False
GLRA2,741.5162006556245,False,False
PITPNA,739.3614769092653,False,False
SELK,739.3581863985683,False,False
ADCYAP1,737.7929927881298,False,False
C11orf87,737.4414391509048,True,False
ADNP,736.5289683294149,False,False
PREPL,736.2149464464095,True,False
RASD1,735.6096534962745,True,False
OPCML,734.8065325660011,True,False
WDR13,734.4549082219181,False,False
MMADHC,733.9610652068639,False,False
SRC,733.4801104215647,False,False
ABCA3,733.1502086324875,False,False
ANKRD46,732.7008512504241,False,False
EFNB1,732.1440093600497,False,False
XPOT,731.9451672135078,True,False
C11orf73,730.9854160186452,False,False
LRP3,729.6908104180555,False,False
PSMA1,729.0892261828731,False,False
AP2A1,727.7341105145573,False,False
CAMSAP3,727.3755322431601,True,False
YKT6,727.3615338667228,False,False
MYT1,726.1271989238635,True,False
ARPC5,726.0279270636676,False,False
UBAP2L,725.910369244131,False,False
BRSK2,725.3443436203812,False,False
CDK5,723.8681657648174,True,False
TGFB2,723.2508653852452,False,False
BIN1,723.1319924933617,False,False
POMP,722.9497369828402,False,False
VAMP5,722.9016078721737,True,False
LRP10,720.3541654536735,False,False
DAP,720.3151186136553,False,False
C1orf144,719.8503270636676,False,False
NOP58,719.7448625358224,False,False
GBP5,719.3346850996008,False,False
PCDHGC3,719.1637241001978,True,False
CYC1,718.753736040051,False,False
GAS7,718.2760991238844,True,False
MAP1A,718.2167602180347,False,False
SMO,716.3619702243511,False,False
FEZ2,716.025637964815,False,False
SFRP4,714.8755589430467,False,False
CDC34,714.2329861669649,True,False
FAM168B,714.0551132540268,False,False
C6orf62,713.2222069808519,False,False
GATS,712.8069009398649,False,False
RNH1,711.2503575586903,False,False
AEN,710.8967753406791,False,False
CEND1,710.3387851171468,False,False
IGF2,709.6186874460469,True,False
RAD23B,708.8335368524173,False,False
MEA1,707.3671921792937,False,False
CDCA3,707.1972583616989,False,False
UXT,706.813379792025,False,False
MGAT3,706.7483762337555,False,False
BCCIP,706.3826612959259,False,False
EMP1,706.079845390158,True,False
RPL7L1,706.055654401633,False,False
GRAMD1A,705.5832328666177,False,False
SRSF4,705.2203715157152,False,False
ASNA1,705.1633624551122,True,False
PCDHGC4,705.0509786901544,False,False
C1orf192,703.5174000871436,True,False
HTATSF1,703.3289316308148,False,False
ARG2,702.2681795025209,True,False
TSPYL2,702.1745926518581,False,False
MAP3K10,701.5684632095777,False,False
COX7A2L,701.3313669438888,False,False
RAB10,700.1185995157385,False,False
SCRG1,700.008459975904,True,False
SKP2,699.8392607695547,False,False
CENPM,699.0780049455498,False,False
FAM131B,698.9814031371723,False,False
GPS1,697.9870229527086,False,False
ST8SIA2,697.653659595162,False,False
LPHN2,695.2590774093178,False,False
NOSIP,695.1659682662503,False,False
GAS6,695.1041979208338,False,False
HAT1,694.5433305874302,False,False
MAGEF1,692.7280498695768,False,False
MED28,692.3066505947994,True,False
CSNK2A1,691.9586759477606,False,False
NDUFA2,691.8716229737632,False,False
EIF4EBP2,691.4962210718087,True,False
YIPF3,690.6602734866826,True,False
SERF1B,690.4277496678012,False,False
TK1,690.4212866453778,True,False
C20orf3,689.4833153203261,False,False
DUT,688.7536460147851,True,False
PTGR1,688.5931471850838,False,False
MGST3,688.3200056426992,False,False
C12orf75,687.8499485378577,False,False
CACNB3,687.0984842030155,False,False
PI4KA,687.0485145781428,False,False
RNF10,686.85586236212,True,False
MKNK2,686.602134474974,False,False
TSPO,686.5321143377665,True,False
NUF2,686.1256134095986,True,False
ADCYAP1R1,685.9560797113148,True,False
PRDM13,684.8307424968709,False,False
CYFIP2,684.6126431513259,False,False
UBTF,684.6094716525716,False,False
AP3S1,683.5524956919442,False,False
SERP2,682.8756858856487,False,False
NAP1L5,682.8513215876525,False,False
CC2D2A,682.3962763197297,False,False
NXT2,681.9209380613163,False,False
RPA1,681.8955887777661,False,False
MIEN1,681.5083674451112,False,False
LOC100287036,679.8497979676224,False,False
CS,679.843444372507,False,False
UBASH3B,678.566940649308,False,False
RASGEF1B,678.0009811535717,False,False
GNAL,677.5224666859668,True,False
RDX,677.5035287714495,False,False
DNMT3B,676.3041556848088,False,False
C10orf114,675.9599209770619,False,False
HYOU1,675.2491388877193,False,False
NCOR2,674.9220940777392,False,False
SLC8A2,673.5363213700858,True,False
MACF1,672.9147483577219,False,False
TROAP,672.6919789925256,False,False
LAMB2,672.4725760816928,False,False
EMID2,672.3584243183493,True,False
C20orf203,672.0078544876064,False,False
RBM25,670.861348701033,False,False
CADPS,670.7541251342245,True,False
EIF3I,669.6282748967728,False,False
SALL2,668.8151943602252,False,False
GNPTAB,668.187614638383,False,False
PSME1,668.1236335877462,False,False
CSTB,668.0649405229791,False,False
FSD1,668.0230612444585,False,False
COX17,668.0147198611551,False,False
SEC31A,667.7465409043057,False,False
CDK16,667.7247737756021,False,False
LPHN3,666.6249146816624,False,False
MOB4,666.1345502947679,True,False
YME1L1,665.1868375384544,False,False
PMVK,665.0741340772713,False,False
DOT1L,663.8133150115217,False,False
TMEM47,663.7491178276075,True,False
STT3A,663.6595564264076,False,False
NT5C3L,662.8181064299166,False,False
PSMC4,662.7949398422056,False,False
CA11,662.0637445467944,True,False
NFIL3,661.8106455603513,False,False
UBE2L6,661.8050221052508,False,False
HDGFRP2,661.7477207454585,False,False
TXNDC5,660.7845451708366,False,False
SLC6A11,660.6957491782761,False,False
SYT3,660.018134017031,False,False
C11orf49,659.7311585266284,False,False
GPAA1,659.3828242651274,False,False
NUDCD3,659.0800376209193,False,False
NOVA1,657.9600303821455,False,False
GLI3,657.9289240580879,False,False
TRA2A,657.8472880069247,False,False
NAGK,657.6476529856944,False,False
CIC,657.1981944678387,False,False
COPB2,656.4899004368881,False,False
SLC24A3,656.2201026213285,False,False
TCEAL3,656.162700604742,False,False
NAPB,656.0169537454236,False,False
TMEM9,655.5718294674293,False,False
TRAPPC5,651.1459558228353,True,False
UQCR11,651.0621059947832,False,False
MCF2L,650.1637593062429,False,False
GPR98,649.454436211999,False,False
MRPS6,649.3508837678819,False,False
FAM9A,649.1880280713757,False,False
MGEA5,648.5892344878409,False,False
GPRC5B,647.4846792346563,True,False
SPAG9,646.8101811535718,False,False
CDC27,646.427851573265,False,False
CELF2,645.5336782608695,False,False
BCLAF1,644.9738944830451,False,False
RPS19BP1,644.7600540033452,False,False
CYB5R3,643.4540759658912,False,False
AARS,643.3526397983413,True,False
SDF4,643.2339072370191,False,False
EIF2C1,642.6125020206806,False,False
TNIP1,642.4013567211753,False,False
SORCS1,642.3724033523996,False,False
SLC29A4,641.7127475061701,False,False
NEUROD2,641.5750382829773,True,False
UBE2I,641.3846882087004,False,False
KIF21A,640.7508038770163,False,False
CPSF7,639.3622503210863,False,False
HCFC1,639.0877128171387,False,False
ZNF37A,637.3269512328783,False,False
RIMS4,636.9756227860244,False,False
POLR2J,636.8723873366787,False,False
C20orf112,636.5716589915899,False,False
DMPK,636.5335354417425,True,False
RTL1,636.4426437268249,False,False
ANKRD13B,633.7834592038929,False,False
NARS,633.7028716122165,False,False
NIN,632.9434954936776,False,False
PDK1,632.9185746195507,False,False
KBTBD11,632.8217412967447,False,False
C2orf54,632.1646111380145,False,False
MAPK1,631.4517598390473,False,False
MICAL1,631.3791910493502,False,False
RANGAP1,631.038339856242,False,False
CNOT7,629.8300141377455,False,False
DACT1,629.8297101145149,True,False
EPHX1,629.4466070954837,True,False
BHLHE40,629.3648662151572,True,False
KIAA0930,628.9440563480366,False,False
PILRB,628.7917949047269,False,False
SRM,628.4101690382613,False,False
NRGN,626.6862420582285,True,False
SSU72,626.465712725316,False,False
RUVBL1,626.3117609672363,False,False
CHST15,626.2880893409832,True,False
PPP4R2,625.6973672573721,False,False
HSD17B4,625.3384861681346,True,False
PPFIA3,625.1881079020013,False,False
HIST1H2BK,625.0133726053035,False,False
GLRX5,624.4966280567546,False,False
HIF1A,624.4347062474412,False,False
CD74,623.7539548402756,True,False
ALDH2,623.3142769952393,False,False
SLC4A3,622.5600380227158,False,False
OS9,622.0162931723806,False,False
AKIRIN1,621.517712590214,False,False
PSMD3,621.3380342468798,False,False
AIDA,620.8945260512802,False,False
SCN2A,620.8760218175013,False,False
C20orf24,620.7576734393094,False,False
C2orf72,620.7359329520066,False,False
PVRL1,620.2856687680576,False,False
BTBD6,620.005720298043,True,False
EPHA2,619.0520528897779,False,False
APH1A,618.2734323150975,False,False
RERE,617.8697026260076,True,False
NSDHL,616.1621125130131,False,False
FBN1,615.9781133832801,False,False
TM7SF2,615.3949644804717,False,False
CPT1B,615.1083174228867,False,False
RHBDL3,614.3313943994104,False,False
SHISA6,613.6988231603326,False,False
VPS4A,613.0655461586599,False,False
CHD5,612.4234661595957,False,False
ATPAF1,612.1774435461043,False,False
ANO8,611.8054781608591,False,False
APC,611.6330990168556,False,False
SKA2,611.036789035688,False,False
SUN2,610.3251740235814,False,False
PPP1R11,610.1154956942836,False,False
CALB1,610.056283003474,False,False
CAPN1,609.4230626802821,True,False
MRPL12,608.3950374875718,False,False
MGAT5,607.9420930109602,True,False
RAB1B,607.7381337503363,False,False
CASC4,607.6583777081798,False,False
UBE2Z,607.4885775602108,False,False
DYNC1LI2,606.9602458902108,False,False
PANK3,606.8977885859331,True,False
SLC23A2,606.4959911201179,False,False
NEDD4L,605.7093285848803,True,False
GSTO1,605.3417678030436,False,False
NUDT14,605.1519862511843,False,False
PQBP1,604.9288203208524,True,False
BUD31,604.4238453310875,False,False
CTBP2,603.9064021475945,False,False
PHLDA2,602.4508774795008,False,False
DGCR2,602.2616886929619,False,False
MAPK8IP3,602.2550786872303,False,False
HIP1R,602.239945962148,False,False
CARM1,601.8306519896831,False,False
UBL3,601.2251339819396,False,False
SGCE,600.6094708074535,False,False
CYP26C1,600.3912186364647,False,False
CAND1,599.8170164958884,False,False
CENPH,599.3083984255653,False,False
NOMO1,599.2325844404673,False,False
IPO7,598.9678210103987,True,False
SF3B14,598.5470192020213,False,False
COPS8,598.4295789568491,False,False
THRAP3,598.2290221497,False,False
GRB2,597.709200236867,False,False
TCTEX1D2,597.665063693839,False,False
BUB1,597.5195292978208,False,False
FAM98B,597.4518392368788,False,False
TCEA1,597.3374860049596,False,False
AP1M1,595.8032483044999,False,False
RPRM,595.2107714548899,False,False
HDAC6,595.1740586219602,False,False
RAF1,594.5170987051268,False,False
TP53INP2,594.4467026049525,False,False
RPL36A-HNRNPH2,593.5070897825502,False,False
PI15,593.1754270812132,False,False
AHCYL1,593.0291022054953,False,False
PSME2,592.8767662309484,False,False
ODF2,592.6976028424045,False,False
PAX2,592.6779394041478,False,False
DMBX1,592.5116922038576,False,False
SPTBN2,592.1636682065948,True,False
GPNMB,591.3747203284556,False,False
CAMKV,591.0652634499538,True,False
LRRN3,590.793390670363,False,False
GPR137,589.6766540033454,True,False
PKN1,588.7837577335627,False,False
ALKBH7,588.717688182382,False,False
GPS2,588.6888129113006,False,False
KCNN2,588.526239419939,False,False
CHMP1A,588.1466073691968,False,False
GRM3,587.4587775344772,True,False
ANKS1B,587.2256353300347,False,False
ZC3H7B,587.2133607005416,False,False
RBM3,585.6937024645869,True,False
SH3BP4,585.3371803938427,False,False
GIPC1,584.698510302254,False,False
RFX3,583.8250680048193,False,False
SORT1,583.4597876437285,True,False
SLC9A3R1,583.2791998789346,False,False
LY6E,582.4135880455252,True,False
CMPK1,581.8932292428442,False,False
STC2,581.651397515528,False,False
SLC16A1,581.0152345773239,False,False
NSA2,580.4978285503737,False,False
CYSTM1,580.407022697126,False,False
MANEAL,580.0959528845142,False,False
HSD11B1L,579.5090269197927,False,False
ATXN2L,579.4222294586565,True,False
EHMT2,579.3062238808764,False,False
HERC2,578.1957773636991,True,False
ARHGEF4,578.1872183715244,False,False
CPT1C,578.0125479904318,True,False
TCERG1,577.1366055280673,False,False
SNF8,577.0092610497011,False,False
PTGES,576.9736007632381,False,False
EI24,574.374003858301,False,False
LSM14A,574.2527992186311,False,False
TAF9,573.874855035033,False,False
PRRC2C,573.7803218444047,True,False
SSNA1,573.3387246967518,False,False
TTC9,572.9298614854196,False,False
SLC9A6,572.7921990156858,False,False
ADAR,572.5484189803605,False,False
ERGIC1,572.4646943496977,False,False
PAPSS1,572.1906050981975,False,False
TAF10,571.8910461569053,False,False
RDH11,571.8224877618698,False,False
OGT,571.7584754184651,False,False
FBXL16,571.3359466938041,True,False
C4orf3,571.145307421834,True,False
PAPOLA,570.4996845662116,False,False
NEO1,570.0343316770186,False,False
AHNAK,569.957842582845,False,False
UROS,569.8688017574949,False,False
APOA1BP,568.4381927202863,False,False
FDXR,568.427521365407,False,False
TMEM30A,568.0407373366788,False,False
NRM,567.797627732159,False,False
ADAP1,567.2120089249161,True,False
SYNM,566.7852431092161,False,False
KCTD1,566.7404001239897,False,False
NCOA5,566.6210859084582,True,False
MLLT1,566.3147853300347,False,False
APRT,566.2583483483642,False,False
ROBO1,565.0554886508521,False,False
CNRIP1,564.6978068194313,False,False
DDX6,564.690873081377,False,False
MOB1A,563.1559604338468,False,False
KIF15,562.8996283006397,False,False
PNP,562.2223344609374,False,False
UQCRFS1,561.6660557701981,False,False
CHAC1,560.7181812190756,True,False
C19orf53,560.7013246499631,True,False
PTPRO,559.8238897989262,True,False
SLC2A3,559.7924200138026,False,False
IST1,559.605390408932,False,False
PFKM,559.378075463499,False,False
RFC3,558.9011272531611,False,False
ABHD8,558.7307313243498,False,False
HMG20B,558.5878852399668,False,False
TMCC2,558.5190894790095,False,False
NCAPG,558.4844852276848,False,False
MRPL14,558.1133175492157,False,False
FAM32A,557.3444938391175,False,False
TBC1D9,557.0369705471921,False,False
ZKSCAN1,557.0114461288323,False,False
RUVBL2,556.9710135382672,False,False
RBBP4,556.8658061059059,False,False
PLIN3,556.8109606163222,False,False
MSH2,556.7236385911967,False,False
CUEDC1,556.0683184598379,False,False
FAIM2,556.0486142851294,True,False
PSMA2,555.7987621603444,False,False
MSI2,555.5761019873437,False,False
IGF2BP2,555.0805098951937,False,False
CASC3,554.9078473833504,False,False
SUB1,554.8916093957259,False,False
NDUFV2,554.8168316501152,False,False
GPT2,554.6097909914495,True,False
FKBP5,554.0440475114339,False,False
P2RX3,553.9155826771238,False,False
NPAS4,553.3718500520523,False,False
CXCL14,553.2158048455392,True,False
C1orf187,552.7027146436467,False,False
C2orf28,552.597967404756,False,False
PGM2L1,549.7556482208653,False,False
CDKN1B,548.9990444374263,True,False
FBXO44,548.4838126165328,False,False
NPAS3,548.3117036161701,False,False
RPL17-C18ORF32,547.8605789059667,False,False
POLD1,547.8188076218551,False,False
SFRP2,547.5521054806939,False,False
LAMTOR2,546.8642191277444,False,False
CENPB,546.6847799025628,True,False
C1orf198,546.6194954866595,False,False
DDX42,546.4954015837924,False,False
CCDC64,545.623573665649,False,False
LIMD2,545.0288092272871,False,False
HIPK2,544.035867122855,False,False
C11orf51,543.536099137921,False,False
CXADR,542.9497787585829,False,False
UBQLN1,542.9291476155385,False,False
NRBP2,542.4343607865156,False,False
PHC1,542.3625166228023,False,False
PSD2,542.1649304400463,False,False
TMX4,541.7903563743552,True,False
CENPN,541.15847881122,False,False
LEPROTL1,540.033796592039,False,False
MYO5A,539.3924900305295,False,False
TIMM8B,539.2564772461429,False,False
TMTC2,538.395493984747,False,False
SEC13,538.1320741972839,False,False
DUSP4,537.7916305412266,False,False
PTK7,537.5545560374776,False,False
SLITRK2,537.5102543244319,False,False
MOSPD3,537.0683203284556,False,False
ABCA9,536.75281593852,False,False
KCTD12,536.6522097747131,True,False
NDUFA8,536.4914038068334,False,False
PHF5A,535.7400105116328,False,False
MELK,535.3598988998842,False,False
BRD7,535.251253334854,False,False
SCRIB,534.5254365208033,False,False
KLF7,534.1642796557533,False,False
NSF,532.7193226918623,False,False
E2F4,532.1976218315377,False,False
NUP205,531.4489211174276,False,False
OSGIN1,530.9943413721913,False,False
NUBP2,530.8489397720227,False,False
PMF1,530.5765991747669,False,False
LSM2,530.2962897620803,True,False
GABRB3,529.9288060246108,False,False
EGLN2,529.6685014662362,True,False
LYPLA2,529.4522082581792,False,False
PLOD2,529.4088607812517,False,False
GLG1,529.2075238446151,False,False
NAP1L4,528.8980190944076,False,False
CELSR3,528.4914172345626,False,False
CD320,528.4001056742815,False,False
NUP62,528.3774297271058,False,False
NUP107,527.7919249722192,False,False
SFXN3,527.6433017750406,True,False
RHEB,527.508355684809,False,False
CRY1,527.1177573036928,False,False
QSOX1,526.9116269882211,False,False
COL12A1,525.0790140745809,True,False
TRIAP1,524.4123833415214,False,False
SLC15A3,524.3304550560878,False,False
SPNS1,524.2008811640992,False,False
ABHD12,524.1161515557193,False,False
SNX12,523.8065885087319,False,False
NUDT5,523.7343300095916,False,False
MXD3,523.1615231316747,False,False
MYT1L,522.8090783690681,False,False
EXOSC10,522.4699886824344,False,False
ASTN1,522.3530567638699,False,False
RNF167,522.2933615801663,False,False
FABP3,522.0059048490484,True,False
C11orf2,521.9391721543789,False,False
GRIK1,521.1672912359196,False,False
SLAIN1,520.8173392620276,False,False
RBM10,520.6207703875261,False,False
RAB4B,519.812174654642,False,False
CSDC2,519.7131967575534,True,False
GPC3,518.8001777497047,False,False
NEUROD6,518.7423285234703,True,False
XRN2,518.6969881934941,False,False
SIPA1L2,518.5315490940567,False,False
ECE1,518.3571684019371,False,False
CHKB,518.1438392093905,False,False
GYG1,517.5957947783977,False,False
TM9SF2,517.2270402264566,False,False
ENY2,516.5408998684072,False,False
GTF3A,516.4658243867775,False,False
RNF181,515.1472605590062,False,False
SRRM4,514.8722651045139,False,False
STT3B,514.6808647553544,False,False
STRA13,513.68614652595,True,False
TRAPPC3,513.2636283871987,True,False
RNF19A,513.2631853510895,True,False
ARMCX3,512.9146706998397,False,False
WNK1,512.7619224859927,False,False
COL18A1,512.607550584272,True,False
CCDC102B,512.1189456784925,False,False
CLEC2D,511.8518160677733,False,False
LECT2,511.8273914423739,False,False
PRDM12,511.7491607590272,False,False
HEXB,511.3931132990607,False,False
MTA1,511.0609223263267,False,False
MUM1,510.7353510474787,False,False
CD99L2,510.7058898158871,False,False
DENND5A,510.6424382829772,False,False
NSMCE4A,510.5412532664257,False,False
STAU2,510.002629509539,False,False
TFDP2,509.9101769197927,False,False
C19orf70,509.46299813606123,False,False
FAM92B,509.12330638780696,False,False
ZNF48,508.3085386701524,False,False
UBE2N,507.6989526716263,False,False
RAB32,507.3756203506802,False,False
SPSB4,507.18039109145985,False,False
DST,507.08811085845286,False,False
SCAMP3,506.9275679124118,False,False
CXCL12,506.70293544174245,True,False
TNFRSF21,506.40421655905294,False,False
RAPGEF1,505.53267389315835,False,False
SERTAD4,505.17605851142224,False,False
MAF1,504.9937381736089,False,False
PCDH17,504.8218864400931,False,False
ZC3H11A,504.7765970570001,False,False
FBXO5,504.7742932150752,False,False
STARD7,504.37872218128217,True,False
TLN1,504.0032164678153,False,False
CBLN1,503.9149625761776,False,False
ZNF695,503.6612855785992,False,False
GRIA2,503.6064916306979,True,False
SULT4A1,503.1885571282357,False,False
SNRNP40,503.173037756606,False,False
CYB5B,502.73864306886105,False,False
JAM2,502.70385946883295,False,False
CCDC115,502.31946244867873,False,False
NAT8L,502.18978437320885,False,False
C8orf33,502.04453966674856,False,False
HK2,501.39630845352144,False,False
LRRC10B,501.1025245423495,False,False
NOMO2,500.99006817325795,False,False
PBX2,500.68405414897467,False,False
EIF4G3,500.6757177650279,False,False
SMC1A,500.5960969575745,False,False
WASF3,499.8923113918423,False,False
FAM5B,499.7317462867437,True,False
CPSF3,499.51914947304397,False,False
ZNF146,499.3739404036682,False,False
NPEPPS,499.3150748107988,False,False
LDOC1L,499.26387170871783,False,False
KIF20A,499.1691920044216,False,False
PDE4B,499.0829675170486,False,False
CYCS,498.8176836064615,False,False
SPRYD3,498.36778631434885,False,False
RNF165,498.0951735089074,False,False
OPTN,496.93991073212385,True,False
CTSA,496.7587275602109,True,False
ERI3,495.59867679872735,True,False
PHF1,495.5507587564773,False,False
ARHGEF2,494.9156220192769,True,False
ORC6,494.44335671649645,False,False
RALYL,493.18951473254486,True,False
F3,492.9507445093635,True,False
UBTD2,492.04631366576604,False,False
MTUS1,490.96622380893905,False,False
IRGM,490.95620131066414,False,False
BAIAP3,490.8536302189704,False,False
TBC1D9B,490.6347117918845,True,False
UBE2E1,490.10720379279684,False,False
RFX4,490.04376585897927,False,False
PTPRJ,488.6248581441322,False,False
NDNF,488.3187911335697,False,False
RGS16,487.93118264671136,False,False
ECI2,487.41441556947524,False,False
CAMKK2,486.8204790451626,True,False
RMI2,486.44284895720017,False,False
CHMP3,486.1312559544279,False,False
RALY,486.10098947550034,False,False
DKC1,485.74283242972945,False,False
CLDND1,485.6339884040426,False,False
TAX1BP1,485.41394475207915,False,False
CHCHD3,485.29180802716076,False,False
METTL9,484.66436369033,False,False
TLX3,484.65628316957344,False,False
DGCR6L,483.82661792059986,True,False
VPS35,483.38392087588164,False,False
DZIP3,482.8628461785453,False,False
CERK,482.84071675381034,False,False
PRELP,482.6376277953234,True,False
IGF2R,482.5863351984419,False,False
ARCN1,482.4935868436443,False,False
USF1,482.13798860932735,True,False
C1orf43,482.07952148647223,False,False
LSM14B,481.96754540244,False,False
KLHDC8B,481.9154564954206,False,False
MRPL54,481.5362064544804,False,False
CASKIN1,481.3406016001684,True,False
DHRS13,480.9177297610274,False,False
C1QBP,480.8964276409213,True,False
BAI3,480.7424417353874,False,False
ADORA1,480.575404295189,True,False
FAM181B,480.401903669977,True,False
FAM171B,479.85033347194445,False,False
AKAP1,479.59775999344964,False,False
SLC25A39,479.55277378671434,False,False
PIP5K1C,479.49482791872833,False,False
SHISA4,479.0028095431098,True,False
HINT2,478.739077568984,False,False
SNRNP25,478.4054676170591,False,False
COPB1,478.2499033793031,False,False
QPRT,477.943737977097,False,False
LOC650293,477.7202281532557,False,False
NPPA,476.9740341538875,False,False
MRPL55,476.7135187335509,False,False
USP4,476.07101717666194,False,False
RRAGD,475.90894902387384,False,False
ZMYND11,475.67049017557406,False,False
PTPRM,475.030253236598,False,False
ABI2,473.2108594430993,False,False
SEMA6A,472.28917827432133,False,False
RARB,472.1201808307308,True,False
DAPK3,472.05759035454025,False,False
C15orf24,471.68287731866513,False,False
EBF1,471.48499130902667,False,False
PGM1,470.93346883122206,False,False
MEX3B,470.52532748476455,False,False
BRD8,469.990562386684,False,False
CGGBP1,469.81642308605586,False,False
DLG5,469.6922967639868,True,False
ERRFI1,469.35864394614646,False,False
LUC7L2,468.9783640014739,False,False
PAK1,468.34600143699345,False,False
ATP2B2,468.0540755266636,True,False
GART,467.9266444005802,False,False
CLPP,467.7820669520768,False,False
CERS2,467.75379099846776,True,False
FAM107A,466.74154460995896,True,False
ITSN1,466.56638677346155,True,False
C3orf39,466.053856853353,False,False
CDV3,465.8611208811454,False,False
FERMT2,465.85617866208145,False,False
C22orf28,465.64665714578143,False,False
AMH,465.5519016978396,False,False
RGR,465.5309295323484,False,False
ARHGEF7,465.4202420044216,False,False
DNAJB11,465.3210872776082,False,False
CHEK1,465.1573216437987,False,False
MAPK11,464.88128116409916,False,False
MTAP,464.7090328011137,False,False
NDUFA6,463.86616162870945,False,False
CPSF6,463.2614664490999,True,False
SGSM2,462.9967641903827,False,False
INCENP,462.1982678293621,False,False
NEUROD4,462.1761833152027,False,False
VCAM1,462.05515694751494,True,False
IFI27L1,462.0074105812308,False,False
MYCL1,461.71437270180485,False,False
HPCAL4,461.2920868348715,False,False
HLA-E,461.17693424571,False,False
FLOT2,461.05179499420996,True,False
ATP6V1H,460.5614619111954,False,False
HELLS,460.49174298639616,False,False
BAIAP2,460.4731690189611,False,False
DPM3,460.4508072481314,False,False
POLE,459.79814563930705,False,False
SNRPA1,459.56010060474205,False,False
KCTD7,459.523485283831,False,False
UBE2R2,459.5095263618393,False,False
POU4F1,459.238701136377,False,False
SPON1,458.95402932004544,False,False
ZFR,458.78855955363724,False,False
ACSL3,458.67156206384306,False,False
KDM6B,458.5323794042648,False,False
TMEFF2,458.37367220701583,False,False
PATE2,458.23154549192316,False,False
POLR2C,458.1095444970815,False,False
HSPA4L,458.0000080616673,False,False
POR,457.7311745984958,True,False
RAVER1,457.51248293972463,False,False
SERINC3,457.22436364822033,False,False
PNMA6C,457.1196096109533,False,False
TMEM229B,456.7669719789217,True,False
PRCP,456.7146856417634,False,False
SCP2,456.30634353557684,False,False
AKT3,456.0033796873355,True,False
DVL1,455.9886896211297,False,False
OLIG3,455.85878949830976,False,False
CD164,455.46026600694813,False,False
C12orf49,454.9472063848827,False,False
CDK14,454.8427709472342,False,False
C16orf80,454.3182716970208,True,False
WIZ,454.0609860225053,False,False
CDC42BPB,454.0548792551263,False,False
PPFIA2,453.13896631516764,True,False
MRPS15,452.8920456007066,False,False
UBXN6,452.8058779479711,False,False
IRF2BP2,452.3341110883016,True,False
STX7,451.919718606637,False,False
BCR,450.4567384356248,False,False
TNFRSF1A,449.80381628533996,False,False
FARP1,449.43350651647546,False,False
YPEL5,449.0357117012317,False,False
PPP3R1,448.9649061638067,False,False
SBF1,448.95469640780897,False,False
ZNF22,448.4900066954416,False,False
RAB3C,447.9687005328046,False,False
ASB4,447.40064748394565,False,False
MRPL3,446.4894419254658,False,False
C15orf23,446.09313518206596,False,False
FXYD7,445.3136909668854,False,False
EXOC7,445.3045998105064,False,False
VASH1,444.97416599232673,False,False
CD300E,444.4063929004223,False,False
CHPT1,444.2767987577639,False,False
GBA,444.26946838380655,False,False
TIMM17B,444.1537368752266,False,False
B3GALNT1,443.52142812518275,False,False
CAMK2G,443.4554916897685,False,False
PSMD12,443.38541532558986,False,False
NENF,442.1388945953375,False,False
ZFAND3,441.96774295130484,False,False
C6orf228,441.87706546420094,False,False
UNC13B,441.6894439952744,False,False
SLC39A1,441.3622157466868,False,False
PXDN,440.42074344433917,False,False
ACPL2,440.10877388789464,False,False
TRIP6,439.8351449415728,False,False
BCL7A,439.7322764922624,False,False
GGH,439.69770335590886,False,False
PANX1,439.204964981694,False,False
C3orf72,439.165667029278,False,False
FKBP9,439.1467843942638,False,False
ITGA7,439.1408347592144,True,False
C17orf61,438.63341344469023,True,False
CCDC85B,438.0547801710121,False,False
ANKLE1,437.87774239919986,False,False
TP53BP1,437.69065308453514,False,False
WNT3,437.2848940520054,False,False
CDK10,437.08357368670386,True,False
NDUFA4,437.0794835573335,False,False
TIMM10,436.63884588319235,False,False
FAM40A,436.1557695810085,False,False
FRMD4A,435.9489214402686,True,False
MGRN1,435.78266722812924,False,False
MPZL1,435.49368108514346,False,False
AP3B2,435.118099648501,True,False
MAST2,434.9742138096408,False,False
MICAL3,434.8842403668222,False,False
CLDN4,434.63480125919693,False,False
GPX3,434.3910749301096,True,False
DDT,433.3597714946602,False,False
CCDC88A,433.3088448444866,False,False
API5,432.11570856171994,False,False
MCRS1,431.99692674784484,False,False
RAB11FIP4,431.2318458410826,True,False
SLC7A11,430.55648717701274,True,False
FHL2,430.0669544893614,False,False
COMMD3,429.8156071422723,False,False
SORCS2,429.52536071165383,True,False
SFTPB,429.22952803920873,False,False
CAMTA1,429.1717214613234,False,False
TPRKB,429.1501486589232,False,False
B3GALT6,428.93689366366044,True,False
NUP50,428.7665959060018,False,False
PRR7,428.7573248160625,False,False
IRX5,428.7432981764162,False,False
ANGPTL2,428.3269351189014,False,False
OTUB1,427.89178871986525,False,False
KCNQ3,427.54109588377725,True,False
KARS,427.0368414569955,False,False
RIT1,426.7685042636067,False,False
SOGA1,426.73275160484724,False,False
ILDR2,426.61818025055265,False,False
RPS10-NUDT3,426.49710989519366,False,False
FIBP,426.3928603905675,False,False
MTMR4,426.36649586272233,False,False
RABEP1,426.1601548279936,False,False
CTNNAL1,425.9225348258882,False,False
TSPAN5,425.861169726053,False,False
SH3GL1,425.713614675229,False,False
NDUFS4,425.50583658396795,False,False
HUWE1,425.48462470903377,False,False
NCAPG2,425.28243798294557,False,False
URM1,425.21844393737354,False,False
PLEC,424.3422007117708,False,False
CRISPLD1,424.2935158279819,False,False
ZMIZ2,424.2325523926495,False,False
PRR13,424.17192606707135,False,False
DLGAP3,424.1593802113673,True,False
PRKCB,424.0102675205577,True,False
SUMO3,423.7833127446164,False,False
PLAU,423.44634326712776,False,False
RBM12,423.2274847785148,False,False
BRWD1,423.11921963481535,False,False
BTG2,422.612231687546,False,False
UBE2M,421.8400090746394,False,False
WHSC1L1,421.681227776608,False,False
KTN1,421.2766432864279,False,False
PTPRN2,421.0869189230446,False,False
ODZ3,420.9988451252179,False,False
TMEM205,420.7363941730709,False,False
DIRAS3,420.51021825981684,True,False
NEK2,420.08205181598066,False,False
ARL4A,419.8526957954639,False,False
PRMT5,419.6018833397668,True,False
CCDC90B,419.54723988256075,False,False
AP1S2,418.99532909253605,False,False
CD248,418.6797925565265,False,False
AMFR,418.5925294030951,False,False
KIAA1191,418.4159953445392,False,False
PDCL3,418.3911345100654,False,False
MPPED2,417.9168311570809,False,False
CACNA2D1,417.8097286293294,True,False
RASSF2,417.793638871928,False,False
CRYBB1,417.00367396334127,False,False
BCL2L1,416.9717040015908,False,False
YTHDF2,416.8967972891883,False,False
TMED4,416.82712526523255,False,False
EPHA7,416.61781246447,False,False
DALRD3,416.1914084336363,False,False
ING4,416.0465690593162,False,False
ZNF821,416.0090291609643,False,False
SLC44A2,415.9935374039373,False,False
LUZP6,415.72960202652916,False,False
MTPN,415.72960202652916,False,False
ADSL,415.6833930519002,False,False
ABCB6,415.45112764618494,False,False
FBXO11,415.11854662362117,False,False
ANTXR1,415.0948778076055,False,False
THYN1,414.8754934887883,False,False
ETFA,414.85368365383493,False,False
ZNHIT1,413.7368195576143,False,False
DNAJC8,413.6157565457183,False,False
MAPK6,413.46300622287725,False,False
ISCU,413.04716163572766,False,False
COPS6,412.83857021265396,False,False
IVNS1ABP,412.8310503257653,False,False
COPA,412.7406883227475,False,False
FRA10AC1,412.5543508556455,True,False
TSPAN11,412.53643716707023,False,False
NPY,412.3671315974781,True,False
TRAPPC2L,412.19513731036017,True,False
GAMT,412.0900928635763,False,False
LRRC17,412.0365337222632,True,False
FAM69C,411.8906522581324,True,False
CABP7,411.3725062269712,True,False
TMEM59,410.68939846592036,False,False
TMEM219,410.3292156554491,False,False
CEP55,410.2276863278006,False,False
SERF1A,409.8280357628288,False,False
POLR2B,409.26150246458684,False,False
SMPD4,408.98842887146014,False,False
DDB2,408.9150838667228,True,False
LIFR,408.7521647962944,False,False
PITPNC1,408.0730114380462,False,False
NAA10,407.9993638324503,False,False
CPXM2,407.9153648594589,False,False
HSD17B12,407.70246809664167,False,False
DNLZ,407.35932047174555,False,False
LARP1,407.24585519002,True,False
VTI1B,406.8862564743657,False,False
LSAMP,406.1798024593231,True,False
FKBP1B,405.70527914517317,False,False
P4HA2,405.6546380934835,False,False
JAK1,405.2141255529822,False,False
TRAPPC4,405.1131785708438,False,False
GNL3,404.8291666660818,False,False
KCTD2,404.7497510474787,False,False
FCHSD2,404.1503372963235,False,False
CACNB1,404.0016109882912,False,False
C1R,403.53064830449983,False,False
RASA3,403.518007437625,False,False
CASP10,403.4652976693454,False,False
ARPC1A,403.41166859669437,False,False
DGUOK,403.3265152121276,False,False
FJX1,403.0541697862933,False,False
SYN3,402.7048681925583,True,False
UBE2E2,402.4650015557193,False,False
HADHA,401.5905716788902,False,False
C16orf13,401.559385954077,False,False
MAMDC2,401.5390593653132,False,False
GDF1,401.46315912844625,True,False
PPP1R1B,401.44131351838206,True,False
ADD3,401.2478302189704,True,False
RAB12,401.1963543162438,False,False
CDC45,400.82814821501677,True,False
SREBF1,400.7318422412885,False,False
DAXX,400.69752328139805,True,False
RHOBTB2,400.6335603168755,True,False
HAX1,399.5126613707876,True,False
SELM,399.4397730825466,False,False
PICALM,399.2238574686224,False,False
VEZF1,399.0546865313308,False,False
FOSL1,399.0232265267689,False,False
CSAD,398.728243089916,False,False
RBM42,398.69203618392584,False,False
CACHD1,398.6863014422571,False,False
CCDC14,398.5434890409517,False,False
FADS3,398.44588316430963,False,False
TWF1,398.42155642816203,False,False
ARL17A,398.3708250739843,False,False
GMPS,398.3133990975658,False,False
GOT2,398.293291757027,False,False
B4GALNT1,397.8973443362459,True,False
LIN7B,397.76702126539635,False,False
DNTTIP2,397.38478587512134,False,False
LTBP4,397.2575954919231,True,False
NTN1,396.89218902106654,False,False
SLC35E2,396.55010833245603,False,False
NISCH,396.36819099320394,False,False
TSN,396.3080167573194,False,False
KLHL7,396.13133076230247,False,False
RND2,396.0802077791815,False,False
PLCD3,396.0646220473501,True,False
PTRHD1,395.1523844878407,True,False
EXOSC8,394.92246901545195,False,False
TBC1D16,394.9205272976103,False,False
ATL1,394.79199369524275,False,False
NKTR,394.76969776233756,False,False
SERPINB6,394.76013984220566,False,False
GNS,394.23306584377303,False,False
SF3B4,394.1950805821665,False,False
FAM108A1,394.05257802868135,False,False
SOD2,393.87054165292255,False,False
PHF6,393.29553444514636,False,False
IGDCC3,393.11075977412827,False,False
C11orf58,392.5621044507609,False,False
GSK3B,392.47577002783913,False,False
ADAM12,391.8507090898456,False,False
ARHGAP11A,391.5676690154519,False,False
DAZAP1,391.37619250739846,False,False
MRPL11,390.9261326905756,False,False
EIF2S2,390.8721411517002,True,False
BHLHE22,390.5189252529506,True,False
DBNL,389.9299417201811,False,False
ZNF736,389.4981062527051,False,False
HNRNPUL2,389.0777772075424,False,False
IGF2BP3,388.8767069141781,False,False
ALCAM,388.79635311611753,False,False
TCF21,388.7130618269764,False,False
PLEKHB1,388.01185194523396,True,False
ITGA5,387.9806767215262,False,False
TNIK,387.9014941391492,True,False
AP4S1,387.3398565492275,False,False
HEXA,386.964239546268,False,False
GPR12,386.85539944146166,True,False
PTP4A1,386.81163651437,True,False
PKNOX2,386.6800041875753,False,False
CDC6,386.4236205524558,False,False
LOC100507421,386.0146577745026,False,False
RFC2,385.95213186241824,True,False
F5,385.92211255921677,False,False
TMEM145,385.63809169854136,True,False
ZNF608,385.3437780444725,False,False
PTK2,385.2696561369033,False,False
MCAM,385.0979892199178,True,False
FLJ22184,385.05845167386036,False,False
RAB33A,384.9767007994993,False,False
EMILIN2,384.74326663625413,False,False
ACVR1B,384.58050397410256,False,False
SEL1L3,384.35105911265515,True,False
NDUFA12,384.2496354171784,False,False
FGF19,384.15215416652046,False,False
RARRES3,383.8147610953199,False,False
C11orf67,383.8010172649752,False,False
AMPH,383.69515737563023,False,False
CAMSAP2,383.56520834298345,False,False
HSPB11,383.37381958100843,False,False
VBP1,383.3307546437636,False,False
AMD1,383.09652637119694,False,False
AKIRIN2,383.0917870541929,True,False
SRCAP,382.6576061035665,False,False
MC2R,382.6575147606179,False,False
PVRIG,382.51607467043317,False,False
MARCH2,382.084784662713,False,False
DHX40,381.87845743353097,False,False
NME3,381.73815641646485,False,False
SMARCA2,381.7334151641693,True,False
TMEM53,381.6904391105495,False,False
TCEA2,381.51452068404865,False,False
PMM1,381.4175825081002,False,False
PABPC4,381.16936977050216,False,False
CCND2,381.07456080757044,False,False
CSTF3,380.7335625855353,False,False
ARVCF,380.5809336871718,False,False
MXI1,380.42054256763873,False,False
STAT1,379.9043574107216,False,False
SDR39U1,379.362316538583,True,False
PPME1,379.31206277444414,False,False
SKI,379.10870108198526,True,False
EIF2AK1,379.0601585851142,False,False
EFEMP2,378.2483427688295,False,False
COMMD6,378.1380618550491,False,False
FEM1B,377.35979077797657,False,False
MLF1,377.226145594273,False,False
SEP15,377.09056555894773,False,False
NUP160,377.0393603162906,False,False
RAPGEF5,376.6929225561755,False,False
HMOX2,376.44595237861296,False,False
KCNMA1,375.85003973576164,False,False
PTPRG,375.6071737656596,False,False
CTPS,375.29162939783134,False,False
ZBED5,374.3746152437099,False,False
PAIP1,374.3473779555743,False,False
YIF1A,374.3037381034262,False,False
GCSH,374.06100367524067,False,False
PCDHB2,373.79658330116615,True,False
TMSB15B,373.5285045981449,False,False
RECQL4,373.09343292042433,True,False
HCN3,373.048010343194,False,False
PSMD13,372.862901973892,False,False
TP53I11,372.7745841667544,False,False
TMEM127,372.73246703863566,False,False
UNC119B,372.6333445046847,False,False
PLAUR,372.38781142342464,False,False
CASZ1,372.1636640096618,False,False
RGS8,372.08628533529844,False,False
PIGY,371.7078002152273,False,False
NRSN1,371.43357529330575,False,False
MEF2C,371.26554857294917,True,False
NUPR1,371.19258558269297,False,False
TRIM46,370.93354117567935,False,False
GRIPAP1,370.7874782076476,False,False
MYEF2,370.7050920634921,False,False
CADM1,370.53302576879435,False,False
DAAM1,370.3791658490367,False,False
COPZ1,370.2890389280743,False,False
MXD4,370.0790105905885,True,False
GBAS,370.015766955586,True,False
PRKACB,369.80311007942356,False,False
HSD17B14,369.74773388777766,True,False
HADHB,368.7830347451778,False,False
SOCS3,368.24847750815877,False,False
RPP21,367.6690109537846,False,False
EPS8,367.18177957270353,False,False
ATP6V1D,367.1801946549929,False,False
TIMM23,367.1318005363138,False,False
TMEM14C,367.0237653676996,False,False
UBE2V1,366.97504804716283,False,False
MRPS9,366.4565935338223,False,False
NECAB2,366.4107830414897,True,False
DUSP14,366.4060713595583,False,False
SLC20A1,366.39195616673095,False,False
CHTF18,366.286463780398,False,False
STOML1,365.9069894000539,False,False
DCHS1,365.6151884829982,False,False
PCOLCE,365.29010249499953,True,False
AKR1A1,365.21817797253516,True,False
TGIF2,364.9461966364881,False,False
GYPE,364.3872749301098,False,False
LRRC59,364.3208988220982,False,False
NBPF16,363.7105904878876,False,False
SORBS1,363.54180371091695,False,False
AFAP1,363.39790721654913,False,False
ZNF618,363.30688036635433,False,False
NOL3,363.2370913757004,False,False
SPAG7,363.0887459147747,False,False
TRAM1,362.8596943093425,False,False
SSR3,362.5412322466692,False,False
CLCN4,362.4492981629645,False,False
ATAD2,362.275691867565,False,False
POLR2I,362.18867154437305,False,False
MVK,362.1870131218491,False,False
NCOA4,361.81698174135295,False,False
TRIM22,361.71536806505947,False,False
PCGF2,361.37171308324855,False,False
SGK223,360.795268606637,False,False
HPCA,360.4081056631692,True,False
TRIP12,360.36896509106214,False,False
PTGFRN,359.7988002368671,False,False
DDX23,359.7875055058428,False,False
CSNK1D,359.52170757916036,False,False
LOX,359.0363100302956,True,False
LTBP3,358.82283575113166,False,False
PRKACA,358.36255706507114,False,False
CNIH4,358.08035096325926,False,False
ABHD14A,358.0390431255922,False,False
RDBP,357.77131670468236,True,False
ME1,357.71901148015587,False,False
TOMM22,357.2619216970208,False,False
RAB18,357.2051814623762,False,False
RAB14,356.68839396895584,False,False
FCF1,356.30517824098445,False,False
CHTOP,356.0773865301611,False,False
MRPS26,356.0702991104327,False,False
STARD3NL,354.4547194441521,False,False
ALDH7A1,354.05103140447534,False,False
EIF1AX,353.8117010188207,False,False
MADD,353.722281197436,True,False
SPPL3,353.310049142015,False,False
EHMT1,353.25930614216696,True,False
AP3D1,352.28707032845557,False,False
ZRANB2,352.20088845667965,False,False
BAZ1A,352.0285333432759,False,False
SPCS1,351.893089693652,False,False
EPHA3,351.8663532003369,True,False
MYO1B,351.74390249967826,False,False
SIGLEC10,351.7408817817081,False,False
PSMC6,351.17518362400716,False,False
CCNJ,350.99064419178626,False,False
FAM169B,350.9494231141289,False,False
DMWD,350.91879060018005,False,False
LARS,350.9065710548479,False,False
SPRY2,350.76157153150626,True,False
R3HCC1,350.5081966078301,True,False
UBE2V2,350.36339574458134,False,False
RAB5A,350.3459912458622,False,False
GIGYF1,349.6938744078324,False,False
CCDC104,349.53423566457286,False,False
TCF25,349.42016734919474,False,False
CDCA7,349.0786892988736,False,False
ALPK2,348.9221044373092,False,False
ARL4D,348.6043156174334,False,False
AJUBA,348.60229563404334,False,False
TRIM44,348.47289858406145,False,False
TMEM120A,347.8114160274181,True,False
ECM1,347.6874145798972,False,False
DCTN4,347.6493017417038,False,False
USP39,347.5472350803008,False,False
PPP2R4,347.4620625024857,False,False
RNF145,347.0544845872665,False,False
ACYP1,347.00842341825455,False,False
LRRC24,346.7473248160625,False,False
LDLR,346.4548551964534,False,False
CHCHD1,346.4151049139675,False,False
CSK,346.38525828449775,True,False
DAB2IP,346.3197603303272,True,False
INTU,346.0859301078476,False,False
CHTF8,345.71318670503325,False,False
SLC6A17,345.57829505854414,True,False
ZNF692,345.20746927512835,False,False
HSPBP1,345.207432153677,True,False
PFDN1,344.49531912598985,False,False
TOX,344.4436524716053,False,False
TNKS1BP1,344.3415385297867,False,False
B4GALT5,344.2281361172521,False,False
CCDC107,344.08519587851356,False,False
KIAA0100,343.96663762091913,False,False
UBQLN2,343.9606751546947,False,False
LONP1,343.3648418599618,False,False
RBM4B,343.04119701313584,False,False
PTP4A2,343.032691565194,False,False
JPH3,342.395399848522,False,False
HIST2H2BE,342.2853025049421,True,False
NUDT11,341.95894611830477,False,False
CDS1,341.7753870892842,False,False
RFC5,341.50852377209293,False,False
AKAP17A,341.4779571001626,False,False
UNC5C,341.2998092951305,False,False
ARL10,341.12872106303587,False,False
ATRN,340.81535727561965,False,False
KLC2,340.8099578721737,False,False
UFC1,340.7882027558456,False,False
ACADM,340.7460062281409,False,False
LRRC55,340.67266392251815,False,False
AK4,339.93640166099357,False,False
ZBTB12,339.9167927688295,False,False
BSDC1,339.8281135657555,False,False
PRR11,339.6528843667754,False,False
C1QTNF4,339.3568829824192,True,False
LMBR1L,339.31174534453925,False,False
RAPGEF2,338.60197848720924,False,False
CIB1,338.44026373828825,False,False
ANKS1A,338.2823890093694,False,False
TOMM40,338.2193506310606,True,False
KLHL13,337.9292706138657,True,False
C9orf125,337.9054655273655,False,False
C19orf60,337.8665514030716,False,False
FANCA,337.44861214630777,False,False
NTRK3,337.4355541823116,False,False
SNW1,337.32586085377403,False,False
RPA2,337.20922112327617,False,False
MRPL53,337.17098699102826,False,False
C16orf5,336.9655344562586,True,False
GOLGA8B,336.81558599618677,False,False
SPOCK3,336.7024579125288,True,False
UBXN4,336.6775905299973,False,False
NUP188,336.49702941128305,False,False
NCK2,336.45540429518894,False,False
DDX49,336.4516462996105,False,False
ST6GALNAC6,336.11531965937934,False,False
TTK,335.58712981483427,False,False
SF3A1,335.45805579534687,False,False
DTL,334.59489526909266,False,False
GRID2,334.53775048367663,False,False
ZMAT2,334.52238366611687,False,False
AIP,334.45963183259056,True,False
C7orf44,334.2893382087003,False,False
CPSF3L,334.21744198863036,False,False
CECR5,334.0714064006737,False,False
SMG5,333.84461149185296,False,False
PPIF,333.4396596372718,True,False
CTCF,333.4108933531015,False,False
ASCC1,333.14343882981836,False,False
NDUFB3,332.87851596600814,False,False
ZEB1,332.66459987834975,False,False
CAMSAP1,332.65731775567014,True,False
VPS37D,332.54259675345946,False,False
ARHGAP23,332.479653694541,False,False
ALDH18A1,332.47452948497505,False,False
PAK3,332.04539264776406,False,False
ST3GAL5,331.8252297505001,False,False
POLR2D,331.5370471745564,False,False
SUPT5H,331.00918663309585,True,False
NDUFA7,330.9962571738546,True,False
PDIA5,330.803281945468,False,False
MEAF6,330.6716950889567,False,False
LMO4,330.6236664912096,False,False
BRMS1,330.4966259565334,False,False
PATZ1,330.4650312717128,False,False
POLR2E,329.96436190242247,False,False
ANAPC13,329.74214860102234,False,False
NARF,329.37166908621964,False,False
MPRIP,329.3223781450679,False,False
IDH3G,328.9814560456657,False,False
C8orf59,328.6148922950954,False,False
MAPK4,328.37916881543083,False,False
ZFAND6,328.34659449357247,False,False
PENK,327.19285823536984,True,False
TUSC3,327.1884601917161,False,False
PPIL1,327.1656450690716,False,False
UFM1,327.05741112865684,False,False
SND1,327.0397865646677,False,False
PDAP1,327.01990674807877,True,False
FAM104B,326.43727102794446,False,False
SLC22A23,326.3250458837772,False,False
LPCAT4,326.1448419623118,False,False
CLIP1,326.0928243370647,False,False
RQCD1,325.929780318981,False,False
RASSF8,325.7663204600483,False,False
PAFAH1B2,325.1615064954206,False,False
PFKFB4,325.08253676995236,False,False
PPP1R7,324.95446415002755,False,False
LRRN2,324.8608361511738,False,False
C12orf44,324.73013003240106,False,False
FGFBP2,324.5678380040004,False,False
FAM213B,324.38062130750603,False,False
MEX3D,324.31908547157013,False,False
EIF2S3,324.2392922740405,False,False
COPG1,323.93027397094437,False,False
NDUFS2,323.75753924740616,False,False
ABLIM1,323.74458260460165,False,False
VRK1,323.6684435162766,True,False
PCDHA4,323.6249158695067,False,False
TLE3,323.55008801394297,False,False
BBC3,323.5306379595513,True,False
MSANTD3-TMEFF1,323.3061483945678,False,False
ATAD1,323.2371983419307,False,False
CCDC92,322.6085997473418,False,False
WDR5,322.519404017382,False,False
HOMER3,321.9497331087483,False,False
CPSF4,321.36567335801436,False,False
KCNN1,321.2668313623656,True,False
ARMCX1,320.77059442572903,False,False
ADAM15,320.7330434320572,False,False
MVP,320.57925518475633,True,False
SEPHS2,320.44956688598796,False,False
NELL1,319.947510437356,True,False
CCDC12,319.598854303377,False,False
REXO2,319.41675132411603,False,False
GLIPR1,319.30734242493355,False,False
MOCS2,319.27620222245616,False,False
C12orf51,318.8929731129593,False,False
PBXIP1,318.5695662753974,False,False
NUAK2,318.507224679206,False,False
ProSAPiP1,318.4070761530453,False,False
AGAP1,318.0409747973471,False,False
PLXNA1,317.77119341451146,False,False
IQGAP1,317.2441858300874,False,False
MRPL9,316.69212337731454,False,False
FIBIN,315.96014265185806,False,False
RTN4R,315.86117614251793,False,False
SLC4A8,315.82714803254146,False,False
KIAA1161,315.66323128750395,False,False
CCDC136,315.6219888198758,True,False
SRGAP3,315.2962776742581,False,False
ZNF609,315.00131137780585,False,False
FAM70A,314.7822394567849,False,False
C21orf33,314.48378758290346,True,False
GNPAT,313.79947988209284,False,False
MRPL52,313.72861486998636,False,False
WWTR1,313.67787681802764,False,False
NCAM2,313.48817204384085,True,False
ZNF580,313.3707158975799,True,False
LZTS2,313.1308247441251,False,False
ESPN,312.9907764443041,False,False
RRAGC,312.9016674018318,False,False
RRP36,312.4910501737025,False,False
GPR125,312.4204730351733,True,False
TSPAN6,312.3997408358775,False,False
KRT17,312.29446610988293,False,False
NUDCD2,312.2169464972921,False,False
BTBD1,312.1495065000994,False,False
PRMT8,312.09645238036757,False,False
ADARB1,312.0536972780761,True,False
SAMD10,311.9071713075061,False,False
KCNIP4,311.3431651431145,False,False
ELOF1,311.2585260793534,False,False
ESPL1,310.97425615327927,False,False
RAD23A,310.91219939408825,False,False
CAPN5,310.9067208179809,False,False
ARPP19,310.9018217596004,True,False
MEGF8,310.7745283556164,False,False
GATSL2,310.68079942742514,False,False
OBSL1,310.6431909984677,False,False
UPF3A,310.55211818554,False,False
PPP6R3,310.1980305745634,False,False
NCOA6,310.16359471113924,False,False
HBEGF,310.1242034296007,False,False
CIZ1,309.81650473149216,False,False
DNMT3A,309.73215578072546,False,False
C6orf108,309.7139905492976,False,False
EXOSC9,309.44279128621724,False,False
PAQR3,309.3433020160017,False,False
AUP1,309.1805818255723,False,False
MED24,309.10228920939045,False,False
UBE2A,308.65135009065284,False,False
RIMS3,308.57468630382147,True,False
GMFB,308.4389084114118,False,False
CEBPB,308.43199996256914,True,False
NFASC,308.21726735211894,False,False
FTO,308.05899270391035,True,False
EXOC6,307.79435053806833,True,False
ACSL4,307.69970548771215,False,False
KLHL9,307.17958833561426,False,False
G6PC3,307.09743882104556,False,False
ZNF436,307.0628157963996,False,False
SLIT2,306.61859964499183,False,False
MIS18A,306.192352521318,False,False
PAK2,306.1130651045139,False,False
ATP8A1,305.8003969523108,True,False
SERINC5,305.30141800715865,False,False
ZNF638,305.28070329976254,False,False
QDPR,304.68424299165997,False,False
BTBD17,304.57839707863985,False,False
SLC14A2,304.41785493502243,False,False
TCF7L1,304.3168719122481,False,False
CLCN3,304.231910858453,False,False
LPIN2,304.213256563264,False,False
LMAN2,304.1758779479711,False,False
UBE2D2,304.0648243370647,False,False
DACT2,303.89863170860093,False,False
POLA2,303.4111502520733,False,False
C19orf24,303.26080444725176,False,False
TSG101,302.53789612064423,True,False
FCHO1,302.31146089354434,False,False
METRNL,301.99580599829227,False,False
ASPM,301.870313906727,False,False
IL1RL1,301.76574633587165,False,False
DCTN6,301.54800021054854,False,False
FAM59B,301.0356366828088,True,False
CRYBA4,300.86573587219704,False,False
CD59,300.85581307798486,False,False
PLEKHG2,300.44689637798126,True,False
OIP5,300.15411284287234,False,False
SPAG16,299.4970379314782,False,False
PRPF31,299.4087973219403,True,False
BACE1,299.26845878279585,False,False
TXN2,299.2045906358564,False,False
ZNF192,299.19635115567723,False,False
KLF10,299.0583456112339,False,False
LSMD1,298.4839021891194,False,False
NAAA,298.17937063375086,False,False
CAMK2D,297.7232051753986,False,False
TMEM55B,297.67714043349594,True,False
UPP1,297.6608545297165,False,False
KIF23,297.49496827034426,False,False
COL2A1,297.4901656203577,False,False
PDLIM5,297.4830452731867,False,False
GPRASP1,297.4515454427952,False,False
C1orf233,297.3618448567686,False,False
KIFC3,297.13400806400676,True,False
TMEM231,296.9955475576377,False,False
MCOLN1,296.98047086652394,True,False
CA14,296.65697151805455,False,False
MTCH2,296.460157396685,False,False
METTL3,296.43497162274394,False,False
ITPKB,296.32749877121574,False,False
PSME3,296.1491956673801,False,False
PPP2R5C,296.04840299446727,False,False
ZFAND5,296.0072488291165,False,False
CEBPD,295.9565378250342,False,False
FAM19A5,295.65401395936414,False,False
SNRPB2,295.5417214075166,False,False
ACBD5,295.329763404335,False,False
TRIM67,295.2640507240528,False,False
ARHGEF9,294.9255929863962,False,False
EP300,294.63516129885016,False,False
PTDSS1,294.607874319519,False,False
PHLDB1,294.3191783111672,False,False
PHB,294.00789805242664,False,False
ITGB4,293.7261604145466,True,False
KCNK6,293.59825819852387,False,False
PEX5,293.51078955971974,False,False
HJURP,293.1959623749869,False,False
SEC61A2,292.5262336555894,False,False
SFXN5,292.210679807816,False,False
TIMP3,292.19124845246864,True,False
MAP1S,292.1710364839574,False,False
CHML,292.1502100478413,False,False
ZNF853,291.88650237334923,False,False
CDK6,291.62227477746194,False,False
GDPD2,291.5581233235077,False,False
THOC1,291.5194074113065,False,False
LRP8,291.32517747657647,False,False
PIK3C2B,291.1439066480682,False,False
IFRD1,291.11807390017657,False,False
APOL6,291.1120287234914,False,False
GLYR1,290.766999542057,False,False
CDIPT,290.6546283187704,False,False
KAL1,290.57199765179956,True,False
CAPZA2,290.3596900422267,False,False
SC5DL,290.28201527646183,True,False
SERPINI1,290.14475448234316,True,False
TSHZ3,290.130020633751,False,False
NCALD,290.00216301189596,False,False
JUNB,289.81797946918397,False,False
ST18,289.72011336924356,False,False
ITPA,289.671091900317,False,False
CASD1,289.6266272239183,False,False
GOLIM4,289.6181635657554,False,False
MTG1,289.5731795112936,False,False
LSM10,289.4778131990502,False,False
SLC35F1,289.14642925512624,False,False
FAM113A,289.0925882513949,False,False
SNX17,288.7664928284849,False,False
VASH2,288.7577836456469,False,False
SMPD1,288.3155242967096,False,False
SVIL,288.1107792796903,True,False
GALNT11,288.05552424992106,False,False
XRCC1,287.9285005977237,False,False
C15orf40,287.91944599548486,False,False
DCAKD,287.49438656993135,False,False
PROM1,287.46249874723657,False,False
LPPR1,287.3748388298183,False,False
ORMDL3,287.3700741972839,False,False
BAZ2A,287.3120232562492,False,False
FANCD2,287.1253946006012,False,False
CELF1,286.93331433776655,False,False
FAM123A,286.9076861827561,True,False
SBF2,286.7754524055163,False,False
DPF2,286.4593109268812,False,False
WFDC12,286.4358572738651,False,False
DNASE2,286.342422954463,False,False
PDS5A,286.290109064112,False,False
GPR161,286.2857441812588,False,False
LRRC4,286.0378381472904,False,False
GMIP,285.99828020317926,False,False
STK19,285.665216657309,False,False
SNX5,285.58806588588277,False,False
PTEN,285.4358855908809,False,False
AFF3,285.4336526207437,False,False
MTX2,285.3657852826613,False,False
RIC8A,285.1586297136541,True,False
MRPL21,284.81425023686705,False,False
MAN2C1,284.69643872278954,False,False
FAM173A,284.5877531319086,False,False
BABAM1,284.4739904036682,False,False
TMEM222,284.29935481395705,False,False
SECISBP2,284.160030829561,False,False
RGCC,284.0583302505527,False,False
PHACTR3,283.97388253500367,False,False
TADA3,283.5701278713549,False,False
USPL1,283.48821967517046,False,False
KIF18B,283.4168397357617,False,False
ISCA1,283.13552184440465,False,False
POGZ,283.0785715174697,True,False
TMCC1,283.0471445234001,True,False
SCUBE2,282.96641909674696,False,False
ZFYVE27,282.938249105169,False,False
BOD1,282.58610287164726,False,False
NEDD1,282.2334094325718,False,False
ULK2,282.17689912212984,False,False
NBPF1,281.7330590494906,False,False
C11orf48,281.7320109023172,True,False
ARHGEF12,281.68567561088304,False,False
UBR4,281.22237861997166,False,False
TSSC4,281.1721789972044,False,False
DCTPP1,280.95164727339716,False,False
QTRT1,280.94616507468623,True,False
GBA2,280.91987317729354,False,False
DPM1,280.5034608373981,False,False
C17orf70,280.2316983922284,False,False
DLG2,280.0949028581956,False,False
MICU1,280.06024579955783,False,False
SS18,280.05532016294114,False,False
AFF2,279.67965061351487,False,False
ARRDC3,279.66161897334223,False,False
VLDLR,279.607486640699,False,False
SERP1,279.5274766607011,False,False
JTB,279.44879313904386,False,False
LITAF,279.27491140646384,True,False
TMEM14B,278.7132834660959,False,False
VN1R2,278.67812450199443,False,False
TCEAL5,278.57693852452303,False,False
SESN3,278.48752808190335,False,False
MORN4,278.3876068849353,False,False
CNOT3,278.207762590799,False,False
SATB1,278.1883679755764,False,False
KCNA6,278.1311263501421,False,False
DUSP3,277.9935659221439,False,False
CRK,277.93423794609964,False,False
WDR54,277.8880071001626,False,False
FAM116B,277.769852726018,False,False
TSEN15,277.7645328613538,False,False
BOP1,277.68935813360474,False,False
EPDR1,277.6123576774163,False,False
NRXN3,277.56876616778374,False,False
GNG12,277.5514364933151,False,False
NT5C2,277.5079352142331,False,False
PRCC,277.50687399667805,False,False
ZCCHC17,277.47284272028634,True,False
CNIH,277.2765071112749,False,False
C20orf27,277.2617510737972,False,False
SHF,277.2560004520944,False,False
LHFP,277.0497235761659,False,False
FXR2,277.0025455995368,False,False
LSM6,276.9399105636851,False,False
MAFG,276.88499052531847,False,False
SEC23IP,276.8845277233861,False,False
SS18L1,276.7769972956217,False,False
PLXNA4,276.66764118854616,True,False
PIK3R1,276.60534664993975,True,False
DCBLD2,276.4408688961411,False,False
KANSL3,276.1587572966745,False,False
SYNE2,276.0694255933373,False,False
AMPD2,275.92161951374993,False,False
SYT2,275.8604294557322,False,False
BRF1,275.86011858090325,False,False
USP5,275.8585524207227,False,False
LYPLA1,275.72166085845294,False,False
SACS,275.60700068369766,False,False
TNFAIP1,275.52285920915654,False,False
GRK5,275.47863855669016,False,False
WDR41,275.0519541384473,False,False
COL9A2,274.77185244353205,True,False
EPRS,274.52427781637834,True,False
UGP2,274.499156166731,False,False
LIPG,274.34807224386196,True,False
SRP68,274.28570245815354,True,False
AP1S3,274.05153752792694,False,False
MKI67IP,273.94775810611645,False,False
NKIRAS2,273.2249954620954,False,False
TNRC18,273.00746531213815,False,False
PXDC1,272.9225768075002,False,False
IGBP1,272.794923089565,False,False
TONSL,272.1498670292779,False,False
JAKMIP1,271.782692836088,False,False
ATF6B,271.68827530909687,False,False
ULK3,271.6257016738604,False,False
MLH1,271.35169936309086,False,False
YES1,271.20374276882944,False,False
EMD,271.1543228088337,False,False
NDUFB5,271.08224952392646,True,False
ZC3H14,271.0816158543004,False,False
ETNK2,270.96075628779636,False,False
ARNTL,270.5767766922834,False,False
DMTF1,270.4280141675732,True,False
DPPA4,270.18636795452153,False,False
CD46,269.4734866196442,False,False
PUM1,269.4111923758056,False,False
TRAK1,269.35908257477394,False,False
C3orf14,269.3001052578634,True,False
TMEM178,269.2542568106584,False,False
CASK,269.10965584915374,False,False
GLS,269.0218015469465,False,False
C12orf23,268.9289142184557,False,False
PSMD7,268.68366213285606,False,False
SLC25A4,268.16037925688084,False,False
C18orf1,268.02031270250666,True,False
TAOK1,267.89797406510627,False,False
MLL,267.8434874086161,True,False
CBR1,267.7955448971237,False,False
TRIM37,267.7345372050859,False,False
PCK2,267.5960630428934,True,False
CRKL,267.5356593957259,False,False
SH3GLB1,267.5305152384461,False,False
ASGR1,267.3163839380754,False,False
AFF4,267.1008784082535,False,False
KDM3B,267.07108502473943,False,False
MUC1,266.747193105707,False,False
COMMD7,266.7187327607584,False,False
CYFIP1,266.7015035477419,False,False
TPST1,266.64315704401633,False,False
NCSTN,266.2536273555111,False,False
DOK5,266.2238488150799,True,False
SHKBP1,266.1849394936309,False,False
GPR153,266.184468545227,False,False
ZNF780A,265.1429564141255,False,False
PARP11,264.8920962183153,False,False
NMB,264.61331784866246,False,False
PPP3CA,264.6034287188125,True,False
FMNL2,264.46982930425423,False,False
TRIM47,264.45448696178545,True,False
PDIA2,264.45239707630043,False,False
KAZN,264.341900752126,False,False
ZSCAN18,264.3058548455393,True,False
ABCA2,264.1196118538793,False,False
SERTAD1,264.02806255687733,False,False
GRIN2D,263.9896092530208,False,False
FAM171A1,263.88727868196656,False,False
FAM120A,263.8293857721866,False,False
STK39,263.6379188522768,False,False
MAN2A2,263.631854205121,False,False
MIIP,263.5951149220386,False,False
GRHPR,263.506339346247,False,False
UNC13A,263.42312255617554,False,False
CLASP1,263.23343257477393,False,False
TMEM189,262.8084516106958,False,False
KLF6,262.7303009907476,True,False
C1QTNF9,262.35669475207925,False,False
SDHA,262.29065228445097,False,False
PDE6D,262.2675341924881,False,False
ZNF829,261.9324291796796,False,False
TSC2,261.78504524452865,False,False
NCAPH,261.7362793235545,False,False
TUBG1,261.60040067901883,False,False
EHD2,261.5232653080441,True,False
AURKA,261.356633395913,False,False
RAB11FIP3,261.22417483009906,False,False
PFDN6,261.1058919938941,False,False
ADRBK1,261.0316094325719,True,False
MDC1,260.90691659238985,True,False
C16orf53,260.6788111356751,False,False
CAB39,260.54819825771136,False,False
KNTC1,260.5161083248529,False,False
MRPL37,260.48221490273824,False,False
NEGR1,260.4335184803079,True,False
YLPM1,260.41083409247756,False,False
TMX2,260.2056324034109,False,False
CDT1,260.18449902387385,False,False
KIAA0317,260.1185065164754,False,False
NRP1,259.97822390017666,False,False
SYT7,259.80635614567615,False,False
NRAS,259.6247879829456,False,False
HSPA13,259.4475149173597,False,False
PHF19,259.3463032950837,False,False
GNA12,259.1797772724615,False,False
ZNF395,259.16090707559863,True,False
TRNP1,258.9579205811138,True,False
POLR1D,258.87868774022996,False,False
MPDZ,258.8418121328561,False,False
MAB21L2,258.81654242493363,False,False
ARFGAP1,258.59274696576244,False,False
RND1,258.4851682118586,False,False
LOC643669,258.4191344662011,False,False
ZNF768,258.4163395778503,False,False
RAB40C,258.38780991683336,True,False
C1orf88,258.3705034962744,False,False
IK,258.3405703454165,True,False
ANKRD10,258.33448230866406,False,False
FZR1,258.2244634060895,False,False
EPHA8,257.8451007994994,True,False
PTP4A3,257.5909417254448,True,False
GDAP1,257.55239943444343,True,False
CORO1A,257.5059958761741,True,False
CKAP2L,257.5051475313191,False,False
FAM126A,257.4371537477629,False,False
STAU1,257.432627960838,False,False
TTYH2,257.1592042320244,False,False
SLC12A5,257.0052014504451,False,False
WBP11,256.9427022522838,False,False
SRCIN1,256.9423810506369,False,False
DDX56,256.69323716473076,False,False
COMTD1,256.01770927933933,True,False
SRP72,255.99798349299923,False,False
SLTM,255.97281347802692,False,False
TPD52L2,255.9217615444901,False,False
GTPBP6,255.83990527891822,False,False
VARS2,255.65884382040218,False,False
AKAP6,255.55799422863225,False,False
NINJ1,255.53125529529424,False,False
SETD5,255.47593195599535,True,False
FAM96A,255.27615061526947,False,False
ANKRD13D,255.0288053245371,False,False
MARK4,254.99897129288462,False,False
HEPACAM,254.93923346083213,True,False
ALKBH5,254.91620737446044,False,False
PIGT,254.74549028786657,False,False
MLL5,254.67136959679968,False,False
C16orf7,254.63670318747003,False,False
RCN3,254.3839400825818,False,False
SIGMAR1,254.365300331029,False,False
FAM127C,254.34262454585863,False,False
CDK9,254.22131699945024,False,False
ANKIB1,253.84893930881614,False,False
LRP4,253.74508828765605,False,False
SDHD,253.7108722210525,False,False
GCN1L1,253.67746708366965,False,False
FBXO21,253.6284661098829,False,False
CDK5RAP2,253.55613992116128,False,False
CDKN3,253.2942274724825,False,False
NFIB,253.25930055795342,True,False
AKT1S1,253.02933365617437,True,False
SLC25A11,252.98481597829013,False,False
MEGF9,252.50841831362368,False,False
NDUFB6,252.38375565615092,False,False
NACC2,252.13317054894668,False,False
GTF3C5,252.097495116445,False,False
PLK3,252.02946833292395,False,False
NOLC1,251.9613232340246,False,False
FAM5C,251.28686954006855,False,False
VPS29,251.1485743739107,False,False
DECR1,250.97514042004423,False,False
PPFIA4,250.56539842556526,False,False
AGPAT3,250.4588062632324,False,False
WNT7A,250.41916149594692,False,False
MSRA,250.01550376121466,False,False
TPR,249.77228269934847,False,False
MRAS,249.764471528582,True,False
LARP7,249.7220768133488,False,False
MRPL47,249.65669531822059,False,False
MAGI1,249.56586971552562,False,False
TAF13,249.5253938636816,False,False
RAB5B,249.5101461376051,False,False
SMARCA1,249.36967184381982,False,False
PSMD10,249.1649140330561,False,False
MPDU1,249.10530128376087,False,False
TSPAN17,249.08749923149807,False,False
SMC2,249.0138778239815,False,False
SIN3B,248.96759450936352,False,False
NCAPH2,248.93733200980222,True,False
OGDH,248.86015447707945,False,False
AP1G2,248.62369607853458,False,False
DNM3,248.45134258635414,False,False
NOL7,248.42595856873822,False,False
CENPK,248.30781150121064,False,False
AP2A2,248.26152395281377,True,False
CDC7,248.2151181176966,False,False
AHNAK2,248.04268271338506,False,False
DGKZ,248.0221055368401,True,False
SSBP2,248.0090742657122,False,False
RB1,247.34038599443218,False,False
RNF44,247.27708083423985,False,False
LAMA4,247.19855953726125,False,False
VMP1,247.05292054368292,False,False
PPP1R10,247.03775023160333,False,False
LPP,247.00431110935654,False,False
C15orf63,246.69917700401209,False,False
VEZT,246.66475368401353,False,False
NBEA,246.5554812676188,False,False
KRT18,246.4840776058298,False,False
ATP5G3,246.48294918353983,False,False
C3orf70,246.41907206665024,False,False
ABCC5,246.27757838135008,False,False
POMT1,245.97096101168546,False,False
PCM1,245.491138263092,False,False
THOC6,245.38141467990783,False,False
SMG1,245.29922559158274,False,False
NFE2L2,245.2852825116094,False,False
ELAC2,245.23809839456783,False,False
PNKD,245.2371361242704,False,False
RFPL1,245.22009531822061,True,False
ALAS1,245.21163567159115,False,False
EHBP1,245.21095782713968,False,False
CTDSP2,245.15433250342141,False,False
POM121,245.13030624744127,False,False
UBL7,245.11134684177284,False,False
PROSER1,244.98196791241185,False,False
TMEM163,244.97728738054303,False,False
TPBG,244.68174364143596,False,False
SUN1,244.68126456586077,False,False
SFXN1,244.4896465692295,False,False
FARSA,244.4829156121697,False,False
CRIM1,244.45190475956534,False,False
SLC35B1,244.34590443672434,False,False
DNM1L,244.3362659648384,False,False
CACNA2D2,244.24800469113706,False,False
ANAPC5,244.24185794294138,False,False
F2R,244.23290894948005,False,False
FAM220A,244.04371276976525,False,False
ZCCHC3,244.01066111988396,False,False
PDXDC1,243.73088798586986,True,False
SECISBP2L,243.6591495525845,True,False
ARL6IP6,243.3506274795008,False,False
KLRG1,243.14331284287226,False,False
KIAA1211,243.07387142096832,False,False
PRPH,243.0499983044999,False,False
DPCD,242.9778377723971,False,False
ETF1,242.94232513188524,False,False
CDC123,242.6466893146647,False,False
CECR6,242.2587515106853,False,False
MIS18BP1,242.10026523961585,False,False
RAB35,242.05507852347029,False,False
MAN1B1,242.01790577955578,False,False
ABL1,241.99315494554986,False,False
ZCCHC24,241.95906192698646,False,False
POLB,241.65201866629238,False,False
MEX3C,241.64170380566372,False,False
RHOU,241.62081096723637,False,False
ZDHHC22,241.40281964943676,True,False
SVOP,241.33310188967258,True,False
OBFC2B,241.31533481886981,False,False
MED13L,241.22672046648182,False,False
C11orf68,241.04418676644323,False,False
BRD3,240.96401879086687,False,False
IRAK1,240.7426442953059,True,False
ECEL1,240.727261169012,True,False
HARS,240.6373531319086,False,False
USP7,240.3877532371829,True,False
IL17RD,240.34603409949588,False,False
R3HDM2,240.3171815255407,True,False
FAM192A,240.29455298920357,False,False
IRX3,240.20101164859463,False,False
BCAS2,240.1597382250763,False,False
PDCD6,240.15794233077168,False,False
SLC35A4,239.99796887157714,False,False
MAEA,239.66983044121602,False,False
EXOSC3,239.5580207138763,False,False
FGF5,239.39272603899818,False,False
TACC2,239.16093659449535,False,False
ACVR2B,239.08310463148166,False,False
TMEM111,238.90553389070197,False,False
GREM1,238.87151425354716,False,False
FAM198B,238.79462873050963,True,False
SHC2,238.57265476131988,False,False
PIH1D1,238.37116507000735,False,False
PLXDC2,238.36165388227994,True,False
AASS,237.9152232123849,False,False
MTRNR2L4,237.86913300347408,False,False
ELMO2,237.56368802622498,False,False
BRIP1,237.4562286515539,False,False
CREB3,237.33971601747555,False,False
C20orf111,237.32221436466992,False,False
YY1,237.31683760922203,False,False
PPP1R12C,237.19282320244238,False,False
SPRY1,237.15559980114867,False,False
EPS15,236.95994957363934,True,False
CLK2,236.7072273555111,False,False
GSTK1,236.69152377911126,False,False
ITFG3,236.20298701910144,False,False
TRIP13,235.6695933636289,True,False
INPP4A,235.57625368986209,False,False
CTNNBIP1,235.3150619269865,False,False
SORBS3,235.28741047420195,True,False
CCDC112,235.20119778690156,False,False
MYOF,235.04178021838555,False,False
PEPD,234.8180881736089,True,False
NTNG2,234.59476553613828,True,False
PRPF38A,234.53595105742122,False,False
MFF,234.52923160625093,False,False
CHST3,234.1827601010633,False,False
MAP2K1,234.07006405352607,False,False
BPTF,233.87150931677022,False,False
ZNF512,233.8138581634324,False,False
RBBP8,233.79335811781357,False,False
HDAC3,233.7712104642594,True,False
DIDO1,233.7492765513329,False,False
ARPC1B,233.6684965627961,True,False
C1orf63,233.57495048426154,False,False
TMEM167A,233.44278772970253,False,False
SMEK1,233.3590946795569,False,False
KLHL23,232.97460681943127,False,False
FBXO17,232.8946748967728,False,False
KDSR,232.83949791030636,False,False
TIMM13,232.81878216244985,False,False
SEC14L1,232.81794882034367,False,False
KIAA0913,232.81192729761028,True,False
PRPF6,232.80224732720401,False,False
C17orf81,232.5805660859038,False,False
CCZ1,232.53245301610696,False,False
SEMA3C,232.50139836766445,True,False
SREK1,232.40145466306396,False,False
KIAA0284,232.1269273514171,False,False
NT5E,231.9567177018634,False,False
NUDT16L1,231.83835642816203,False,False
ARL2BP,231.8030514258811,True,False
E2F7,231.46661182346682,False,False
THOP1,231.46359761670817,False,False
CNOT6,231.36624055631586,False,False
CA2,231.30438134540478,False,False
C11orf41,230.83967830063983,False,False
ACTR1B,230.80762905861434,False,False
RGS3,230.79046562386685,False,False
OPRL1,230.6305222333345,False,False
MLST8,230.53258682960777,False,False
TSEN2,230.48371400088897,False,False
TMEM85,230.3187792165257,False,False
KIAA0528,230.23081816623974,False,False
FZD3,230.17137494765527,False,False
GCFC1,230.05981097483948,False,False
SKAP1,229.98744227813458,False,False
MDM2,229.91089356774395,False,False
SEC22B,229.85028824613119,False,False
FLCN,229.62703371407514,True,False
SMARCAD1,229.60783204840274,False,False
ZNF483,229.5834189242143,False,False
ROBO2,229.5327561246213,False,False
ZNF441,229.49802817606528,False,False
ATP5SL,229.42597201576777,False,False
LEPRE1,229.2361813506685,False,False
ARL8B,229.11570928460304,True,False
CDH4,229.08478906317623,True,False
FAM136A,229.06949753131912,False,False
TRIM3,228.84118204489363,True,False
SCAF8,228.57841672924636,False,False
TMEM184B,228.20008967727594,False,False
CNP,228.13238094536266,False,False
IGSF9,227.88326291188545,False,False
TCF4,227.881516150238,True,False
MEPCE,227.6579381086898,False,False
CA10,227.56812855680715,False,False
TFPI,227.4915681258846,False,False
POLE4,227.49090325297396,False,False
STARD4,227.4227957726544,False,False
ATIC,227.28843619854717,False,False
RHOBTB3,227.1535211455007,True,False
PAF1,226.87491294346776,True,False
EFTUD2,226.80419998420885,False,False
PSMD1,226.73376688598796,True,False
TAF1C,226.67660720543685,False,False
LPAR6,226.54727828718805,False,False
SNCAIP,226.41941295165572,False,False
RNF122,226.19287546057475,False,False
FAM193B,226.0970631908622,False,False
GEM,226.06455555321614,False,False
IP6K1,225.85861488577743,True,False
SNAPIN,225.77736554315658,False,False
PITRM1,225.4869288866664,False,False
MTHFD1,225.25794774654642,False,False
NXPH3,225.25046421319203,True,False
DCTD,224.7681331087483,False,False
SCML4,224.54105718964564,False,False
SRPR,224.47644103589855,False,False
CCR7,224.36587428442758,False,False
SAMD8,224.31676197085073,False,False
C6orf7,224.05967796610167,False,False
TNFRSF25,223.92374321507526,False,False
MYO9B,223.92247069983975,False,False
CDCA4,223.73892866383596,False,False
HAP1,223.63123382578286,False,False
KRTAP19-5,223.6086732825678,False,False
THEM4,223.3963751932952,False,False
GALNT1,223.3467025681066,False,False
HMGN4,223.33358054824484,True,False
CSRNP3,223.2909788235019,False,False
PCYT2,223.23375561930496,False,False
C7orf69,223.22933138692966,False,False
MAFF,223.17848736124273,False,False
LIG3,223.14378593536165,False,False
RASSF7,223.09074170906877,False,False
DCAF15,222.9232936215508,False,False
SPRN,222.66022866032682,False,False
BLMH,222.5600312430548,True,False
SLC30A9,222.39133749985382,False,False
QRICH1,222.3782484992572,False,False
HIGD1A,222.24093404510415,False,False
RBM15B,222.23082135955832,False,False
PQLC1,221.98124680492683,False,False
CA9,221.97249428126943,False,False
KIAA1045,221.80098799639725,True,False
FAM65A,221.78627832695838,False,False
TMEM169,221.7175872828719,False,False
RAD51AP1,221.53002929255715,False,False
SEC23A,221.52698676176436,False,False
KAT6A,221.4380506421729,False,False
SPATS2L,221.23511119591535,False,False
CREG1,221.0465513539437,False,False
KCTD17,220.93439524452867,False,False
DEGS1,220.90197014715002,False,False
PICK1,220.67626653799817,False,False
PTBP2,220.66431162870944,False,False
UROD,220.5452044384789,True,False
GDPD5,220.47848085587955,False,False
CENPO,220.45360549999415,False,False
NPEPL1,220.18588687756602,False,False
PAQR4,219.99038631200946,True,False
CPLX1,219.83461480682178,False,False
LCMT1,219.82120251020572,True,False
GLIPR2,219.76970828098865,False,False
NDUFC1,219.68074853961238,False,False
ANGPTL4,219.656465092232,True,False
PFAS,219.56844721491152,False,False
PPIH,219.51606949795885,False,False
ITGAV,219.385164675229,False,False
GLTPD1,219.15439596273296,False,False
PTPN12,219.12955638429776,False,False
POGK,219.0306098495748,False,False
ZNF770,218.98951431846626,False,False
FUCA2,218.97501778725245,False,False
NOL11,218.91094001766265,False,False
RBBP6,218.80061872243863,False,False
STX10,218.60747615830908,False,False
PCDH19,218.17892750815872,True,False
SLC37A4,218.1723010118024,False,False
PTPRT,218.04699342152975,False,False
COBRA1,217.94575247920835,False,False
GAL3ST4,217.8061917985519,False,False
GLDC,217.66624786761182,False,False
RNF146,217.66297704612182,False,False
FAM84B,217.55066239545684,True,False
RNF19B,217.391203563533,False,False
HGS,217.38679684177282,False,False
STAG2,217.23670444198802,True,False
SETD8,217.0312268355733,False,False
ULK1,216.87498646699655,False,False
TMTC4,216.81968434864487,False,False
MARCH9,216.69485646676262,False,False
PKMYT1,216.6803213069212,False,False
FUT11,216.6654710601116,False,False
SAPCD2,216.6068617094197,False,False
HAUS4,216.5325501678539,False,False
SH3PXD2B,216.53083683487154,False,False
NDST1,216.37215342960081,False,False
ZEB2,216.0846164274602,False,False
TMEM208,215.96151706787853,False,False
CHRNA3,215.86911295691945,False,False
CCDC47,215.83677330713175,False,False
SYNDIG1,215.62037535647028,True,False
SLC41A3,215.4122087009159,False,False
LRP2,215.39666152694437,False,False
GCLM,215.39528783848593,False,False
CABIN1,215.3893915148963,False,False
MSRB2,215.3784374875718,False,False
FN3K,215.28038822624603,False,False
FAM84A,215.26076875986948,False,False
GDF10,215.1533831818554,False,False
ADCY6,215.05719483746824,False,False
DPH5,215.04549910984778,False,False
MRGPRX3,214.7995998783498,False,False
PDGFB,214.67013519844193,True,False
TCEAL8,214.63710608602074,False,False
RPL26L1,214.60626618006575,False,False
ADAMTS16,214.53720134341629,False,False
PDLIM4,214.44205396357515,False,False
TM9SF3,214.26772384461523,True,False
CAD,214.1906196190242,False,False
TSPYL1,213.97359884198335,False,False
GABRQ,213.95151602917264,False,False
AP3M1,213.61918899123884,False,False
HADH,213.61391361722286,False,False
C20orf43,213.46372763975157,False,False
NUP210,213.34388088336786,False,False
UBE2QL1,213.25254418827714,False,False
ZFP36L2,213.11090351031103,False,False
GNA11,213.1096550122235,True,False
NQO2,213.1060401094852,False,False
SELS,212.81293192967686,False,False
PDCD6IP,212.58338966206966,False,False
CLASRP,212.3948412002433,False,False
ZNF24,212.39412367383704,False,False
GNG10,212.35132934460938,True,False
SERINC2,212.31480509293377,False,False
PDXK,212.00512395281376,False,False
IQSEC1,211.9705624592062,False,False
COL8A1,211.94011094793603,False,False
ZNF511,211.67922640043983,False,False
DMAP1,211.6696468446971,False,False
GLOD4,211.62735870910387,True,False
SMAD3,211.38551772759703,False,False
DGCR8,211.26732438092898,False,False
HMMR,211.20938146237617,False,False
RGS12,211.14941777555532,True,False
ADI1,210.73007380016605,False,False
SEMA4C,210.72429043349592,False,False
SRRM1,210.57812408148226,False,False
FAM156A,210.47200353721445,False,False
NAP1L2,210.30796566948567,False,False
BMI1,210.2471443356611,True,False
SH2D3C,210.17163925091532,False,False
CCDC85C,210.16434593407496,False,False
FAM13B,210.06431350434548,True,False
ANXA7,209.96004475149428,False,False
IPO9,209.9544907844101,False,False
ATG3,209.87232731866513,False,False
SLC17A6,209.66483515750195,False,False
EHD1,209.48705634803662,False,False
MLEC,209.41530898515634,False,False
AK2,209.0096148904563,False,False
CMTM6,208.9047812448094,False,False
AAAS,208.88963318010082,False,False
GINS1,208.87287486694507,False,False
SHANK2,208.78275385303715,False,False
UCP2,208.74116128539848,True,False
ECSIT,208.69973511188311,True,False
CENPA,208.6903569124235,False,False
S1PR1,208.54891053561195,False,False
TAF6,208.49353944918178,False,False
SLC39A3,208.4189989051479,False,False
PSMC2,208.40549891859965,False,False
ZBTB4,208.36459744826942,False,False
OXA1L,208.19949502052847,False,False
FAM83D,208.10622986045314,False,False
BCL9,208.05962657589686,False,False
SUV39H2,208.01984952392647,False,False
LMBRD1,207.96484360926883,False,False
ADIPOR1,207.9113374208981,False,False
ZNF3,207.81729285187916,False,False
CARKD,207.73182724789743,False,False
SUPT6H,207.67889438888304,False,False
SPEN,207.45921802821346,False,False
B3GAT3,207.42441176556596,False,False
XPNPEP1,207.4047314430759,False,False
IFT81,207.39021712051562,False,False
DCTN5,207.37565290849327,False,False
KCTD15,207.30207562491958,False,False
CAMK1D,207.29115670889334,False,False
DDX21,207.2159222684259,False,False
ELOVL6,207.11958304850802,False,False
SPTLC1,207.07500136447112,False,False
AP3M2,206.96276756617652,False,False
ZMYM3,206.6327307833573,False,False
OR7D2,206.6024081113801,False,False
PLK4,206.5470748763028,False,False
KIF3A,206.4122211788375,False,False
RARS,206.37935685861672,False,False
RRAGB,206.3473229141079,True,False
UFD1L,206.11642328256772,False,False
DACT3,206.0771317729352,False,False
C14orf135,206.0490427039104,False,False
KXD1,205.94603313097286,False,False
CERS5,205.7516424465733,False,False
SPEG,205.69185156858617,False,False
SCAF1,205.58696456469104,False,False
PUM2,205.57326686785746,False,False
RASSF4,205.5701871261302,False,False
FBLN2,205.51066607303693,True,False
NDRG3,205.4008496432373,False,False
SPIRE1,205.32519242317903,False,False
GORASP2,205.323931757144,False,False
ATP5F1,204.84610612637587,False,False
SETBP1,204.79279511995412,False,False
DBNDD2,204.77669127802926,True,False
TRPC4AP,204.7379997502661,False,False
C11orf96,204.73086916517528,True,False
GABRG2,204.67572417213512,False,False
CORO7,204.59322855037374,True,False
CNPPD1,204.30505212946392,False,False
GNL2,204.26852660280028,False,False
SEMA6D,204.1773612169702,False,False
POLDIP3,203.79504684703653,False,False
SOX21,203.78197227602905,False,False
PPP2R5D,203.55838312395457,False,False
SLC30A1,203.4638882666012,False,False
NOTCH2,203.21142276029053,False,False
TOLLIP,203.15889815536138,False,False
FAM108C1,203.0039154858406,False,False
PTF1A,202.90328419833668,False,False
SDHB,202.83532963996208,False,False
TMEM240,202.82514938005173,False,False
TFAM,202.80516246446993,False,False
CHKA,202.45852496578584,False,False
TIMM17A,202.346198062954,False,False
KIAA1147,202.24941158016634,False,False
ZMYM4,202.14934271502264,True,False
TUBG2,202.06236737024946,False,False
FAM69B,201.90315440689662,False,False
EXTL3,201.82315833245602,False,False
LMX1B,201.78148992291585,False,False
LIMK1,201.5777716280076,False,False
PRR24,201.47343701208314,False,False
FAM134B,201.37727062790233,False,False
CCNG2,201.35432290708962,False,False
SLC7A1,201.20505380507888,True,False
VHL,201.02752820062932,False,False
DSN1,200.9914765390509,False,False
ACSS2,200.97556586775212,True,False
TMEM203,200.69288869296184,False,False
PELI1,200.61332132095777,False,False
ALDH9A1,200.5568252079166,False,False
COPG2,200.54784039314077,False,False
PRIM1,200.47540261548,False,False
ACTR10,200.28256698599853,False,False
MRPL4,200.1887995414722,False,False
SUV420H1,200.16227762922415,False,False
C20orf72,200.10082122328663,False,False
DDRGK1,199.88983790165048,False,False
INTS3,199.73298762267373,False,False
KCTD20,199.70216760653167,False,False
ARFGAP2,199.66741183282448,False,False
SEPT10,199.20600384192488,False,False
PDGFRB,198.96940281023734,True,False
MSANTD3,198.80543800926412,False,False
RBM14-RBM4,198.67787548630852,True,False
PXN,198.329019096747,False,False
POMGNT1,198.3193708156414,False,False
SF3B3,198.14655185282663,False,False
SAP30,198.078831413833,False,False
CREBBP,198.0781023224667,True,False
HS2ST1,198.00330372085952,False,False
PRMT6,197.9003830906177,False,False
SUMF2,197.89543608566984,False,False
CDC42SE1,197.69729241265162,False,False
ITGA6,197.68891284287233,False,False
ZMYND19,197.59426981378158,False,False
SNAI2,197.58893794025104,False,False
NRN1,197.5636400580178,True,False
NKAIN2,197.4963750318747,True,False
ZC3H13,197.47402434232845,False,False
CHD1L,197.4501963604356,False,False
ANKRD11,197.28443770513854,False,False
TMEM65,197.26849163069795,False,False
PTGES2,197.19146457814273,False,False
LCAT,197.1461293241394,True,False
SNPH,197.04496669123066,False,False
FOSB,196.7710884560948,False,False
CIAPIN1,196.65702992888137,True,False
FDX1L,196.603688659625,False,False
YPEL1,196.2519516399387,False,False
C16orf58,196.14046800715866,False,False
ALDH5A1,195.18271363827773,False,False
ELFN2,195.1346537155958,False,False
CBX4,195.04705879507782,False,False
TRRAP,195.01972037582905,False,False
HMGA2,194.9215547139465,False,False
SLCO3A1,194.73282892936098,False,False
ZNF32,194.65587218771566,False,False
C10orf26,194.60083038214552,False,False
WDR18,194.52372583371343,False,False
DVL3,194.42247283866138,False,False
VARS,194.20295269443568,False,False
C5orf38,194.105897662327,False,False
SVIP,193.94005798797534,False,False
ERCC1,193.9025920465312,False,False
ZC3H15,193.85554564106164,True,False
IMMT,193.77756001976817,False,False
USP10,193.6310753395094,False,False
KIF2A,193.54746410967238,True,False
JMJD8,193.45782390251608,True,False
SHROOM3,193.44918334152135,False,False
TJP1,193.3505389508837,False,False
TMEM194A,193.3458916494134,False,False
ZFHX4,193.30894313611958,False,False
PMAIP1,193.25942263688572,False,False
SYN2,193.21425111181296,True,False
SCN3A,193.1632637593431,False,False
RFNG,193.0712842521435,False,False
ETV5,192.96648501011802,True,False
SEMA4A,192.92815507421835,False,False
GSTM3,192.89354046156907,False,False
TANC2,192.7859247879894,True,False
TEX264,192.73557216139713,False,False
FASTK,192.38380384192487,False,False
TPPP,192.38001905054335,False,False
MRPL48,192.36543907370367,False,False
LRRC27,192.34489927360772,False,False
EXOSC4,192.30028038740926,True,False
CBFA2T3,192.16672332292288,True,False
MCM8,192.08964918938835,False,False
RFC1,191.9436174597326,False,False
KLHL1,191.90473588389423,False,False
AAMP,191.85168358774612,False,False
OXCT1,191.60166799780092,True,False
C2orf80,191.46928291399095,False,False
KHDRBS3,191.2820867488975,False,False
TNS3,191.22422381595723,False,False
GREB1L,191.12408359768864,False,False
DEF8,191.01238828941055,True,False
GSTM2,191.00317189470238,False,False
ESYT1,190.9315107327087,False,False
COLEC12,190.9117055953258,False,False
KCNJ9,190.81359391807325,True,False
C5orf30,190.80188925617898,False,False
EIF4E,190.75074854195176,False,False
CHAF1B,190.69175063106056,False,False
MRPL24,190.61592357616593,False,False
TMEM50A,190.39205519002,False,False
NEK9,190.1955856733457,False,False
WBSCR22,190.0677532582377,False,False
REV3L,190.0208135435309,False,False
CUX1,190.0081094969061,False,False
WDR5B,189.99334208981057,False,False
MAPKAPK2,189.9919684504802,True,False
SOGA2,189.82213703664712,False,False
MANBAL,189.81767224210736,False,False
POP7,189.80331905580707,False,False
FARSB,189.6794186943655,False,False
SYBU,189.60498204021476,True,False
LMF2,189.4098531003263,False,False
SPC24,189.2274571826274,False,False
ANK3,189.10492593372405,False,False
KCNH2,189.06075989343907,False,False
FGF1,188.96514740966884,True,False
NPTX1,188.837757916038,True,False
ZC2HC1A,188.70548435039947,False,False
GNPDA1,188.66908451181993,False,False
SLN,188.64916656490158,False,False
DIAPH1,188.5749987817431,False,False
MCMBP,188.5003702758185,False,False
PITPNM3,188.41771296218315,False,False
RASAL2,188.40618570375827,False,False
KCNH8,188.3948530213707,False,False
JAKMIP2,188.37356678714718,False,False
BAP1,188.1929739387772,False,False
ACACA,188.19248306429915,False,False
SEMA4G,188.16990810085272,True,False
FAM49A,188.14060107906093,True,False
SLC16A14,187.98716620696916,False,False
C7orf73,187.9259028371408,False,False
TPGS1,187.81495048367665,False,False
ZNF622,187.6856380934835,False,False
KIAA0513,187.51430209495737,False,False
E2F5,187.49797291410795,False,False
LYRM4,187.26141376987056,False,False
SLC25A22,187.1517035945304,False,False
SAFB2,187.12119779216525,False,False
PRSS12,187.01949046156903,True,False
RELN,186.9574533582482,True,False
LZTS1,186.94154789451522,True,False
MYCBP2,186.9022999853786,False,False
GLT25D1,186.71346916809955,False,False
TSPAN4,186.59041939619377,False,False
TCN2,186.4254284029898,False,False
FAM176B,186.3957636710297,False,False
FBXO30,186.32385649015689,False,False
C21orf59,186.27495013276254,False,False
C1orf151-NBL1,186.19556824928938,False,False
CDC26,186.1658563053421,False,False
HDAC5,185.80122808482767,True,False
FRZB,185.68246226444887,False,False
TXNL1,185.64646996116554,False,False
TMED7,185.62525253476974,False,False
SAR1A,185.59322360774817,False,False
ELOVL4,185.5348200629306,False,False
FBXL2,185.50436253231334,False,False
FGD1,185.28828003240108,False,False
ALDH3A2,185.1957087020856,False,False
KAT2A,185.11276857505467,True,False
SMTN,185.1088867085424,False,False
FIGN,184.8708452848838,False,False
ARGFX,184.81965591758197,False,False
ZMYND10,184.73161360611059,False,False
CXCR7,184.68094406721175,True,False
PAK6,184.62454504275306,False,False
POLR2H,184.53642714964153,False,False
FAM110B,184.5008039770268,True,False
SH3BP2,184.3802243183493,False,False
ANKFY1,184.36279518311866,False,False
TMA16,184.35969386251182,False,False
BMP7,184.27871473956324,True,False
RPL39L,184.1987158186242,False,False
MAML1,184.17645314009658,False,False
ABRACL,184.0096514422571,False,False
ARHGEF25,183.97311054087567,True,False
RFK,183.94835060298746,False,False
TP53RK,183.93713352575128,False,False
GJC1,183.92860293130272,False,False
MARK1,183.90607078932285,True,False
ASAP3,183.74403499783602,False,False
METTL17,183.62198891403773,False,False
ZHX1,183.53802722157886,False,False
SURF2,183.48511993309236,True,False
SPAST,183.45035036962955,False,False
UPK3BL,183.40254907826554,True,False
SEMA3A,183.3250381753635,True,False
TOMM70A,183.2557991607304,False,False
DRG1,183.08826371723336,True,False
FLNB,182.9859482167714,False,False
CNPY3,182.91619768923044,False,False
CCDC58,182.8828587670047,False,False
MRPS7,182.8520144067797,False,False
KLHL25,182.7848313138225,False,False
DNAJC10,182.70422857435287,False,False
SPG21,182.65083032892352,False,False
WDR62,182.588587294569,False,False
SP1,182.57761564843085,False,False
NT5C,182.43474551999626,False,False
FBXW11,182.35273837012085,False,False
FUBP3,182.33511749599373,False,False
MCM10,182.2856303289235,False,False
TMEM183A,182.133703947784,False,False
KIRREL3,182.1019441180943,False,False
PCIF1,182.08646050227512,False,False
NAB2,182.06579474623058,False,False
C12orf32,182.0201087020856,False,False
CDH24,181.99567238656704,False,False
ARHGAP1,181.89267456691348,False,False
SUCLA2,181.8698791761706,False,False
PAK7,181.77615117848666,False,False
SLC12A4,181.70883417728183,True,False
IQCG,181.6884225263478,False,False
CNTN4,181.5779848995801,True,False
NLRP12,181.56987521259558,False,False
MBTD1,181.4527733281866,False,False
NDUFC2,181.43046728018152,True,False
YY1AP1,181.3944664379876,False,False
POU3F1,181.22342415458937,False,False
TMUB1,181.21936054087567,False,False
DGKD,181.21565964429004,True,False
M6PR,181.0611534687862,False,False
EFR3B,180.96318467733445,False,False
SAP18,180.5304811219894,False,False
SAMD4B,180.5220426460095,True,False
INSIG2,180.5033326905756,False,False
EGLN3,180.45584232492308,False,False
DDX18,180.38910160660188,False,False
COPS3,180.3624011205858,True,False
TST,180.213124740616,False,False
ELOVL1,180.20313991414298,False,False
OAF,180.15280505608777,False,False
CTH,180.0378292925571,False,False
FLYWCH2,179.90381028002946,False,False
FAM21A,179.75789439356188,False,False
YTHDF3,179.73870985308395,False,False
XPO5,179.37020421623328,False,False
MRPL43,179.3235618328245,False,False
ARHGEF40,179.31729230211363,False,False
FAM100B,179.26519067270237,True,False
TSC22D4,179.20883335555786,False,False
CDC16,179.14259079903144,False,False
HSD17B7,179.13353108514346,False,False
PSPH,179.12027573194842,True,False
PRKRA,179.003075002047,False,False
GLRX,178.99843732790586,False,False
GDF11,178.88473259231966,False,False
XXYLT1,178.77681578704187,False,False
VGLL4,178.7231791884526,False,False
SYNGAP1,178.68183091144098,True,False
CAPG,178.60407735843538,True,False
IQCF3,178.60392098408016,False,False
DNM2,178.50741147255263,False,False
SCAP,178.4949472418149,False,False
LLPH,178.38791315401625,False,False
LSM11,178.30348687698122,False,False
PRKRIR,178.29821219602064,False,False
CTSZ,178.22499507316562,False,False
SNX6,178.1098238931583,False,False
CPSF2,177.9752558491537,False,False
MST1,177.97473461533963,False,False
PPP1R14A,177.93287816027419,True,False
SH3GLB2,177.85179593232039,False,False
ERV3-1,177.80753275374013,False,False
PNPLA2,177.47056730708496,True,False
ST3GAL3,177.4290007790294,False,False
UBXN7,177.42240288743847,False,False
RRM2B,177.2495910358985,True,False
MORN2,177.12000634218805,False,False
GSR,176.97463884385493,False,False
ADPRHL2,176.87984101074971,False,False
ABHD2,176.86095263185598,False,False
BACH2,176.84361655203472,False,False
PRPF4B,176.7915610906411,False,False
SRPK1,176.7694118328245,False,False
RPAIN,176.61747055245579,False,False
EPHB4,176.59615395772656,False,False
TBC1D3F,176.56171073212386,False,False
EMX2,176.5345284398358,True,False
PIEZO2,176.4405045121709,False,False
NOMO3,176.42161154098093,False,False
METAP2,176.1860693388778,True,False
EGLN1,176.18061080113696,False,False
SHC3,176.14833902106653,False,False
RCBTB2,176.05909435847047,False,False
AGTPBP1,176.05541268028213,False,False
TECRL,175.97876445941682,False,False
ZNF711,175.84881246213052,False,False
CPPED1,175.7317010264238,False,False
LARP6,175.62865299505208,False,False
ACBD6,175.557290547543,False,False
SLCO1A2,175.49247980781604,False,False
ADAM23,175.36695180135922,False,False
CTTNBP2,175.34281360611058,False,False
C6orf72,175.30967298136645,False,False
ERBB2IP,175.29097037173506,False,False
BEND5,175.14442131043035,False,False
RNF38,175.06175254003347,False,False
KCTD10,175.0133367699524,False,False
SLC16A2,175.00141607011264,False,False
AATF,174.8479652975167,False,False
UBR5,174.806550939865,True,False
CCDC34,174.70549666807034,False,False
SPNS2,174.67236681346574,False,False
GPR137B,174.64968596986816,False,False
NDUFAF3,174.61432186545952,False,False
FYTTD1,174.4620646623621,False,False
VTA1,174.39933147641273,False,False
FH,174.2582438835667,False,False
MRPL50,174.2542560158379,False,False
PEF1,174.15005816343242,False,False
KLF13,174.08050755284182,False,False
CMAS,174.03787565533213,False,False
RAB24,173.9800413727761,False,False
POLDIP2,173.95063156414128,False,False
TBC1D10B,173.9341574387947,False,False
PHF2,173.86368072019272,False,False
EFEMP1,173.57094719970524,False,False
C1orf85,173.51872022786026,False,False
SMEK2,173.45149959937302,False,False
ADCY5,173.45031792586354,False,False
AAGAB,173.38716396579758,False,False
RWDD1,173.2132589705349,False,False
AKIP1,173.1902796832415,False,False
CPNE8,173.18010145219966,False,False
MFSD12,173.1344558842451,False,False
MPP2,173.12964742721456,False,False
KIAA0922,172.9651570481103,False,False
GOLGA7B,172.86924346890316,False,False
ZCCHC11,172.82704217052085,False,False
BTBD10,172.81430778503002,False,False
PKIG,172.79305636850663,False,False
CMC2,172.71303022540386,False,False
SHANK1,172.6860994747985,False,False
NID1,172.68031815746687,True,False
HSPA1L,172.60075457358084,False,False
PCBD1,172.45265652290885,False,False
CLDN6,172.43293204489362,False,False
TEAD1,172.4296871933888,False,False
SCAF11,172.3538685598484,False,False
MARK3,172.2375305798271,False,False
CCNK,172.19255515785284,False,False
SCAF4,172.18308909475854,False,False
TRIM36,172.06937388964917,False,False
PTCH1,172.01297014890454,False,False
FAM89A,171.6738658437731,False,False
SELT,171.57266906516477,False,False
MPI,171.52564290568603,False,False
UBFD1,171.52155879566268,False,False
SOCS2,171.4264177679522,False,False
EPN2,171.3102294586565,True,False
IRGQ,171.26416929793777,False,False
TRAP1,171.2484114936075,False,False
LRFN5,171.06114627270705,False,False
LRRC41,171.02846410967237,False,False
RNASEH2C,171.011611009346,False,False
RAPH1,170.95609869401457,False,False
C15orf44,170.86878720391624,False,False
SLC43A2,170.74515994958534,False,False
TMX1,170.7069283673135,False,False
TXLNA,170.69386731234866,False,False
SNX4,170.67335825817923,False,False
GGT7,170.6391554385842,False,False
FANCG,170.46246153220807,False,False
WAC,170.27919540770372,False,False
SLC4A2,170.0942559403914,False,False
MED6,170.0466876139009,False,False
CHCHD10,169.99654121077072,False,False
SLC35B2,169.9872450690716,False,False
MAX,169.97378792445988,False,False
PCDH1,169.89299090430572,False,False
GLI2,169.7852438993578,False,False
ZBED4,169.74098340877987,False,False
IRF9,169.64309797990433,False,False
SCYL2,169.62182148120854,False,False
MTOR,169.50140372436869,False,False
TMEM158,169.47989063000782,False,False
DAB2,169.45441638067163,False,False
SGSM3,169.4418147594484,False,False
AKAP11,169.42487003368777,False,False
RAB34,169.38967074896772,False,False
MEGF10,169.32248616813465,False,False
MPV17,169.2231896462786,False,False
IKBIP,169.1114829607795,False,False
LRFN3,169.07454542583432,False,False
GAB2,168.96033055877228,False,False
KIAA1107,168.83673641201997,False,False
B4GALNT3,168.83635340152765,False,False
PXMP4,168.79665460691766,False,False
UBR7,168.7706094495327,True,False
PRPSAP2,168.74904831853647,False,False
RARRES2,168.65811215508066,True,False
NFYC,168.55591583266076,False,False
GLT8D1,168.54252158063423,False,False
HYI,168.538408810869,True,False
DHX30,168.50404800797745,False,False
PPP5C,168.48964771320956,False,False
TBC1D17,168.4701551280252,False,False
PCGF3,168.2304905949164,False,False
TRAPPC9,168.20588161151466,False,False
COL16A1,168.06933704600482,False,False
CNN1,167.97120274707282,False,False
PLXNC1,167.91907253161153,False,False
AGPAT6,167.87205745634043,False,False
YEATS4,167.8015834719444,False,False
TDG,167.7339602601443,False,False
SEMA7A,167.5345194494157,True,False
IDH3B,167.50813113953518,True,False
POLR2J3,167.42860488238526,False,False
NR2F6,167.42060258565232,False,False
UBTD1,167.40881647483363,False,False
CDC25A,167.16276488051372,False,False
KEAP1,167.13568268238762,False,False
ANLN,167.08358702787427,False,False
CENPT,167.06101276450156,False,False
KLHL22,167.03432688821044,True,False
FAM54B,167.01863790340505,False,False
HEG1,166.76100134341627,False,False
EBNA1BP2,166.75059226175858,False,False
SLC6A9,166.66014611830485,True,False
ARMCX6,166.58911591220127,False,False
PHLDA1,166.56732548981765,True,False
SYPL1,166.399341851189,False,False
ENAH,166.3494209946076,False,False
MT1A,166.34170726333764,False,False
LRRC16B,166.31915882198126,False,False
FOXO3,166.290331213812,False,False
LSM5,166.2763856996643,False,False
TUBGCP6,166.17843274555216,False,False
CDK2AP2,166.1357997151747,False,False
C12orf76,166.0909241352891,False,False
RBM17,166.06247284743424,False,False
CERS6,166.0262546121814,False,False
MMD,165.94542659227287,False,False
MLLT6,165.91497510907578,False,False
MPHOSPH6,165.89543935618957,False,False
TCF19,165.71592627060159,True,False
CBY1,165.67684114409704,False,False
POLR3K,165.62174157806083,False,False
DUSP6,165.60161888385912,True,False
NUP98,165.47747714964146,True,False
NUP153,165.4338349557263,False,False
MED10,165.24431479629436,False,False
C12orf10,165.2230981062334,False,False
SYNPO,165.09817024014225,True,False
LANCL2,164.82349033699452,True,False
B3GNT5,164.81187156308852,False,False
ASPHD1,164.72099859926777,False,False
SPA17,164.57066379209505,False,False
CUL1,164.50239254658382,False,False
PSMC3IP,164.43858775134225,False,False
TSPAN14,164.38919966312247,False,False
ZNF286A,164.29162694786584,False,False
RPRD1A,164.27983737527927,False,False
UGDH,164.23718482939728,False,False
CDC42EP1,164.0796342117884,True,False
LONRF2,163.9755045823537,False,False
DYNC1LI1,163.94576856101813,False,False
PPIG,163.86554750617026,False,False
ELAVL1,163.7539543109801,False,False
PLP2,163.74269653238355,True,False
GTF3C1,163.61353180627196,False,False
MED16,163.5700362049806,False,False
SUGT1,163.41347382122098,False,False
TNFRSF19,163.36091522207016,False,False
GPSM2,163.18298519844194,False,False
SIPA1L1,163.17194939408824,False,False
HNRPLL,163.15023732088758,False,False
RNF141,163.07865446889147,False,False
UTP11L,163.00040126095143,False,False
FECH,162.79194024224773,False,False
TTC1,162.7645356195389,False,False
TRAF7,162.5483402937151,False,False
CPEB4,162.38020627434466,False,False
ARL3,162.35549103180452,False,False
PWP1,162.1484540477945,True,False
MINK1,161.98539389877297,False,False
FAM53C,161.96966508521365,False,False
WDR48,161.96856210127385,True,False
RAD54L,161.84133084008843,False,False
AGPAT5,161.62876873121147,False,False
R3HDM1,161.55187518452234,True,False
FNBP1,161.54382297083902,False,False
LRFN1,161.54071076955466,False,False
MFN2,161.4656361839258,False,False
TCERG1L,161.46400604274135,False,False
LRRC47,161.4407516680118,False,False
SLC5A6,161.35323171152518,False,False
ZBTB22,161.32153721970732,False,False
CLCN7,161.06176748195713,False,False
ITGB3BP,161.0069441414886,False,False
MARCH7,160.98772165491104,False,False
HEXIM1,160.93250947409666,False,False
PPP2R5E,160.90317644488894,False,False
EPS8L2,160.8548542840767,False,False
RECQL,160.7885463779813,False,False
CD83,160.7800602969903,False,False
LAS1L,160.77022041910845,False,False
KIAA1549,160.7183144588319,False,False
MRPL13,160.67782722157887,False,False
FAM210B,160.56672303517328,False,False
ZSWIM6,160.5580383297657,False,False
SELRC1,160.55517691979273,False,False
NPIPL3,160.4724519054637,False,False
ANKHD1,160.32590335824824,False,False
PREX2,160.16261105379513,False,False
YIF1B,160.053094536267,False,False
SNX10,160.04270614275188,False,False
DERL1,159.99863752500266,False,False
C1S,159.80586799136753,False,False
MPPE1,159.63792891649413,False,False
SLC25A46,159.5552139710613,False,False
HSDL2,159.52815410043164,False,False
ASCC3,159.48358818823033,False,False
RBM26,159.42849918529438,False,False
CXXC4,159.37017482834452,True,False
ADCY2,159.27095178205894,True,False
PDP1,159.25113407727125,False,False
SERPING1,159.1440478676118,False,False
FAM177A1,158.93926937338432,False,False
GPR173,158.8770453568212,False,False
MBD6,158.82164636803873,False,False
FOSL2,158.81987488975443,True,False
FNDC3A,158.77364838871932,False,False
ATRX,158.70398307716601,True,False
TTC37,158.61144443099272,False,False
ARMC6,158.3720896989157,False,False
POLD3,158.24474218338776,False,False
CAMK1,158.010077311062,True,False
FRG1,157.77674235709023,False,False
CYB5D2,157.74206905990104,False,False
SYF2,157.70727457393178,False,False
BRPF3,157.7046959943152,False,False
TMEM93,157.5554566685382,False,False
PGM3,157.41893230632465,True,False
CERS4,157.38914866594146,False,False
TRIM45,157.38084695523506,False,False
NIPSNAP3A,157.35433926846102,False,False
SAC3D1,157.30449440058018,False,False
PCYOX1,157.20841391316048,True,False
IFNGR2,157.19051245920622,False,False
PCDHGB7,157.18732740054506,False,False
PRR14,157.16512612146306,False,False
RBM38,157.10429607619514,False,False
SKA3,156.93772158940706,False,False
GM2A,156.89444662011203,False,False
NRD1,156.86539479711314,False,False
BCAR1,156.7214346825982,False,False
CCND3,156.58355845878512,True,False
MRPL32,156.47129783076582,False,False
ADAMTS10,156.4686700822309,False,False
PAK4,156.39073305728087,False,False
LARGE,156.38897636008468,False,False
NET1,156.3208172345627,False,False
THBS4,156.30966862301295,False,False
LZTR1,156.17500806400673,False,False
NCOR1,156.13984000421098,False,False
SPECC1,156.03605794060192,False,False
ZMAT3,155.95565221894702,False,False
GNB5,155.92638335087904,False,False
ZNF521,155.65300489466728,False,False
GET4,155.64302333403518,False,False
PTPRD,155.52222828835784,False,False
TFE3,155.49942980430689,False,False
MBOAT7,155.49785554034926,False,False
FLII,155.48434407423005,False,False
TMEM25,155.35176352890946,False,False
COL27A1,155.226086640699,False,False
TMEM43,155.19480804295188,False,False
IMPDH1,155.18390742475816,False,False
ZNF193,155.12503651436992,False,False
VPS37B,155.0171807535296,False,False
ZCCHC14,154.8234562796084,False,False
MID1IP1,154.71717149466025,False,False
SMPD3,154.63821198313272,False,False
NBR1,154.63022006527,False,False
CKMT1B,154.62480540700193,False,False
HLA-DRB1,154.6214225076324,True,False
NPM3,154.58923677346152,True,False
TWF2,154.56299235709022,False,False
SHD,154.44174060895298,False,False
VPS25,154.42108873039268,False,False
PLEKHG5,154.3715844311097,False,False
ENDOG,154.27709222023373,False,False
DONSON,154.24854839456785,False,False
SDK1,154.09085841609058,False,False
ACAT1,154.0810492051795,False,False
SPCS2,154.04844162543426,False,False
C3orf58,153.93369789393037,False,False
PDHB,153.8843992051795,False,False
SEPT4,153.8825666731001,True,False
TMEM8B,153.82708198348362,False,False
APOPT1,153.77874403913864,False,False
BRCA1,153.7045561690704,False,False
IQGAP3,153.60366472026294,False,False
SCARB1,153.53797281819138,False,False
C6orf130,153.52608090442268,False,False
SGCB,153.4326092530208,False,False
ZFP36,153.41768818764547,True,False
GAR1,153.295814948942,False,False
NDUFS1,153.28014315717442,False,False
NCOA1,153.25910323484345,False,False
PDRG1,153.21642901825922,False,False
ERBB4,153.19904485676852,False,False
GNL1,153.141197752395,False,False
USP34,153.13504949760795,True,False
DNAL1,153.0810537436689,False,False
BCAT2,153.06312049689438,False,False
CORO1B,153.04658134131077,True,False
CCDC3,153.0188749248459,False,False
STX4,152.88072610274767,False,False
MUS81,152.84132478974394,False,False
XPO7,152.7508430899159,False,False
CLPTM1L,152.71125027897676,False,False
SART3,152.64094315191073,False,False
MARVELD1,152.54117667415284,True,False
SIGLEC8,152.53631114444795,False,False
RSF1,152.53090488589442,False,False
GRIK3,152.51790912318256,False,False
LIPA,152.29021145851613,False,False
HOPX,152.1426197032436,True,False
UBE2K,152.10664706226387,False,False
CADM2,152.05292273163258,False,False
BCKDHA,151.9907853089799,True,False
NUPL1,151.94004048613306,False,False
GTF3C2,151.90856185387935,False,False
FAM131A,151.9029388614006,False,False
CCDC109B,151.853904221497,True,False
EXT2,151.84203539085985,False,False
MYADM,151.7694590775637,False,False
EXOSC2,151.71348049794713,False,False
CTHRC1,151.6715208717877,False,False
TM9SF4,151.52928725655332,False,False
CRAT,151.45338437730285,False,False
NUP37,151.3764421336749,False,False
KDM4A,151.32197841878093,False,False
EIF5B,151.31842539214654,False,False
ADAM19,151.15572917441605,False,False
INF2,151.1151165432619,True,False
GPR27,151.1062274344668,False,False
PPIC,150.84063927197016,False,False
CDK20,150.82577077587115,False,False
KRTAP21-1,150.7282104642593,False,False
PRKD3,150.61427490203647,False,False
TMEM183B,150.4454376881777,False,False
CCDC106,150.4162237405107,False,False
KCNJ4,150.29670392672912,True,False
FNBP4,150.2380989133359,False,False
CHCHD5,150.092551262706,False,False
MRPL15,150.06843794376013,False,False
KIAA0195,150.03085828508264,False,False
LRRC8A,149.9303396685031,False,False
BRIX1,149.9058842942532,False,False
TEX261,149.73056311190652,True,False
TMEM134,149.72307637119695,False,False
NUP54,149.63246397632497,False,False
GRIP1,149.57229607093146,True,False
SH2B2,149.52073754196348,False,False
RAI1,149.42604731550688,False,False
KAT6B,149.41431062217075,False,False
GTF2A2,149.37036175503854,False,False
DKK2,149.33834654174123,False,False
NEUROG1,149.33163079914846,False,False
NUMBL,149.17419195470868,False,False
ZNF385D,149.1652527634488,True,False
LIMA1,149.146088961996,False,False
PNRC1,149.14579905779556,False,False
GUSB,149.11114923266777,False,False
CLCN6,148.9642563878069,False,False
PRPF38B,148.89567089635167,False,False
UCKL1,148.805169166345,False,False
USO1,148.7633864225474,False,False
UGT2B15,148.72953995157383,False,False
TJAP1,148.59859842556529,False,False
ATG4B,148.5313280187388,False,False
CDH13,148.43897708998608,True,False
EGFR,148.4185580686856,False,False
GPX7,148.40886580107846,False,False
SAAL1,148.3630470254179,False,False
CXorf36,148.3140177913465,False,False
GRIA3,148.28542581792235,True,False
FANCL,148.25632238247303,False,False
POP5,148.13490778502998,False,False
RBPJ,148.00760032108641,True,False
ATAD3A,147.9849875565849,False,False
GTPBP4,147.95981577534477,False,False
CDK11B,147.94491985413669,False,False
TMEM115,147.92156934004745,False,False
FBRSL1,147.92078253441883,False,False
MICALL1,147.9148831222,False,False
RPL22L1,147.89187304920986,False,False
P4HTM,147.87527930425426,False,False
RPS6KL1,147.81932933759109,False,False
DERA,147.7625278777883,False,False
KREMEN1,147.6393403264671,False,False
PPP1R16A,147.53171615023803,False,False
IMP4,147.43232438794726,False,False
AKR7A2,147.3041529541121,False,False
SRA1,147.14335503678745,False,False
PBRM1,147.12665530874594,False,False
CPA4,147.0626116064849,False,False
CELF6,147.02465649015687,False,False
ABCE1,146.82322154905194,False,False
RHOQ,146.78366019581009,False,False
MXRA8,146.76483600671418,False,False
PPP6R2,146.60046651518874,False,False
UBE2Q1,146.51667075423143,True,False
PIDD,146.37499465206864,False,False
MRPS27,146.31811173573826,True,False
PTPN1,146.3025718824204,False,False
RPP25L,146.2653271765449,False,False
MED22,146.17288070849563,False,False
PIP5K1A,146.09231984010012,False,False
ZNF706,146.05113503643656,False,False
SPTBN4,146.04929282848485,False,False
ELMO1,146.0305715180545,False,False
APBB3,146.01523342574072,False,False
RAMP2,145.91264318875673,True,False
HINT3,145.829345741657,False,False
KALRN,145.81353321168314,False,False
TOM1,145.7947179030541,False,False
CHERP,145.77730252131803,False,False
SCYL1,145.5755042267607,False,False
FAM69A,145.36596381139535,False,False
SMG7,145.35873007275617,False,False
LRR1,145.34564575218442,False,False
CNPY2,145.24437807956397,False,False
APOBEC3C,145.13790984314136,False,False
C5orf24,145.12069995262658,False,False
ZNF362,145.1089540472096,True,False
TIPRL,145.0566529950521,False,False
INO80E,145.04571861365523,False,False
COPS7A,144.9165748026108,False,False
RGS4,144.88420174345836,False,False
FAM219B,144.87068607221812,False,False
C21orf58,144.81865756863294,False,False
TLE4,144.7386864330748,True,False
LETMD1,144.7079019265186,False,False
ZNF326,144.63066142868843,False,False
TP53BP2,144.58353574060428,False,False
SNRNP35,144.54308155068955,False,False
OXR1,144.4143265636149,False,False
ZFP91,144.39555986010225,False,False
POLR2K,144.21230601115906,False,False
C4orf27,144.13287039162017,True,False
TAOK2,144.0048478272567,False,False
BCHE,143.94617178650384,False,False
AIG1,143.9300570685803,False,False
PEMT,143.82183290872723,False,False
DENR,143.80309232316853,False,False
C14orf37,143.7694949251968,True,False
WBSCR16,143.71846524663414,False,False
C19orf42,143.7144704968944,False,False
NAMPT,143.61144395316467,False,False
LIX1L,143.54535854826824,False,False
CHMP1B,143.53485993905792,False,False
UBE3A,143.53282122328665,False,False
FBXL14,143.4505866681873,True,False
CHMP6,143.3919171889439,False,False
NNT,143.26712882350188,False,False
HIP1,143.25167571849667,False,False
APLNR,143.23135103110266,True,False
HERC1,143.18864280976945,False,False
DISP2,143.15441434361512,True,False
ZNF444,143.00910283480133,False,False
CHMP5,142.905521736791,False,False
CD2BP2,142.65089604812204,False,False
MGAT1,142.43215370506837,False,False
TBCD,142.42047575300325,False,False
CAMTA2,142.35451391199075,True,False
TAF9B,142.24067800411737,True,False
SCAMP4,142.11209843609268,False,False
HEXDC,142.11145481103273,False,False
CDS2,142.10129317764444,False,False
CRELD1,141.95841854932098,False,False
CROCC,141.9360118778585,False,False
FBN2,141.7278668397843,False,False
PPP1R14C,141.59441966522792,True,False
AKAP7,141.53487194967892,False,False
ADIPOQ,141.53099424091423,False,False
FGFR2,141.37078148343102,False,False
NUP85,141.32633098747235,True,False
CCDC99,141.27244910458413,False,False
GRM7,141.26961484893147,True,False
E2F3,141.18170590179082,False,False
YJEFN3,141.10540069480996,False,False
SGOL2,141.10079845188383,False,False
TNFRSF10C,140.8205031593969,False,False
ZNF76,140.80371583266077,False,False
CCNL1,140.7575051157432,False,False
TBC1D29,140.75125661648593,False,False
CCDC82,140.73600584213543,False,False
WDR45,140.7302069089144,True,False
TCF20,140.6413690944076,False,False
NOC2L,140.57702537577055,False,False
QTRTD1,140.57049833608215,False,False
SPRY4,140.56150633867892,True,False
MND1,140.51083090851668,False,False
CERCAM,140.46130024505504,False,False
ZFR2,140.4562643225603,False,False
MFAP1,140.38568156940497,False,False
CHD2,140.329537654256,False,False
SCN8A,140.2321164643062,False,False
CYB561,140.20278188347314,False,False
CRELD2,140.09012012784973,False,False
SPHK1,140.01324201611865,False,False
ASRGL1,139.9900531593969,False,False
MIB2,139.9396790241078,False,False
NGFR,139.8968306190125,False,False
RFWD3,139.89656755447942,False,False
BLOC1S2,139.864415606906,False,False
HGSNAT,139.67175258038858,False,False
NUDT15,139.65815114339523,False,False
GTPBP2,139.62472018575053,False,False
ZGPAT,139.61316950322257,False,False
GPR26,139.48496159186348,False,False
DOCK1,139.46428371875402,False,False
NUP88,139.3943815770081,False,False
PARD3,139.18520482682388,False,False
IARS2,139.12228700389517,False,False
AS3MT,139.0603672439204,False,False
CHMP7,139.05563007626532,False,False
LMO1,138.96104748394566,False,False
CNOT8,138.77070024505502,False,False
POLA1,138.73712629692014,False,False
PMPCA,138.709662664491,False,False
MRPS33,138.69444914727865,False,False
SLC37A1,138.65623710858452,False,False
GOLGA7,138.60666581745446,False,False
CNTNAP1,138.48457657589685,False,False
LEPREL4,138.4121507082617,False,False
RNF4,138.398384985554,False,False
BMPR2,138.29763705243823,False,False
UBE2L3,138.21357503362927,False,False
CCM2,138.20970180545322,False,False
INTS8,138.1775340310676,False,False
PLEKHA6,138.08593108338889,False,False
ERLEC1,137.89460036261127,False,False
CYP1A2,137.8652317115252,False,False
DDX46,137.8034697155256,False,False
SUV420H2,137.77592288135594,False,False
IL13RA2,137.70482893403982,False,False
C8orf82,137.68967468154545,True,False
ERCC3,137.6525369383912,False,False
MRPL40,137.59747008924916,False,False
ZIC4,137.5239072533951,True,False
EXOC4,137.46920882724496,False,False
RABGAP1,137.28763625644805,False,False
C2orf29,137.24775903252976,False,False
EPC1,137.2271577060743,False,False
TIMM44,137.09195844299398,False,False
NOL4,137.0852193494052,True,False
HYAL2,137.03104281620287,True,False
TET3,136.93952191224807,False,False
ADAMTS7,136.84880253184545,False,False
THOC7,136.81462171924534,False,False
PSMG1,136.79180907931828,False,False
TRAFD1,136.77038444514625,False,False
BRD1,136.7488006363243,False,False
PARD6A,136.70138001894935,False,False
PAM16,136.67066101987345,False,False
TXNL4A,136.6406347826087,False,False
SMCHD1,136.58829967364983,False,False
HAGHL,136.58772914809748,False,False
BRD9,136.57800566141466,False,False
NAA50,136.51548047455287,False,False
SLC1A2,136.5078439040367,False,False
KPNA3,136.4445417388965,False,False
CEBPG,136.41271378566165,True,False
CBLN2,136.25936457638812,True,False
TMEM126B,136.24652442479325,False,False
RAMP1,136.23334358295023,True,False
NSUN2,136.21660295235756,False,False
MAPK9,136.1935215174697,False,False
RBCK1,136.10571986817325,False,False
SLC29A1,135.99372648173494,False,False
CLN6,135.98364160905825,False,False
TMEM199,135.8860142383409,False,False
SIX5,135.86151216443835,False,False
DSP,135.8594392281059,False,False
PSMB10,135.85052346562796,False,False
PLAGL2,135.82953105531578,False,False
BAHCC1,135.77630662467394,False,False
ADAM10,135.74296532792928,False,False
SLC35E1,135.728775602695,False,False
VPS16,135.69493490367404,False,False
DHRS7,135.5940603642489,False,False
SLC25A44,135.43242069691547,True,False
CD47,135.32114742604483,True,False
SCPEP1,135.28639888935675,False,False
ABCF1,135.24222328256775,True,False
PLEKHM2,135.1862410265408,False,False
TMEM165,135.17737052613728,False,False
RSPRY1,135.1385402440023,False,False
PDCD2,135.13239450234528,False,False
C1orf123,135.11569751026425,False,False
TMEM167B,135.0813284398358,False,False
MPV17L,134.9227828876723,False,False
ARHGAP29,134.89673221508693,False,False
SH2B1,134.89083019791556,False,False
CLSTN2,134.83958300873778,False,False
DVL2,134.75444967364984,False,False
SESN1,134.7275947041209,False,False
KDELR3,134.71670247920832,False,False
PDDC1,134.7018797235966,False,False
ZNF397,134.54398806716497,False,False
ERF,134.5225488835082,False,False
PLCXD3,134.4545725918518,False,False
DPY30,134.27955695277865,False,False
U2SURP,134.21899031243055,False,False
DUSP7,134.07613504579427,False,False
LTA4H,134.04953345088956,False,False
ZNF384,134.01856663800868,False,False
ARMCX2,133.9653302482133,True,False
SLC6A20,133.89816903358246,False,False
SLC39A10,133.81861526768898,True,False
IER5L,133.7942873665064,False,False
UBXN2B,133.7832563176241,False,False
NUCB2,133.65485889567321,False,False
WASF2,133.64874569954733,False,False
CTR9,133.5980784082535,False,False
IL11,133.59538440830028,False,False
TGFB1,133.54207090336993,True,False
WFS1,133.49301875051174,False,False
TAPBP,133.46914750792484,False,False
C16orf59,133.40655069247055,False,False
HIAT1,133.25042897147068,False,False
ADCK2,133.21016199190558,True,False
SYNPR,133.10170253476971,True,False
PYCR2,133.0960461990151,False,False
DOCK3,132.94322063141146,False,False
ANKLE2,132.94240020119076,False,False
SPECC1L,132.9240307237019,False,False
CETN3,132.73606411727548,False,False
CACNA1E,132.684637646068,True,False
SSFA2,132.44447733036225,True,False
NME6,132.43774283901232,False,False
PAX7,132.29055961270774,False,False
CUL4A,132.2881564164649,False,False
DDX25,132.28464760091703,False,False
ZNF579,132.2749466891252,False,False
C1orf35,132.18169603584002,False,False
LAMA1,132.09795869565218,False,False
IRS2,132.02956339029842,False,False
ZNF627,131.8113199734475,False,False
AZI2,131.7284043489958,True,False
TMEM57,131.71894898936728,False,False
LGALSL,131.56313369419004,False,False
FAM114A1,131.54570911090056,False,False
COX14,131.51736753342456,False,False
MGAT5B,131.4768411739247,False,False
HAUS6,131.35188677697067,False,False
PES1,131.30414471991205,False,False
FAM48A,131.2425696856979,False,False
LHFPL5,131.20535624802608,False,False
UNC5D,131.15227821642043,False,False
CENPE,131.1315281871776,False,False
ITGB1BP1,131.11070075914424,False,False
ATF2,131.0907540261548,False,False
WDR61,130.87395065737914,False,False
SRP54,130.84576712402475,False,False
TTL,130.79340940040473,False,False
AMOTL2,130.78159544805885,False,False
RGL2,130.78053509082827,False,False
ZMYM2,130.69140470692818,True,False
SPG7,130.65710750897756,False,False
C17orf28,130.64769123591958,True,False
KCNA2,130.5049918336433,False,False
BRAT1,130.47089277292346,False,False
PHF23,130.42476954533228,False,False
SNX7,130.3936494414617,True,False
SNX2,130.238771761355,False,False
ZNF385A,130.159417899545,False,False
KLHDC2,130.14303848826194,False,False
EXO1,130.05485061351487,False,False
MRPS17,130.04861312184906,False,False
CASP2,130.01457975050005,False,False
LHX2,129.96592272870828,True,False
TGOLN2,129.9631163818414,False,False
UBA3,129.96147982887086,True,False
PCMTD2,129.94037327028576,False,False
WDR66,129.82147411832824,False,False
NSD1,129.748100604742,False,False
RNF138,129.6084949129148,False,False
MPG,129.51932820764762,False,False
PRKRIP1,129.51721655437413,False,False
NTHL1,129.44704438888306,False,False
CCNF,129.4397291393246,False,False
NANS,129.40307444760268,False,False
KLHL2,129.340243551368,False,False
ZNF69,129.3338360997064,False,False
SOBP,129.32338099916953,False,False
MAN2B1,129.3101397041794,True,False
DDX41,129.28320701652805,True,False
WNK2,129.2263276555427,False,False
OTUD5,129.1541830297926,False,False
DPM2,129.05560032108642,False,False
TACC1,129.05083808821982,False,False
HCN2,129.03774773952813,False,False
NTPCR,129.02346509047737,False,False
DCK,128.87793896725972,False,False
ATG4D,128.8125354013873,False,False
GSS,128.81169628381937,False,False
MFSD3,128.78624862734088,False,False
DUSP5,128.7452255395305,False,False
PYGO2,128.60141848908071,False,False
CDYL,128.54460135745285,False,False
PPWD1,128.50219605864945,False,False
MRPS16,128.409104491116,False,False
VPS39,128.387637691102,False,False
WDR77,128.28836128539845,False,False
ZDHHC17,128.27469957831818,False,False
SULF1,128.2319882964289,False,False
ARPC5L,128.22495669544162,False,False
ABHD16A,128.20055649659028,False,False
SUPT4H1,128.14157396041688,False,False
XPC,128.12494350574914,False,False
STAT5B,128.11101273818295,False,False
GRAMD1B,128.04738741212526,False,False
SRPX2,128.00602345802483,False,False
GTF3C4,127.98946630639483,False,False
WDR90,127.9750183861459,False,False
RRP1B,127.97369477313401,False,False
TNKS,127.94982507222983,False,False
CHST1,127.85786874934203,True,False
ARHGAP17,127.8295961919968,False,False
UBL4A,127.79427102268075,False,False
RIMKLB,127.72032920950743,False,False
SCMH1,127.70825965306288,False,False
CX3CL1,127.55325358985156,False,False
INO80C,127.55274665695806,False,False
SLC1A1,127.51525712180229,False,False
WIPI1,127.51416178135706,False,False
CAT,127.51373769461114,False,False
ELOVL2,127.44287853984632,False,False
EML1,127.41639743657228,True,False
CHD8,127.38999499362507,False,False
KANSL1,127.33645017370249,False,False
SH3D21,127.29662597057,False,False
TOM1L2,127.25436343299296,False,False
EIF2B1,127.25324146693802,False,False
NDUFA9,127.22965859856592,False,False
KLC4,127.09265169433037,False,False
ADSS,127.07342501783812,False,False
MCM3AP,126.93608897544773,False,False
RAB8A,126.87638822624602,False,False
RANBP2,126.8489602484472,False,False
PCNT,126.51595904598145,False,False
DENND5B,126.45662318606638,False,False
PHYH,126.37525966709946,False,False
COL5A3,126.35392983413459,False,False
IFI16,126.16947106011158,False,False
EEPD1,126.16068604882383,False,False
DTNB,126.15597784796063,False,False
TNK2,126.14845124340575,False,False
SGPL1,126.08694515212126,False,False
CACNA1H,126.05516497467569,True,False
MGLL,125.9941531161175,True,False
CACNG2,125.94438905615795,False,False
DNAJB4,125.86583647167535,False,False
MATN2,125.86434071481207,False,False
NMRAL1,125.80212346562796,False,False
FOCAD,125.76502777660805,False,False
STRADB,125.67646283936323,False,False
RC3H2,125.65923823560375,False,False
MRPL49,125.65253277654958,False,False
JAG2,125.63340455311084,False,False
STX8,125.5465196102514,False,False
RELL2,125.54287121217438,False,False
TFCP2,125.44547568808413,False,False
NFATC2IP,125.40520743762501,False,False
FAM155A,125.35871092863576,False,False
CFL2,125.22748398544877,False,False
GPRIN2,125.19580851785567,False,False
HSF1,125.18928913043479,False,False
PCCB,125.12873736709129,False,False
ERC1,125.10273870933783,True,False
TRAM2,125.03348026575897,False,False
CACNG5,125.00606651518876,False,False
USP9X,124.99531282357205,False,False
SUCLG2,124.87111788375384,False,False
AMN1,124.8099501029348,True,False
USP32,124.76833818823033,False,False
MEN1,124.71057662911886,True,False
PDE9A,124.6812785556374,False,False
TDP2,124.67601438572483,False,False
GTF2H4,124.37332296031164,False,False
CCL5,124.31008926846101,False,False
ARHGAP5,124.29677679346364,False,False
EPCAM,124.2566295188967,False,False
DLG3,124.1528966166029,False,False
TCOF1,124.14760443146062,False,False
RSU1,124.13668845667965,False,False
PPM1B,124.10148689335722,False,False
EID2,123.93103099273608,False,False
MED25,123.79240200313482,False,False
TOMM34,123.74324213075062,False,False
HECW1,123.73955143172965,True,False
TRAPPC2,123.69009921044322,False,False
C3orf37,123.65599632066534,False,False
ORC1,123.46632082265971,False,False
RFXANK,123.206555811138,False,False
EP400,123.15688288884209,False,False
DENND2A,123.14973579441111,False,False
GPR137C,123.14735508767004,False,False
RNF34,123.14257408148227,False,False
WDR89,123.02939768396676,False,False
IFNAR1,123.00539071071809,False,False
PPP2R3A,122.95274806061457,False,False
SLC18A3,122.90433085587956,False,False
LRRC42,122.85747771870723,False,False
CHAMP1,122.85135182241406,True,False
SALL1,122.83368761916458,True,False
ZNRD1,122.83011563088515,False,False
TCEAL1,122.76394317062615,False,False
CSGALNACT1,122.733914000889,True,False
DEXI,122.71517663438257,False,False
CIB2,122.64600840556318,False,False
DDX50,122.48972420547192,False,False
JAZF1,122.46376341135323,False,False
RNF40,122.39931647132448,False,False
OSBPL1A,122.35664257758125,False,False
CHURC1,122.32008484869752,False,False
PISD,122.26560956182523,False,False
POM121C,122.2204114234247,False,False
PIGQ,122.20069585161009,True,False
TMEM175,121.92782451310666,True,False
AP1G1,121.92551156729948,False,False
C14orf129,121.90462230176276,False,False
RAP1GDS1,121.87128556280778,False,False
NR2C2,121.85310077844451,False,False
PLP1,121.83114079376777,True,False
SLC52A2,121.78211872419318,False,False
ATP8A2,121.76317657589686,False,False
WDR26,121.74730057666889,False,False
SPCS3,121.70917281819138,False,False
SEC24C,121.67729651132868,False,False
MLLT10,121.66501391725446,True,False
VAPA,121.65812457919549,False,False
MMRN1,121.64230091354646,False,False
NDE1,121.64013938309296,False,False
LMAN1,121.61363736826098,False,False
KIF13A,121.43482118585581,False,False
FBXO7,121.3264600273713,False,False
LEPREL2,121.29162407738824,False,False
RNF114,121.28594928179575,False,False
CDH20,121.25146956287797,False,False
GNAI1,121.23951318852278,True,False
FSD1L,121.17038656993134,False,False
POU4F2,121.16201414885776,False,False
SUCLG1,121.13704354610428,False,False
RAB11A,121.08112063316607,False,False
FBXL5,120.93985742183386,False,False
KIAA1524,120.92673869822553,False,False
CSF1,120.89929157747599,False,False
SETDB1,120.82855848451884,False,False
PHACTR4,120.82265112643435,False,False
TOMM40L,120.77797703442467,False,False
DCAF8,120.75548062427623,False,False
BZRAP1,120.6956435864594,False,False
ZC3H18,120.686839628148,False,False
TAOK3,120.59767571615726,False,False
NTS,120.55879642067586,True,False
ZNF513,120.55229607093143,False,False
MSH5,120.46393097811466,False,False
PRKAR2A,120.45056792937268,False,False
MRPS28,120.08421595021699,False,False
CALCOCO1,119.96831046367453,False,False
FAM199X,119.96725244762604,False,False
LIMK2,119.95496581219074,False,False
SHOC2,119.95099653589267,False,False
BCL2L12,119.93979065691126,False,False
LMO2,119.82008628803032,False,False
HIST1H2BD,119.8138408516686,True,False
C14orf118,119.76457866208139,False,False
TSTA3,119.70909117041559,False,False
DSCC1,119.6820963943573,False,False
SEC24D,119.4693848247184,False,False
VAV2,119.40959340749318,False,False
FAAH,119.38046544840978,False,False
MAP3K7,119.36352245967413,False,False
PARP4,119.27259898936728,False,False
AXL,119.18450335824825,False,False
MYO18A,119.14630392672912,True,False
UBQLN4,119.1193068720684,False,False
EIF3J,119.10333884093062,False,False
ACAA1,119.07939924202549,False,False
PDCD4,119.03935920740197,False,False
DUSP23,118.97779343088746,True,False
NFKBIL1,118.93007826086958,False,False
SPPL2B,118.91082431834931,False,False
TWSG1,118.88314766759075,False,False
ATF5,118.87982832403411,True,False
INHBA,118.83700517715317,True,False
STK32B,118.7709697400896,False,False
C17orf58,118.69285459814483,False,False
KIAA1958,118.50762951889672,False,False
DNALI1,118.49668032015065,False,False
PRPF40A,118.46418061374881,True,False
TMEM198,118.39710052110749,False,False
NUP133,118.37466703863565,False,False
DIP2C,118.30768794609958,False,False
NAT9,118.29838974628908,False,False
ARRDC2,118.26909968359243,False,False
ERAL1,118.21876709595159,False,False
PI4KB,118.16315174696751,False,False
GNG7,118.10219464271091,False,False
USP46,118.0967038243792,False,False
VAMP3,117.98805191891547,True,False
C7orf26,117.93070945304183,False,False
SNAPC3,117.91773029266238,False,False
TRIL,117.90844663648807,False,False
OVCA2,117.87397261056721,False,False
SFT2D1,117.73928225193295,False,False
IL32,117.69992260764293,False,False
IMPA2,117.63693194663766,False,False
BLM,117.63538669099671,False,False
NPPC,117.62874466785978,False,False
TES,117.49158808763497,False,False
TMEM151A,117.40349294779566,True,False
ZDHHC9,117.37119877881882,False,False
C1orf96,117.32493753319062,False,False
KIAA1109,117.30313738054298,False,False
NPLOC4,117.28794470996947,True,False
IL6R,117.26669362155086,False,False
CCPG1,117.26512007872174,False,False
FAM133B,117.1969294569019,False,False
BBS2,117.19131327508158,False,False
PPP1R35,117.16133740393727,False,False
PHF20L1,117.11788885145806,False,False
UBP1,117.09595745107673,False,False
XRCC3,116.93187099694705,False,False
ASAP1,116.91780952673382,False,False
FBLIM1,116.91604889228105,False,False
LANCL1,116.90479684177282,False,False
HAUS8,116.86941568352225,False,False
SYMPK,116.8614955235054,False,False
ZNF25,116.7266007187891,False,False
TIAM2,116.63348673661554,False,False
ZNHIT3,116.56048582482367,False,False
PSMB8,116.54102887613901,True,False
ARHGAP19,116.50951647132445,False,False
COG4,116.50677991133568,False,False
CEP78,116.50084490999053,False,False
PHKB,116.48728743142551,False,False
ASXL3,116.4201861038004,False,False
C7orf49,116.29807434232843,False,False
DPY19L3,116.28221581219074,False,False
SALL3,116.27861256038649,False,False
NEDD9,116.15082841293238,False,False
SGIP1,116.14443861225158,False,False
EIF4E2,116.13408410300498,False,False
PHTF1,116.06629363617223,False,False
ACVR2A,116.06091967867962,True,False
TMEM48,115.96734184651015,False,False
ORAI2,115.95891867681975,False,False
FAM65B,115.89966281830837,True,False
MED12,115.81638902106654,False,False
ZCCHC9,115.79077021031455,False,False
KRAS,115.78041935466891,False,False
SURF1,115.70095463849997,False,False
DLST,115.69415738264847,False,False
ANKRD17,115.54399490063282,False,False
PDGFC,115.54354282497573,False,False
VPS45,115.51452675018422,False,False
PIR,115.44658986852416,False,False
KHNYN,115.44322380893894,False,False
NUDT10,115.40504490999055,False,False
SYTL2,115.27001678071375,False,False
ARRDC4,115.2563672573721,False,False
EPC2,115.2476550636909,False,False
SKIV2L2,115.2111762501316,False,False
CRTAC1,115.19082240528243,True,False
RAE1,115.15480665099251,False,False
TMEM8A,115.10217779005977,False,False
ASXL1,115.08557826028472,False,False
MRPS2,115.04593702787427,False,False
LGMN,114.98524382040216,False,False
PRDM7,114.85994945725285,False,False
GPN1,114.84017449322151,False,False
FAM124A,114.81940797569334,False,False
DUS1L,114.64227248950182,False,False
TMEM45A,114.63262988209286,False,False
ABI1,114.50733997789241,False,False
GYG2,114.38868504579429,False,False
TAP1,114.32865661648596,False,False
MRPL16,114.32786104326772,False,False
PRKAG1,114.30167680399104,False,False
PRDM8,114.29978739340983,False,False
EFNA2,114.17596197786902,False,False
SARM1,114.14581691698541,False,False
TAB2,114.14271697137711,False,False
SRGAP1,114.09069032120338,False,False
RAB8B,114.08923333976675,False,False
CREBZF,114.05548976149537,False,False
FAM21C,114.0348725807395,False,False
DDX58,113.97320460691769,False,False
CC2D1A,113.87346523318243,False,False
DCAF13,113.86167145079598,False,False
AADAT,113.84159956954534,False,False
ZFHX3,113.772663665766,True,False
IER3IP1,113.70380324010713,False,False
NSMCE1,113.69064091249372,True,False
DDX52,113.6903458288007,False,False
IGF1R,113.6216899088793,True,False
RTF1,113.5450751336398,True,False
C16orf79,113.43766184978536,True,False
DAP3,113.32359952568103,False,False
SLBP,113.28978132434993,True,False
SENP3,113.26191962253336,False,False
CCL16,113.24699904317416,False,False
CHN1,113.2225582301061,False,False
NTAN1,113.21041969154648,True,False
PCBD2,113.14995080476312,False,False
UBN1,113.11024576914528,False,False
LZIC,113.09261497993941,False,False
C2orf15,113.05558286661754,True,False
DR1,113.03313530371618,False,False
SUGP1,112.99177630920214,False,False
TNRC6A,112.98402583722265,False,False
GTF2F1,112.97091605432152,False,False
PGP,112.96788463814904,False,False
CKMT1A,112.82475410043162,False,False
MAPK3,112.78612160344366,False,False
MDM4,112.6835835193178,False,False
ATG9A,112.67060859037794,False,False
UBE4B,112.44849026505716,True,False
RGS20,112.33750641412547,False,False
ARID1B,112.32341822238598,False,False
SIAH1,112.26332419845365,False,False
C22orf32,112.21764995204174,False,False
TGIF1,112.20746818554,False,False
LRCH4,112.19189456200068,False,False
UCK1,112.15887990607197,True,False
TRIM59,112.08281751353944,False,False
TBC1D7,112.07012856090114,True,False
GTF2A1,111.99817141921372,False,False
SMOC2,111.98710539822905,False,False
HIVEP2,111.9646964551824,True,False
FKBP7,111.92490899685346,False,False
GPX8,111.87966886806798,False,False
RTN4RL2,111.77488034997836,False,False
TYRO3,111.73188698284031,False,False
GINS4,111.6846335783884,False,False
FAM18B2,111.65904942040683,False,False
TRIOBP,111.6437314483396,False,False
APEH,111.49206958393282,False,False
SDCCAG3,111.45621406990209,False,False
SEC16A,111.45164120199787,False,False
CSRNP1,111.40478941233579,False,False
RIF1,111.40242458796833,False,False
KIAA0408,111.39111137780586,False,False
STIM1,111.29206090933549,False,False
ASIC2,111.21770656852769,False,False
CUX2,111.17070989694824,False,False
REEP4,111.01990233825782,False,False
COMMD1,110.97013003064652,False,False
CHST10,110.96120128434572,False,False
SKA1,110.95519514802724,False,False
C12orf34,110.94167457919546,False,False
ELP2,110.87898288767238,False,False
HDAC7,110.85628286252354,False,False
LRWD1,110.81117210759027,False,False
UPF1,110.79738101846979,False,False
CD3EAP,110.62520916880136,False,False
AARSD1,110.61802860418055,False,False
FTSJ2,110.57837127884807,False,False
RNF20,110.55073824203716,False,False
WIBG,110.43400211016363,False,False
SENP6,110.34938302979262,False,False
MLL2,110.27655188967259,False,False
IWS1,110.12302571264811,False,False
ZBTB47,110.11932723737003,False,False
NF1,110.11204347592144,False,False
CTNNBL1,110.040585709022,True,False
LIME1,109.96734101425882,False,False
MRPL38,109.91126533787182,False,False
DLG1,109.86031972312874,False,False
RNF126,109.83651492203859,False,False
PCYT1A,109.81517484939934,False,False
C2CD4C,109.71671167257372,True,False
ARRB2,109.66800749845014,False,False
ETV4,109.44532143500486,True,False
PPP1R8,109.4385343539086,False,False
DDX3Y,109.3956921389386,False,False
GNA13,109.37439482518629,False,False
PHIP,109.367303252974,False,False
TFRC,109.32988037161806,False,False
C1orf31,109.32475633224551,False,False
RBPMS,109.25377886385704,False,False
NBL1,109.06969079376776,True,False
S100A4,109.02387649752606,False,False
C20orf11,108.93482935045795,False,False
FAM189B,108.92952283924623,False,False
FAM117B,108.80586702927793,False,False
HBP1,108.79455458235368,False,False
COL9A1,108.7758314185119,True,False
DHRS2,108.77450794820506,False,False
SHARPIN,108.71751927161924,False,False
GFRA2,108.65378760395832,False,False
FAM92A1,108.6229062684961,False,False
TRIM27,108.54964896246389,False,False
CHD1,108.49604113181503,False,False
DERL2,108.46099216759659,False,False
GNAI3,108.45079561123394,False,False
DYRK1B,108.38862852931888,False,False
DAPK1,108.34272019978711,False,False
RGL1,108.33941582915159,False,False
TARBP2,108.30065241078007,False,False
MBTPS1,108.23508397141221,False,False
TEX2,108.20015077902937,False,False
TOPBP1,108.16046093272978,False,False
TUSC2,108.0956135856406,False,False
PIAS1,108.07079495853364,False,False
MED18,108.06799406253288,False,False
SMOX,107.9462077107532,True,False
ING3,107.85671109707457,False,False
ZFP42,107.85404065691128,False,False
UAP1,107.81322929021769,True,False
GLIS3,107.71027818132903,False,False
NDUFV3,107.66616313296137,False,False
PPP1R26,107.65216795744581,False,False
ZBTB17,107.62039685171537,False,False
KPNA1,107.58577292112619,False,False
STOX2,107.54727267197717,False,False
SART1,107.53337738299939,False,False
ZNF621,107.42232916213402,False,False
BRD4,107.36764351101284,False,False
LOC644100,107.30114086161116,False,False
MYO10,107.1887557122972,False,False
PNMA3,107.1423807348142,False,False
SEC62,107.1281932934461,False,False
RABL2B,107.08015001169714,False,False
UNC50,107.02594521996467,False,False
FOXN3,106.98745179492579,True,False
MECP2,106.9307101197787,True,False
ERLIN2,106.86865778619969,False,False
SIAH2,106.80480229965728,False,False
KCTD3,106.63102791638886,False,False
GGA1,106.62390576376461,False,False
HAGH,106.60870914599197,False,False
MAPKAPK3,106.56499296768081,False,False
CBWD3,106.51937410019767,False,False
SEMA4B,106.51073074124761,False,False
BBOX1,106.48913194663767,False,False
WRNIP1,106.47906481676434,False,False
GAB1,106.41785362962182,False,False
KIAA1467,106.20437894105812,False,False
SEL1L,106.15168260343195,False,False
RSPH9,106.10106198839645,False,False
FAM107B,106.05537188242036,False,False
STAG1,106.0013936624908,False,False
ZFAND2B,105.90895284708331,False,False
PPP1R37,105.86996612742863,False,False
ISOC2,105.84114231439565,False,False
NIPBL,105.78100422793044,False,False
BSN,105.56892988735657,False,False
AMOTL1,105.5375381876455,False,False
CHST2,105.51846336397985,False,False
CRYL1,105.5137446310138,False,False
NSFL1C,105.49433727351415,False,False
SNRNP27,105.43680123287831,False,False
ABHD3,105.424403261162,False,False
AVL9,105.27611302768712,False,False
C5orf49,105.27244114643648,False,False
FOXG1,105.23792431951901,True,False
PLCXD1,105.09268799347302,False,False
ZNF629,105.08949415727972,False,False
TATDN1,105.0237599934496,False,False
SCAMP2,105.0132624486788,False,False
SLC41A1,104.98749102537111,False,False
LRRC23,104.98515021054848,False,False
CHRNB4,104.95159502169818,False,False
FNTA,104.90576170591056,False,False
ZNF585B,104.8744981413248,False,False
CELSR1,104.7876505579535,False,False
RABEPK,104.7860251184335,False,False
NKIRAS1,104.76707905861434,False,False
STAT2,104.71515448936147,False,False
SEPT8,104.7103193154835,False,False
SLC11A2,104.62327203331346,False,False
STK40,104.6145703857716,False,False
AZI1,104.6112061369033,False,False
ST6GALNAC5,104.58107017580798,False,False
NDUFAF2,104.4925578271397,False,False
GNB4,104.48990738440303,False,False
TPP2,104.46499330046439,False,False
SSTR1,104.46214083587748,True,False
PDGFD,104.433957135254,False,False
HDHD2,104.41373735071528,False,False
EDC4,104.39979554631482,False,False
KLHL36,104.39718292451838,False,False
C4orf46,104.37331437519738,False,False
PARP2,104.34348283503526,False,False
CCBP2,104.3332683469605,False,False
ZDHHC16,104.30439773075531,False,False
EEF1E1,104.29180206103567,False,False
RENBP,104.23884718683837,False,False
ASF1A,104.18775102232983,False,False
RASSF1,104.17020166333299,False,False
YEATS2,104.16187430548244,False,False
FAM21B,104.13695570352434,False,False
PDE1C,104.12157656186031,False,False
ACD,104.03408828297715,False,False
LRSAM1,104.01939989238633,False,False
PLOD3,104.00909177574249,False,False
THAP3,104.0055008503819,True,False
NUP214,103.99205539822906,False,False
PHF8,103.94264932039628,False,False
UNC45A,103.92686824344084,False,False
DFNA5,103.90162746078536,False,False
SPG20,103.88781669649437,False,False
WDHD1,103.85033663485045,False,False
RRP1,103.8041535138202,False,False
C2orf43,103.76500572282464,False,False
NAV2,103.76207293925675,True,False
TMBIM1,103.71621336982841,True,False
RANBP9,103.69437065422092,False,False
SETX,103.62307288077108,False,False
EXOC5,103.51532988735656,False,False
TP53I13,103.50149769741844,False,False
NFKBIA,103.49751901896104,False,False
NUDT4,103.49294172485993,False,False
ATHL1,103.48937502895042,False,False
FBXO3,103.47892766080639,False,False
SARS2,103.34229559895195,False,False
HIRA,103.30966775450045,False,False
RNF2,103.26016203810927,False,False
ALG8,103.25511205682469,False,False
CHRNB2,103.1829730948287,True,False
SDHC,103.13939523751037,False,False
EIF2B4,103.13563994104642,False,False
PKP4,103.09213395620594,False,False
MMRN2,103.07978932811638,False,False
TTC4,102.9563329362155,False,False
C15orf38,102.95128745774409,False,False
SPOP,102.90485640184347,False,False
USP47,102.83299000187155,False,False
ANAPC2,102.78858951994947,False,False
MAGEE1,102.78147495116445,False,False
REC8,102.74651215508065,False,False
PSD3,102.71523960007485,False,False
PDIK1L,102.69697505292955,False,False
FUT8,102.61726472786609,False,False
DCAF5,102.54449505854419,False,False
SOX8,102.48835069422512,True,False
EPB41L2,102.48226783638043,False,False
FAM53B,102.46526394883674,False,False
USP19,102.46313390649307,False,False
KRI1,102.45463375618486,False,False
FAM8A1,102.4077290241078,False,False
OMG,102.38259539425202,True,False
LOC100293534,102.35974385666327,False,False
C4B,102.35974385666327,False,False
ARHGEF3,102.34025172766724,False,False
NSUN5,102.32168103075176,False,False
CLINT1,102.27004561006423,False,False
MYC,102.19588155068955,False,False
ADAM17,102.07513412230527,False,False
CHMP4A,101.85218440830029,True,False
KIAA1715,101.81060673755132,False,False
KIAA0232,101.78685062755144,False,False
HCN4,101.74486702927793,False,False
SYNJ2,101.61621153805665,False,False
ST5,101.5490898790516,False,False
COQ9,101.54423693312746,False,False
TMEM56,101.48604120024325,False,False
SNRK,101.43886788550842,False,False
RFX5,101.40325083166647,False,False
C1orf201,101.38592608169282,False,False
ARAP3,101.36070135803767,False,False
ZADH2,101.31625346118305,False,False
PRR12,101.25024811325169,True,False
TOR2A,101.2353268022365,False,False
JARID2,101.22106632569512,False,False
DHX38,101.20518881987577,False,False
PRKAB2,101.18016824694996,False,False
NMU,101.13819694295306,False,False
SMAD5,101.04446815454259,False,False
ANKMY2,101.03620229263898,False,False
RASA1,101.03072891883356,False,False
FAM55C,101.01207611853876,False,False
GINS3,100.97438902106654,True,False
CAMLG,100.89845991975764,False,False
ARHGEF6,100.85056818612486,False,False
CPN2,100.76765392614426,False,False
MBD1,100.710223387842,False,False
RASGRP2,100.70758713841222,True,False
ZBED1,100.67195943257185,False,False
ABHD6,100.66991916108128,True,False
LRRC37A2,100.61169666807031,False,False
ARFRP1,100.6102004000421,False,False
PDZD11,100.57555022633962,False,False
TSR2,100.44445312664492,False,False
RGS5,100.4290783146764,False,False
PDLIM2,100.37143071902305,False,False
KBTBD6,100.35198168520664,False,False
ST3GAL2,100.34689550478997,False,False
TMEM74B,100.3411011895989,False,False
HMGCLL1,100.34068712963939,False,False
GALC,100.28246154098092,False,False
NECAB3,100.26618286135384,False,False
AGT,100.26451113275083,True,False
RNF144A,100.25751201179072,False,False
GBF1,100.10315031523787,False,False
USP14,100.06224310921617,False,False
FBXL15,100.05699080897405,True,False
ZNF462,100.0434946795569,False,False
MAGI3,99.99626231123744,False,False
RB1CC1,99.94408242739001,False,False
MAPKAP1,99.91755886409096,False,False
CDKL2,99.85258433519319,False,False
SMAD1,99.84812157595537,True,False
DHX36,99.83967390251607,False,False
RYK,99.74246351838205,False,False
DDX47,99.70069165643166,False,False
FAM110A,99.64714757342878,False,False
RBM22,99.63694433624593,False,False
HOMER1,99.63055283304675,False,False
SIAE,99.57087653963575,False,False
WWC1,99.52433023417672,False,False
RALA,99.48695823887894,True,False
RUFY2,99.46684303201506,False,False
C1orf54,99.4114329414792,True,False
IMP3,99.38282853399774,True,False
ZER1,99.34647641798551,False,False
PLDN,99.33034237288135,False,False
C16orf57,99.32130560877755,False,False
GYS1,99.31835252424231,False,False
MRPS5,99.31510953258237,False,False
CCDC94,99.17252143500485,False,False
RABGGTB,99.10117189704181,False,False
WAPAL,98.9925189698331,False,False
SPATA20,98.9804810453732,False,False
PLA2G15,98.92102145079599,False,False
TOX2,98.90889462341065,False,False
COMMD9,98.89377037875332,True,False
CAPRIN2,98.89079700611761,False,False
ARIH1,98.88798084476727,False,False
MTMR9,98.88222287082851,False,False
TSKU,98.86692176018526,False,False
HRSP12,98.8527585880385,False,False
GDE1,98.79439821033793,False,False
ZFYVE9,98.76981845398932,False,False
C2CD2L,98.69950603747763,False,False
MRPL34,98.68105855821081,False,False
CPQ,98.61022263396146,False,False
SERPINA3,98.56304013521893,False,False
OSBPL8,98.51492545648081,False,False
CEMP1,98.49836451848732,False,False
ABCD3,98.49162594483631,False,False
TMEM170A,98.47994114760617,False,False
C20orf194,98.44454715701069,False,False
JMJD1C,98.39773761974944,False,False
MED13,98.36468756711233,True,False
JOSD1,98.31953822800062,False,False
DNTTIP1,98.31629488308711,False,False
HIF3A,98.30329078441004,True,False
ZNF598,98.28795003684597,False,False
ATAD3C,98.28328994631016,False,False
KIT,98.2142667696015,False,False
SMG9,98.20705747564071,False,False
TNPO3,98.20255289621129,False,False
CHEK2,98.16089830800902,False,False
STK24,98.09307938847365,False,False
MAP2K3,98.06711373828823,False,False
NBPF15,98.04403856136904,False,False
BTN3A2,97.95602341825455,False,False
TIMM50,97.92168535927759,False,False
PTCHD2,97.90992206021687,False,False
FAM167A,97.90368156414127,False,False
LRCH3,97.8798801376753,True,False
BOLA3,97.84358419307297,False,False
EBPL,97.8090114801558,False,False
DDHD2,97.67481898913336,False,False
TRIM16,97.6562543612778,False,False
FAM98C,97.64269306535192,True,False
OPN3,97.64077673731737,False,False
MAP1LC3C,97.6311236972313,False,False
EPHB6,97.62738236130119,False,False
DYRK1A,97.57908390649308,False,False
CAP2,97.5306297481606,False,False
RNF24,97.5023447760583,False,False
NCAPD3,97.37469921044321,False,False
SIRT6,97.3474182802868,False,False
KDM5C,97.32972093670679,False,False
KCNJ10,97.31320031348329,True,False
MFSD1,97.30531981202698,False,False
ATMIN,97.25775213121851,False,False
ZNF697,97.25074274777462,False,False
WNT5A,97.15374997134201,False,False
TMX3,97.1433504842615,False,False
C19orf26,97.13971905405246,False,False
LEMD2,97.10876618883859,False,False
DNAH12,97.08566366985994,False,False
SPATA2L,97.00493495748091,False,False
TGFB1I1,96.98418166415178,True,False
RPF1,96.88972789884316,False,False
SENP7,96.88255858511421,False,False
IDH3A,96.71687067176661,True,False
IL12RB1,96.66864718157463,False,False
PPPDE2,96.56553017803043,False,False
CP,96.54192166017474,False,False
SUZ12,96.46770238972523,False,False
HIST3H2A,96.46512805558481,False,False
DEDD2,96.34986795569125,False,False
CYP46A1,96.3427921254869,False,False
TEAD3,96.33621013907897,False,False
EIF2S1,96.31893332397563,False,False
DARS2,96.24379309167045,False,False
ZSWIM4,96.23563436443604,False,False
PPP2R3C,96.140625312606,False,False
EIF2AK3,96.10173459428479,False,False
HEATR2,96.05340436829607,False,False
C17orf62,96.01309054110959,False,False
PPM1L,95.99749502579219,False,False
HOXA6,95.92473976208022,False,False
LTBP2,95.8693488630382,False,False
GPBP1,95.86770531927336,False,False
NADKD1,95.84829796820718,False,False
SGCG,95.80561595957471,False,False
C6orf226,95.7836799411634,False,False
PRPF39,95.7628914581652,False,False
MTIF3,95.70009877998854,False,False
TELO2,95.69094860979517,False,False
ITGA3,95.67126082336155,True,False
RETSAT,95.6687984208864,False,False
MLL4,95.66764668854033,False,False
FXR1,95.6280417359722,False,False
NAGLU,95.61117150167854,False,False
ZNF512B,95.54373399831562,False,False
MAN1A1,95.51020905124514,False,False
CBL,95.50686198547216,False,False
COMMD10,95.49287017580798,False,False
SCUBE3,95.40053083073072,False,False
EYA3,95.38419945725285,False,False
ATP2B1,95.37908009790503,False,False
CHST8,95.36755652700285,False,False
COPS5,95.33419343381175,False,False
MPND,95.31148493291691,False,False
DCAF12,95.29775806868558,False,False
TATDN2,95.25432716894176,False,False
WHSC2,95.22389840801955,False,False
CASC5,95.17947071212174,False,False
SLC45A3,95.15191781883473,False,False
PVRL2,95.14245773005347,False,False
GAS2L1,95.05129649202841,False,False
FLAD1,95.03004926425004,False,False
RGP1,95.02677414991054,False,False
MAU2,94.9955121802295,False,False
BCL9L,94.98898634534629,False,False
GOLGA2,94.98110850732824,False,False
DNAJC11,94.95628720684049,False,False
KIAA0947,94.92431167257372,False,False
METTL11A,94.90055993554877,False,False
KAT5,94.79539694295306,False,False
VEPH1,94.7318546583851,False,False
IFIT1,94.70249444268987,False,False
TBL1XR1,94.68027570387528,True,False
RP9,94.59443291399096,False,False
KCND2,94.59353525224877,True,False
RBMS1,94.58278748932635,False,False
COBL,94.50561862944637,False,False
DOC2A,94.29425519645342,True,False
UBE2J2,94.29258277713444,False,False
TMCO3,94.26265060006315,True,False
ATP6V1C1,94.26069560070653,False,False
C7orf42,94.25885670538419,False,False
TM7SF3,94.21062906563263,True,False
MCC,94.20187068638805,False,False
ZC3H12C,94.17880777450257,False,False
RAP1A,94.13342258951235,False,False
GPBP1L1,94.01870228971471,False,False
NUBP1,93.99865377876034,False,False
ACSL1,93.97668432759002,True,False
SLC2A4RG,93.95703550315237,False,False
CLEC19A,93.9561203337193,False,False
EFHA1,93.87383843036109,False,False
KANK2,93.83172662911886,False,False
MTHFD1L,93.79828427319835,True,False
BTF3L4,93.75381117778478,False,False
RANGRF,93.68791875460575,False,False
PRPS1,93.60370353662958,False,False
WDR73,93.57306427109285,False,False
BTN3A1,93.55837045770899,False,False
PLA2G4B,93.53179528663836,True,False
ARHGEF11,93.4326510188207,False,False
NR2C1,93.42193393515106,False,False
CDCA2,93.40371385350505,False,False
GLB1L2,93.40130307517751,False,False
C22orf39,93.34419302850593,False,False
CRYZ,93.33428417318781,False,False
LRPPRC,93.30144013054006,False,False
OSMR,93.2980595431098,False,False
NDEL1,93.28400171713983,False,False
NAA40,93.28022294744476,False,False
LONRF1,93.2743616076546,False,False
SEC14L2,93.27063129276765,False,False
MASTL,93.26452052262812,False,False
MSX1,93.24368816191178,False,False
ZNF154,93.2177190862196,False,False
DPY19L1,93.19094003169924,True,False
SWI5,93.15109801324112,False,False
RNF215,93.14205634803663,False,False
KRTAP5-2,93.12695388578913,False,False
CAPN10,93.1210606636956,False,False
SIN3A,93.11017640219438,False,False
TENC1,93.07807776725036,True,False
PMEPA1,93.04738481945469,True,False
SDC4,93.04185310500523,False,False
SP3,93.01361529108328,False,False
BMP1,92.97941348504521,False,False
GALNT10,92.97860685978642,False,False
PGPEP1,92.92373133780164,True,False
NEURL4,92.8682008328362,False,False
THAP11,92.85714341451148,False,False
CCZ1B,92.83574332561321,False,False
UBE2O,92.77566519575161,False,False
TBCC,92.774355537425,False,False
LIN37,92.70575372612322,True,False
CHID1,92.63364088617514,False,False
MICA,92.54087674082652,False,False
HECTD1,92.53012681334877,False,False
ZNF740,92.34836579055107,False,False
SIL1,92.33676903299762,False,False
EXOSC6,92.31824969938357,False,False
WIPF2,92.30493518908423,False,False
XPO6,92.27606089529893,True,False
KAT8,92.25850470575848,False,False
IRF3,92.25675096618356,False,False
HNMT,92.21415505316351,True,False
BCL7B,92.20224866301716,False,False
WDR37,92.19959027266027,False,False
FAM22A,92.16426207495527,False,False
ZC3HAV1L,92.12987015475312,False,False
HMG20A,92.0767762080219,False,False
FZD2,92.06359490472683,False,False
PKN2,92.05648018212443,False,False
IFT80,91.97439124118328,False,False
ZNF710,91.93310251196031,True,False
UBE2D1,91.92226185680363,True,False
C3orf75,91.88740525259969,False,False
IPO4,91.87002947678702,False,False
IL6ST,91.82163099566037,True,False
RTKN2,91.80893471418044,False,False
CNOT2,91.79053023593127,False,False
OLIG1,91.7783861511738,True,False
TBC1D1,91.77227890421216,False,False
C14orf21,91.73005323835257,False,False
YIPF2,91.71002296148133,False,False
GRB10,91.6894896989157,False,False
MMS19,91.66823787533191,False,False
KDM4B,91.63324028260286,False,False
CENPI,91.61488059561825,False,False
SEC23B,91.60735146623622,False,False
FKBP14,91.53431399562527,False,False
NPM2,91.43194996256916,True,False
STK38,91.41002360014504,False,False
IGSF9B,91.37271542793977,False,False
PPT2,91.22983758290346,False,False
AGBL5,91.21193783029793,False,False
BCKDK,91.1651039664994,False,False
PPAP2A,91.1543308611433,False,False
PLEKHG1,91.07843985682706,False,False
SLC25A36,91.073839901861,False,False
CCDC130,91.04031830719022,False,False
FTSJ1,90.98849487314455,False,False
CXorf26,90.97252912938204,False,False
GTF2F2,90.96139156226972,False,False
COPS7B,90.90990656326396,False,False
POLR3H,90.89571566597654,True,False
NDP,90.80735167912415,False,False
NPRL3,90.80001687487571,False,False
ZC3H7A,90.75297280883368,False,False
ASAP2,90.62229452047583,False,False
GPR107,90.60147719701489,True,False
TP53INP1,90.58281986641869,False,False
CHP,90.54198177118059,False,False
TRIM33,90.470886722579,False,False
C16orf88,90.36133553473464,False,False
HAUS5,90.35456103917372,False,False
FGFRL1,90.34020583687172,False,False
ADAMTS1,90.29055354189329,False,False
ING5,90.29022628112901,False,False
SFSWAP,90.28938313097284,False,False
ZBTB8OS,90.28699476026715,False,False
PRDM2,90.28672443415095,False,False
TRPC4,90.28363229579722,False,False
CDC42BPA,90.28045649015685,False,False
PRPF3,90.1382161519926,False,False
IQCB1,90.09949707980957,False,False
NGDN,89.99732671333825,False,False
RAB30,89.95285299271268,False,False
CEP95,89.94261420266461,False,False
EDA2R,89.83489121486474,False,False
CYP20A1,89.797850073692,False,False
FGFR1OP,89.79209830274532,False,False
TXNDC15,89.78409414616745,False,False
HTATIP2,89.70413641026539,False,False
ANKHD1-EIF4EBP3,89.67746375173995,True,False
RPA3,89.65765581932602,False,False
SRPRB,89.64616426992313,False,False
KCNK3,89.64431252003133,False,False
ZNF414,89.58557444467839,False,False
NIM1,89.57434961867332,False,False
PDPK1,89.555119166345,False,False
CHD6,89.53843798294557,False,False
EBF4,89.52040229965726,False,False
GCDH,89.5111358879882,False,False
ADAT1,89.49693439075459,False,False
PPID,89.45291342772923,False,False
PRTFDC1,89.45144639377246,False,False
CITED1,89.44182878490133,True,False
TIAL1,89.41616267443355,False,False
ASB8,89.41608182440257,False,False
FAR1,89.38001353826719,False,False
MAN1A2,89.3316028962113,False,False
CHRNA4,89.28522457568633,True,False
MAPK12,89.210403563533,False,False
CTTNBP2NL,89.15767434759215,False,False
RXRB,89.10983037980607,False,False
TCTEX1D1,89.1024411201179,False,False
DNAJC4,89.08827575300323,False,False
PRKCDBP,89.06994886303822,False,False
EIF2AK2,88.99745509819749,False,False
CDCA7L,88.83505411095905,False,False
GSTM4,88.81539565158906,False,False
KLHDC10,88.70015634218808,False,False
PROSC,88.6832465411564,False,False
EXOC3,88.65585036085669,False,False
PTPN9,88.65412772338608,False,False
ANAPC7,88.58417346855224,False,False
SLC38A10,88.54623232211578,False,False
UTP18,88.53666159069375,False,False
RMI1,88.53104312500732,False,False
ZNF593,88.52230360154871,False,False
TPRG1L,88.48674961574902,False,False
GTPBP1,88.48217770817983,False,False
GATAD1,88.46355592284567,False,False
PIF1,88.41478047981659,False,False
SLMO2,88.30826500157913,False,False
COX11,88.30592579862208,False,False
FLYWCH1,88.27753910704051,False,False
KPNA5,88.27217043899358,False,False
FOXK2,88.2598018013592,False,False
GPATCH4,88.21387917149174,False,False
RPH3A,88.1924811202349,True,False
RELA,88.07510673872103,False,False
UBAC1,87.92230376121462,True,False
PALMD,87.91178759635518,False,False
MPHOSPH9,87.85614314781672,False,False
RANBP3,87.84906183399421,False,False
MED1,87.83443764372858,False,False
N4BP2L2,87.8262703231919,False,False
PTS,87.77507230234762,False,False
HOXA4,87.77066996116548,False,False
PIP4K2C,87.75813646641168,False,False
TAF11,87.70464921512206,False,False
NAA20,87.661158442994,False,False
CRTC1,87.63845070533739,False,False
VPS26A,87.57606458048215,False,False
RCBTB1,87.56504091483312,False,False
CIT,87.53199533050262,False,False
PIPOX,87.52979151080231,False,False
TOP3A,87.44537953936673,False,False
SPTSSA,87.41421012738182,False,False
GATAD2A,87.3655038635646,False,False
TDP1,87.35604958182734,False,False
FBXL6,87.3535026453077,False,False
ANKZF1,87.33558631200945,False,False
DENND4B,87.30911283292978,False,False
SCAPER,87.28614936309086,False,False
CLSPN,87.19609788691206,False,False
AHDC1,87.17459974734184,False,False
RNASEH1,87.13455331730825,False,False
LRRC20,87.11384120199787,False,False
SLC27A4,87.09283118749342,False,False
HLTF,87.08905087319131,False,False
TRMT1,87.08833726123218,True,False
IGDCC4,87.05029813664596,False,False
F8A1,87.04891157431777,False,False
MSTO1,87.02595880034157,False,False
LRP11,87.00904234422336,False,False
RAD51C,87.0027997502661,False,False
CMBL,86.9926566211648,False,False
TWIST1,86.93035262951656,False,False
HSF4,86.84291542793977,True,False
LRIF1,86.83995020996362,False,False
PPIL2,86.830891577476,False,False
GOLPH3,86.8242403808588,False,False
SORCS3,86.82253341345871,False,False
TRIM5,86.78541149360751,False,False
NINL,86.74454111251477,False,False
ARF6,86.69139407423005,False,False
SERGEF,86.61677586705034,False,False
POU6F1,86.59840341614907,False,False
USE1,86.54220525435424,False,False
HIST1H4K,86.47899402042322,False,False
CCS,86.32498812799008,False,False
MOB3A,86.32293917722335,False,False
MAP3K9,86.32046848908072,False,False
MRPL36,86.30147337205086,False,False
KIAA0754,86.29855251020575,False,False
RBL2,86.25815907931829,False,False
CMTM7,86.11985891672808,False,False
C3orf26,86.07473221508698,False,False
BLVRA,86.06771861365525,True,False
UPF3B,86.06465678960359,False,False
ZNF503,86.05866585722474,False,False
SPPL2A,85.97810110128552,False,False
TAB3,85.96572196137606,False,False
SNTA1,85.87131909616217,False,False
XAB2,85.82712273163257,False,False
RNF25,85.82418140622988,False,False
DUXA,85.79604080897407,False,False
POLG,85.77575465078195,True,False
PSME4,85.7744944573113,False,False
NUP155,85.73171363769286,False,False
CWC15,85.6913325455311,False,False
LOC100130890,85.65198372752688,False,False
FHOD3,85.63360946532383,False,False
DCAF16,85.63298656993132,False,False
GLCE,85.56762057058639,False,False
UTRN,85.5431083792446,False,False
FAM19A2,85.48267692330187,False,False
ZC3H4,85.45714612356855,False,False
SLC25A13,85.45180397702684,False,False
FAM195A,85.43633056111169,False,False
LOC100289561,85.4349499526266,False,False
TRAPPC6A,85.41746826508054,False,False
TUFT1,85.37404291504369,False,False
POFUT2,85.37243794376016,False,False
RUNDC3B,85.34477280707911,True,False
PRPF4,85.27544333087693,False,False
SLC25A27,85.23866562386684,False,False
ACOT8,85.23428289586039,False,False
MTFP1,85.18875903194487,False,False
NVL,85.18106765448995,False,False
VPS41,85.15777422652677,False,False
RNF13,85.05156953129568,False,False
PNO1,85.04549537846088,False,False
ACRC,85.03775477418675,False,False
C2orf18,85.02045682294043,False,False
LY6G5B,84.98754579546383,False,False
LRRC45,84.97664196757553,True,False
KCTD5,84.9526016522207,False,False
LGI2,84.95218474517785,False,False
CHFR,84.86432764618499,False,False
IFT27,84.82299498660677,False,False
SPSB1,84.77004523107696,True,False
ZNF292,84.75920709548373,False,False
AKAP13,84.71712070510347,False,False
CIAO1,84.70583086640698,False,False
STK11,84.66220529646394,False,False
TRIM16L,84.65818780924307,False,False
AXIN2,84.62740465838507,False,False
ARHGEF1,84.61551809664176,False,False
TOP3B,84.58684082535004,False,False
FBRS,84.57321208548268,False,False
NOP2,84.56633207998503,False,False
TNFRSF13B,84.49969805769027,False,False
KRT8,84.48164767109989,False,False
ZNF84,84.46078097168123,False,False
SLX1B,84.44022499736812,False,False
SLX1A,84.44022499736812,False,False
PDE4D,84.40303518031138,False,False
RSL1D1,84.38698715654282,False,False
AP1B1,84.31991078651554,False,False
UACA,84.2768297768186,False,False
MPLKIP,84.24608666175386,False,False
RMND5B,84.23996677311061,False,False
EXTL2,84.19895220549532,False,False
AHSA2,84.18549814190966,False,False
EXOC6B,84.18463745949866,False,False
ZMYND8,84.16880306991378,True,False
C16orf48,84.07369212022319,False,False
BCOR,84.036136056427,True,False
C5orf15,84.01874798516803,False,False
ANKRD52,84.00651936519634,False,False
ME3,84.00315730369279,False,False
CHRDL1,83.98219120199786,True,False
EPAS1,83.91246799136752,True,False
COPS4,83.89400917991368,True,False
EML4,83.83255946941783,False,False
AKAP9,83.81777900597723,False,False
LYNX1,83.80796348679979,True,False
FTSJ3,83.7963735369805,True,False
DUSP16,83.78355704811032,False,False
RNF219,83.77385358985156,False,False
C5orf43,83.77132584950462,False,False
MZT1,83.65676936110235,False,False
ST7,83.59816862827665,False,False
IFT52,83.55355218911932,False,False
CCDC84,83.54952812401305,False,False
HSH2D,83.51202095249792,False,False
CPD,83.50287696014784,False,False
C9orf89,83.48868608917898,False,False
GCHFR,83.47111536477524,False,False
CDH23,83.38306522557929,False,False
STK32C,83.38055225930215,False,False
CLPX,83.34871690177914,False,False
METTL5,83.32683775660597,False,False
PREB,83.3142105303482,True,False
ANKRD12,83.312786971728,False,False
GFPT1,83.31230686329555,False,False
POLR3GL,83.2948315664807,False,False
PERP,83.28659207226492,False,False
GABRA2,83.27178230983378,True,False
TMEM141,83.21580878279583,False,False
C10orf140,83.19976608356436,False,False
MAP3K12,83.1971014475208,False,False
BFAR,83.16517747131276,False,False
PPP2R2D,83.11289567849248,False,False
C1orf106,83.05432309658327,False,False
BAI1,83.00849149325659,False,False
ICMT,82.96835135394369,False,False
OSBPL9,82.94204085166858,False,False
LMO3,82.90673620147149,True,False
N4BP3,82.89476237498684,False,False
CLEC7A,82.87041270133699,False,False
FZD7,82.79280652992713,False,False
CREB3L1,82.78693917722332,True,False
CDC23,82.77229802201401,False,False
ZIK1,82.74890937057701,False,False
GFRAL,82.71148824086745,False,False
GPLD1,82.66250542688704,False,False
CAB39L,82.6599598794025,False,False
IQCE,82.62713937198068,False,False
KLF12,82.62508346434127,False,False
KIAA1279,82.61082157186136,False,False
PCID2,82.52957914458831,False,False
TRIB1,82.50502704436724,False,False
RIMBP2,82.4622508995099,False,False
GGNBP2,82.45914369699736,False,False
HMBS,82.45559522347381,False,False
AKT2,82.39416905931617,False,False
ZWILCH,82.36371918213615,False,False
ACP2,82.30580168029384,False,False
KIAA1143,82.3021689698331,False,False
PDCD7,82.29060960393491,True,False
ZNF74,82.28944948357137,False,False
SHOX,82.21026837503364,False,False
FN3KRP,82.18551628884912,False,False
ILKAP,82.18524609198629,False,False
VMA21,82.18513471418042,False,False
KCNIP2,82.16264278812976,False,False
HIRIP3,82.15896656490156,False,False
AJAP1,82.13239718391411,False,False
ABTB2,82.12702987448971,False,False
SERPINB9,82.12346184335193,False,False
RER1,82.1209848083424,False,False
TMOD3,82.10986213285608,False,False
PLRG1,82.06263818238178,False,False
MICALL2,82.03231687838486,False,False
TMEM236,81.95869689031592,False,False
USP24,81.94008112725318,False,False
EXT1,81.88871900667907,False,False
RNF26,81.81739575218444,False,False
GNL3L,81.70773927781866,False,False
CRB1,81.67018321519225,False,False
FAM160B2,81.659691888035,False,False
BTAF1,81.64051620170544,False,False
LIN7C,81.60675635797921,True,False
ZNF827,81.58463491888034,False,False
NXPH1,81.56245455311087,True,False
NEIL2,81.5311244552058,False,False
TOB2,81.52543997379841,False,False
MRPS22,81.51185032108643,False,False
CCNY,81.51123176767146,False,False
CA5B,81.47451155384779,False,False
FAM190B,81.4207158905616,False,False
GRM5,81.3510660747915,True,False
MBOAT2,81.29401952954113,False,False
PHYHIP,81.27984165818626,True,False
INTS1,81.25921392895158,True,False
CDC25C,81.25483247183914,False,False
DYM,81.24303099039666,False,False
PORCN,81.08764952568106,False,False
TMED1,81.07065394778397,False,False
STARD10,81.05615510697034,False,False
C9orf78,81.03312547051736,False,False
ERC2,81.00620700717035,False,False
NCBP1,80.98176678012891,False,False
TSTD2,80.94969559427308,False,False
BMPR1B,80.90228461007592,False,False
UHRF2,80.88259093003943,False,False
RYBP,80.77361989273724,False,False
PEX19,80.7324927846206,False,False
YAE1D1,80.73075872840415,False,False
TTI1,80.72804769215473,False,False
ENG,80.68291674679203,True,False
LSM1,80.67329161490684,False,False
SORD,80.5734676468868,False,False
MYL10,80.54207988501715,False,False
SGOL1,80.47293115064744,False,False
TMEM245,80.42220552806727,False,False
KDM2B,80.41002535530056,False,False
WDFY1,80.40309994502346,False,False
TMEM129,80.3961111327508,False,False
TMEM214,80.3472415722123,False,False
STRADA,80.32851690645799,True,False
PSMG2,80.31969748394567,False,False
HERC3,80.31727034717106,False,False
HIPK1,80.24662408265198,False,False
ERBB2,80.18317725140659,False,False
TRIM41,80.15074401808377,False,False
COMMD3-BMI1,80.03405222771988,False,False
ODZ4,80.01818204489362,True,False
ERO1L,80.01621905990105,False,False
C6orf89,80.01310159958358,False,False
MED27,79.98906956287797,False,False
IKBKAP,79.9628942414991,False,False
NAB1,79.96207244739212,False,False
NAA60,79.95950840205403,True,False
CCDC97,79.9496889754477,False,False
TET2,79.9051036980501,False,False
AQR,79.89358034646924,False,False
NADK,79.87370586903884,True,False
UBAP1,79.84908445391913,False,False
PLCXD2,79.8426842942532,False,False
ATP13A1,79.82380262074369,False,False
CXXC1,79.70799175176334,False,False
TTC35,79.6678611222234,False,False
CHSY1,79.53941352189119,False,False
C15orf42,79.47711581862418,False,False
GABPB1,79.44179944321625,False,False
TECPR1,79.3856650220491,False,False
DHX8,79.35320378577863,False,False
KSR1,79.2619143167117,True,False
ARMC1,79.18096317507106,False,False
LOC100132247,79.16313860932729,False,False
LOC100507341,79.09342181808613,False,False
RNF185,79.08000194698857,False,False
PPAPDC1B,79.03322337380543,False,False
IMPAD1,79.02916904527962,False,False
SRR,79.00340046320665,True,False
LAP3,78.9292934887883,False,False
DTNBP1,78.92914251617128,False,False
NFKBIB,78.89763295610064,False,False
FAM18B1,78.84460943783556,False,False
CES2,78.8293524581535,False,False
FAM43A,78.81784829572703,False,False
ADK,78.76600396357512,False,False
TMEM150C,78.75341719771671,True,False
SH3BP5L,78.7104096828906,False,False
TNKS2,78.69402505526898,False,False
SMYD5,78.69091946286743,False,False
WDR75,78.67601792937269,False,False
TACR2,78.55333363804377,False,False
B4GALT3,78.50542651273233,True,False
GPRASP2,78.49515009065281,False,False
ZNF33A,78.4932828087167,False,False
RNF7,78.47693723842275,False,False
KCNK10,78.45150349627447,False,False
PNPLA3,78.43753814553578,False,False
SS18L2,78.38124223602486,False,False
FAM122B,78.3692806289551,False,False
HIST1H1C,78.32588305903546,True,False
CABP4,78.16247622849193,False,False
STOM,78.15866378683137,True,False
TSEN34,78.1273540068545,False,False
DEDD,78.1186946392018,True,False
VSTM4,78.03834707980958,False,False
NDOR1,78.0271283620498,False,False
TXNDC9,77.99112320185749,False,False
RNF41,77.99111948918599,False,False
FIP1L1,77.96297232457218,True,False
PNMAL2,77.96013240282603,False,False
RHOT1,77.91110588482998,False,False
JRK,77.86282789533401,False,False
MRPL45,77.81726994420464,False,False
RNF213,77.80174009895778,False,False
APIP,77.80163974921338,False,False
TTLL12,77.73367681802762,False,False
ZMPSTE24,77.72191593267128,False,False
CIRH1A,77.71541095846347,False,False
STARD3,77.70718158870524,False,False
DROSHA,77.68957376156554,True,False
TMEM126A,77.656177609339,False,False
NPC1,77.63496161291832,False,False
NUDT7,77.60767574598495,False,False
TBC1D24,77.58406141699128,False,False
CAST,77.55769675696855,False,False
RBM28,77.55209073001836,False,False
ZNF496,77.53861149887123,False,False
DNAL4,77.51681609116748,False,False
CHPF2,77.46045209495736,False,False
CCDC137,77.45354527845036,True,False
ORMDL1,77.43333003240106,False,False
SETD2,77.4285012574423,False,False
RGS7,77.40248082956101,False,False
PDZD8,77.40074793662491,True,False
MED15,77.38554827350248,False,False
CTDSPL2,77.3468647114901,False,False
CHST14,77.34381857330011,False,False
GOLGB1,77.31583240808975,False,False
BAZ2B,77.27653216128014,False,False
UBXN11,77.20283215543158,False,False
RNF103,77.20051334292499,False,False
CTSH,77.14210322782516,False,False
VKORC1L1,77.13308256132224,False,False
NFATC4,77.1224596583266,False,False
EMG1,77.10104883788938,False,False
B4GALT4,77.09973256132226,False,False
CDK3,77.05615126270602,False,False
TMEM106B,77.04664155817571,False,False
ZRANB1,76.99756642746019,False,False
SMCR7,76.97327101566248,False,False
THOC2,76.94061335403725,False,False
SNAP23,76.90300510697033,False,False
MAOA,76.90028907370366,True,False
C22orf13,76.8898915230843,False,False
RNF220,76.86466185914308,False,False
STK36,76.85546063562245,False,False
SOX5,76.85043160098724,True,False
POC1A,76.85009302499678,False,False
DYRK2,76.83975268975682,False,False
EIF2D,76.80175479524159,False,False
ALDH6A1,76.79152555473675,False,False
DUSP10,76.77955760021524,False,False
FBXW9,76.7016106514136,False,False
FAM214B,76.68384890807219,False,False
MKL1,76.6820640956358,False,False
GSPT1,76.67284194652069,False,False
PELP1,76.67146323940533,False,False
FNDC3B,76.66813891988629,False,False
PHF12,76.62513385561053,False,False
PCDH9,76.50684120024329,False,False
COPS2,76.4621469681019,False,False
GLB1,76.43111864699208,False,False
ID1,76.4053925676387,True,False
NEUROD1,76.36932948497503,False,False
NFIA,76.35200902141744,True,False
PMS2,76.33898704892913,False,False
IFT46,76.31776199190557,False,False
ITIH5,76.2753723339299,False,False
TULP4,76.24590221017417,False,False
NGEF,76.22183935618952,True,False
PPIP5K2,76.2017410306348,False,False
ZNF195,76.12165664923793,False,False
WRAP53,76.09703991999157,False,False
GALK1,76.0904552321297,True,False
PRRT4,76.0780731544841,False,False
CYB5R1,76.05346327976044,False,False
DOK6,76.05028557859893,True,False
EXOC1,76.04889763659332,False,False
WNT10B,76.03107437098642,True,False
SAPCD1,75.98394035454024,False,False
MRTO4,75.96652873226421,False,False
ERCC2,75.93230252775147,False,False
NUDT2,75.89111271127956,False,False
ARL5B,75.85174241089706,False,False
UBR3,75.8384325186277,False,False
RHOV,75.8140587061796,True,False
SFRP1,75.71173490367407,True,False
LIF,75.68467555473674,False,False
CYB5R2,75.62203167818835,False,False
BRP44,75.61593739457953,False,False
MRPL10,75.60313691967575,False,False
PDCD10,75.58965685101356,True,False
BEGAIN,75.57982521259547,False,False
SRRM3,75.55863179048087,False,False
C10orf96,75.55182984466201,False,False
HMGCL,75.517653559439,False,False
HEPH,75.46459805359629,False,False
PROCA1,75.39009863085003,False,False
GPATCH8,75.3424601917161,False,False
FAM57A,75.29624803078687,False,False
RPS6KA2,75.28380342258248,False,False
PHAX,75.20472940309507,False,False
SLC27A1,75.20384370752477,False,False
RBM14,75.19908173258004,False,False
PGBD5,75.17952270531401,False,False
PRUNE,75.16591217789006,False,False
MED17,75.15922559333731,False,False
ISCA2,75.15104603759461,False,False
MIS12,75.14635220549532,False,False
NOB1,75.1000197400896,False,False
CBWD1,75.09641666432725,False,False
CRTAP,75.09491683627517,False,False
ABHD12B,75.0867654817466,False,False
C8orf40,75.04157376858383,False,False
DDX19A,74.9983424617796,False,False
MRPL39,74.98516598062955,False,False
GUCY1B3,74.97454013872806,True,False
KIRREL,74.950770457709,False,False
RGS17,74.9451453673486,False,False
PDZRN3,74.93649030950627,False,False
LURAP1,74.89749188335615,False,False
GABRB2,74.89238917780818,False,False
TMEM184C,74.88470920740195,False,False
PREP,74.8664369910283,False,False
RPL3L,74.83222914517319,False,False
LMBR1,74.8202071218023,False,False
ZNF300,74.7974800768502,False,False
IMMP1L,74.79710662642852,False,False
NOC4L,74.79414018610147,False,False
PRR5L,74.780658406148,False,False
THOC3,74.77947922529859,False,False
NUDT16,74.76952772338609,False,False
FAM82A2,74.72580214525506,False,False
MRPL42,74.72049940286112,False,False
C17orf85,74.68790247394463,True,False
DDX27,74.67426005135046,False,False
FAM125A,74.66377663379771,False,False
SLC39A13,74.59342505819326,False,False
VAC14,74.58392142798658,False,False
ORMDL2,74.58386218666291,False,False
ANAPC10,74.56962417096537,False,False
FRMD8,74.56426744335661,False,False
SMYD3,74.53555050999522,False,False
DLGAP1,74.44865492975869,True,False
TRIM13,74.41455317869718,False,False
PRR5,74.40169354961341,False,False
SCCPDH,74.30993230632464,False,False
POLR1A,74.30932142798657,True,False
PITPNB,74.30117450550351,False,False
OPA1,74.26312545648081,False,False
SCFD1,74.21801937046004,False,False
SLC17A5,74.20978887192804,False,False
NUAK1,74.2020825660011,True,False
RLF,74.19093718929477,False,False
CHRAC1,74.18117698295727,False,False
RSAD1,74.10535993554876,False,False
ECHDC1,74.08973155595326,True,False
MED8,74.05574931688716,False,False
KIF18A,74.02616410616322,False,False
IPO13,73.996871091109,False,False
C1orf159,73.98926254284076,False,False
HABP4,73.94445640593747,False,False
PEX26,73.94086969154648,False,False
C7orf43,73.91277212338142,False,False
TRAIP,73.88398501889088,False,False
ABCF2,73.86762182276496,True,False
RPRD1B,73.84144373559789,False,False
WDFY3,73.69317516054322,False,False
NUS1,73.6735313588565,False,False
EPHA10,73.67052796902598,False,False
THAP7,73.6448432729761,False,False
SHCBP1,73.61110133464342,False,False
FBXL7,73.56598374858171,False,False
LINGO3,73.56103373513002,False,False
DGAT1,73.556264638383,False,False
ZNF197,73.50652523189576,False,False
TMEM200C,73.50276265337871,False,False
ADIPOR2,73.48958296955236,False,False
PRKX,73.48635695277865,False,False
EFHD1,73.4798404352505,True,False
EHD4,73.44535477418675,False,False
UTP6,73.42109027207542,False,False
DARC,73.4192963499082,True,False
TOR1A,73.41279073586693,False,False
ANKRD13A,73.34901658888069,False,False
PRADC1,73.33367224210735,False,False
AIMP2,73.3162859558316,False,False
KCNC4,73.28309024634171,False,False
ACBD4,73.26101662923581,False,False
ASH2L,73.24397068755775,True,False
EMILIN1,73.2311314483396,False,False
UBLCP1,73.20677379139325,False,False
C3orf18,73.15122932004539,False,False
DCUN1D4,73.10446869787464,False,False
RCE1,73.07607456048005,False,False
MRPS18C,72.99348902282111,False,False
ELK1,72.94151998748406,False,False
MUTYH,72.93766779427075,False,False
UCHL3,72.86810379104232,False,False
SYT17,72.84554326888211,False,False
RAB2B,72.84116898620908,False,False
KBTBD4,72.80266451731761,False,False
ZBTB10,72.78412400896002,False,False
ZDHHC6,72.77813022891299,False,False
GORASP1,72.75815259617971,False,False
FMN2,72.74238424687978,False,False
ZFAT,72.73293725655333,False,False
SMAD4,72.71988615643752,False,False
HTR3B,72.68745763004293,False,False
IFT43,72.64431138014528,False,False
KDM2A,72.60213519844194,False,False
LPAR1,72.59388009790504,False,False
TXNDC12,72.59136475418465,False,False
PPP6R1,72.55399415143114,False,False
ILVBL,72.54605609011475,False,False
C17orf90,72.43008809348353,False,False
ATAD3B,72.42636778900703,False,False
FAT3,72.41263259290452,False,False
FAM101A,72.39960002631857,True,False
FKBP11,72.38863713665766,False,False
ZDHHC8,72.3665583915266,False,False
PCLO,72.36495561228666,False,False
FXYD5,72.2774277502895,False,False
NUP43,72.25581140236984,False,False
NAT10,72.24072843457205,False,False
RBM23,72.22282606882595,False,False
ADCK4,72.21296966522793,False,False
ARID2,72.20315669544162,False,False
GRSF1,72.18577069165175,False,False
SPN,72.14522087705139,False,False
DOCK7,72.10854450936355,True,False
FRY,72.10292884631131,False,False
ANKRD54,72.07609005684809,False,False
EML2,72.06067609514453,True,False
RCOR3,72.0202869828403,False,False
CBX6,71.97576210127382,False,False
BOLA2,71.95636604320923,False,False
BOLA2B,71.95636604320923,False,False
DMXL2,71.89603134131077,True,False
PSEN2,71.87022327087062,False,False
DICER1,71.84376986641867,True,False
LARP4,71.82656859610952,False,False
IRF2BP1,71.82138953340117,False,False
RFTN2,71.81341340082581,False,False
ESYT2,71.81079859926774,False,False
ROR1,71.79611176907511,False,False
SSTR2,71.7738770706858,False,False
ALK,71.76798583301165,False,False
PLCD1,71.72001611163748,False,False
C1orf9,71.70073950532806,False,False
PSMG3,71.69883746125323,False,False
SRF,71.69847762513014,False,False
ZIC5,71.66230403200336,False,False
TAF6L,71.61825426360669,False,False
PDHX,71.61117501783814,False,False
LGALS8,71.55220137850768,False,False
CLEC2B,71.47172382122093,False,False
COL13A1,71.42562951889673,False,False
LIMS1,71.37290581932601,False,False
MAGT1,71.34543951761003,False,False
C1orf52,71.24035349510471,False,False
FCRL2,71.21989818401934,False,False
CUL4B,71.19619740791428,False,False
MAB21L1,71.1011753424337,False,False
COASY,71.1005775251196,False,False
UBE2G2,71.09150285059246,False,False
MRPL17,71.025817253863,False,False
ETNK1,71.02469268811922,True,False
BTRC,71.02223872512896,False,False
SCGN,70.99226514135991,True,False
TFPT,70.99130810085272,False,False
TSSC1,70.96152381244809,False,False
ELFN1,70.92817298663017,False,False
IL34,70.91181871775977,True,False
MON1B,70.84144685171539,False,False
DYRK3,70.83116467990783,False,False
LAMTOR3,70.8255617012317,False,False
KIAA1244,70.77925762711864,False,False
ANO6,70.74343558269291,False,False
FAM169A,70.73236972839246,False,False
EDNRA,70.7312392251816,True,False
UQCRB,70.71654301622394,False,False
B3GALTL,70.67584963154017,False,False
DBF4,70.66901326981787,False,False
MALSU1,70.65540972500028,False,False
ZC4H2,70.63704841035899,False,False
PCCA,70.59801312886736,False,False
FBXO22,70.59035482156018,False,False
SLC44A1,70.53346518171503,False,False
CYTH1,70.52129101074966,False,False
ARHGAP12,70.49076461674328,False,False
KCNAB2,70.46733134014106,False,False
ICAM1,70.46685410861963,False,False
TRPC3,70.4322247634254,False,False
STC1,70.421954879461,False,False
PRKCE,70.39826239545684,False,False
TRAF3IP2,70.39483992291586,False,False
OGFRL1,70.39470071060111,False,False
ZNF493,70.32535241604381,False,False
PSMF1,70.31986354119147,False,False
MAPK15,70.3135690593162,False,False
FGFR1OP2,70.30660498999895,False,False
CYBRD1,70.30194920459464,False,False
TAF1D,70.28876339556211,False,False
ADCY8,70.26531372893054,False,False
ELF2,70.24041881894,False,False
ICT1,70.21394622591852,False,False
CDKN2AIPNL,70.21380556374355,False,False
USP21,70.2050405422793,False,False
STX16,70.18650784819454,False,False
MCTP2,70.1129690593162,False,False
FBXO2,70.1101028581956,True,False
BUD13,70.0978033085354,False,False
TCTN3,70.05149672597116,False,False
LEPROT,70.03201891895053,False,False
EIF2C2,70.02745847457626,True,False
TWIST2,70.01476333941584,False,False
GRAMD4,70.00088139570246,True,False
RIOK3,69.94062082616884,False,False
HEBP2,69.91991070229615,False,False
FAM158A,69.89496743282918,False,False
CREM,69.76975833245605,False,False
SAMM50,69.6915937355979,False,False
KIAA0319L,69.68091877332117,False,False
ABHD11,69.67733728053246,False,False
TMEM179B,69.63374109321448,False,False
SIK1,69.61546049057795,True,False
TULP3,69.59150349627447,False,False
KIAA0430,69.58812410019767,False,False
RAET1E,69.50409288989485,False,False
USP16,69.49895003977026,False,False
GLTP,69.49820284708332,False,False
FAM46A,69.49623289761496,False,False
SMYD2,69.47938968838825,False,False
TJP2,69.47844760091705,False,False
TXNDC17,69.42611420441919,False,False
URGCP,69.42283931407984,False,False
SLC31A1,69.40855327695311,False,False
MAMLD1,69.3972228140974,False,False
SLC25A25,69.39270593863681,False,False
NLK,69.37598094302324,False,False
PPM1E,69.35726464130727,False,False
MTA3,69.344158103777,False,False
CTDSP1,69.33800012398966,False,False
C16orf72,69.30256519926074,False,False
NCOA7,69.28411330140015,False,False
PNPLA8,69.25382490788505,False,False
LRRC4C,69.21231354470062,False,False
DFFA,69.20440758500897,False,False
ZFP1,69.18254407598461,True,False
WDR74,69.14367098758933,False,False
WDR11,69.12278724544103,False,False
CLN3,69.10732159642535,True,False
DOLPP1,69.09790916938624,False,False
AKTIP,69.08870774759916,False,False
PLSCR3,69.07359940637026,False,False
COPZ2,69.06433249581826,True,False
PTPN23,69.05676358505573,False,False
C7orf55,69.01153207296674,False,False
ZNF259,68.96764786936636,False,False
MSANTD4,68.9543543951995,False,False
PRPF40B,68.94622505117498,False,False
MLL3,68.90708472763215,False,False
CYB5A,68.87354391982781,False,False
ZDHHC11,68.87069769449415,False,False
PNKP,68.86340419459358,True,False
PDCD11,68.8539955153174,False,False
PPP6C,68.77810271724508,False,False
STAC2,68.76068733141501,False,False
PIM3,68.72013808763496,False,False
TH,68.65014088792972,False,False
CTDP1,68.64586847504415,False,False
ACSF2,68.63441811886631,False,False
CYGB,68.61476139008784,True,False
SFMBT2,68.61418018329415,False,False
GUF1,68.61089204068264,False,False
ACBD3,68.575963285609,True,False
KCND3,68.50945091354646,False,False
CTSK,68.45751894877823,False,False
SLC18B1,68.43865598250109,False,False
PRKAG2,68.39925266343825,False,False
E4F1,68.39913827011031,True,False
NIPA1,68.36498292744265,False,False
MAP1LC3B2,68.36288358774608,False,False
CLDN11,68.35303729807815,False,False
ZNF205,68.34056770186335,False,False
NECAP2,68.25872309190441,False,False
SMG6,68.25334692540734,False,False
DNAJA2,68.24813460656678,False,False
FSTL3,68.22145087319132,False,False
TBC1D5,68.20948331929677,False,False
ZFP90,68.1646307728299,True,False
GRIK2,68.14211134797816,False,False
UGCG,68.09787329484976,False,False
RRN3,68.07432603724368,False,False
TRAPPC12,68.066881830836,False,False
SLC4A10,67.92283522242109,False,False
TM9SF1,67.91733634183714,False,False
SAYSD1,67.89548805429813,False,False
TIAF1,67.85622868196653,True,False
DPH1,67.82692707127066,False,False
CISD1,67.82434607853457,False,False
GTF2H2D,67.81899176521505,False,False
WDR43,67.81417504591127,False,False
EHD3,67.8130000380157,False,False
RALB,67.77445318454573,False,False
PMPCB,67.77354606742229,False,False
SLC7A3,67.72138518031137,False,False
TRH,67.68392380250553,True,False
ARFGEF1,67.62461811009345,False,False
TEN1,67.6094994683651,False,False
TMEM131,67.56651010106327,False,False
RHBDD3,67.53598850697735,False,False
ADRBK2,67.5182565913371,False,False
GAL,67.50550271549051,False,False
B3GAT2,67.43046716087073,True,False
KIF20B,67.428350032752,False,False
PAG1,67.42285802716076,True,False
MAPKBP1,67.4107307184382,True,False
SUSD4,67.36615859505679,False,False
POLH,67.3314447462306,True,False
FPGS,67.32107557111276,False,False
GBE1,67.31709524803782,False,False
FST,67.29366136552387,False,False
PPIE,67.27089159151257,False,False
RPF2,67.26551494367828,False,False
SLC35A5,67.25080623691382,False,False
OGFR,67.24029498134307,False,False
PPP2R1B,67.14235789498309,False,False
QSOX2,67.14049769741844,False,False
GTF2H3,67.10188352048753,False,False
SFT2D3,67.09801752289714,False,False
THOC5,67.06242934811853,False,False
FIGNL1,67.0454735492625,False,False
DHTKD1,67.04288846135852,False,False
CDC42SE2,67.01943628218174,True,False
TROVE2,66.87260700717034,False,False
LIN52,66.86634252026529,False,False
NAA15,66.86334708682784,False,False
COL7A1,66.8555940584389,False,False
DLD,66.85401331192757,False,False
DDX19B,66.85367095249792,False,False
GRIA4,66.83055964253548,False,False
LIMD1,66.82003680387409,False,False
C3orf78,66.72967294393561,False,False
IFT140,66.72515112234036,False,False
NAPG,66.71989123591958,False,False
MITD1,66.69461169538314,False,False
ARL5A,66.68047460902316,False,False
NEK11,66.6481843117989,False,False
LRRC40,66.64619642593958,False,False
DDR2,66.6120095214701,False,False
JOSD2,66.58485493209811,True,False
TCEB1,66.57461871775976,False,False
TIMMDC1,66.5255601548701,False,False
PPP1R15B,66.52377098232563,False,False
EIF2B2,66.49185424723069,False,False
NRIP3,66.39933799639728,False,False
KCNC1,66.3964110637377,False,False
RABGAP1L,66.38714644114586,False,False
ST3GAL4,66.33294267759179,False,False
WDR19,66.26523299587092,False,False
FBN3,66.26269616275398,False,False
PARP3,66.25828211917043,False,False
RAB7L1,66.23665922728708,False,False
GALNTL4,66.22437843983577,False,False
PPP1R16B,66.21333677229183,True,False
SENP2,66.19891989800095,False,False
NSMCE2,66.17984900457358,False,False
RHPN2,66.17214946836509,False,False
ASPHD2,66.15233133780164,False,False
PDE6A,66.15190656852769,False,False
RAB9B,66.13123574001942,False,False
TERF2,66.10051857154554,False,False
BBS1,66.04293121907568,False,False
RBPMS2,66.04271010106328,False,False
SKAP2,66.00721815220315,False,False
FBXO27,65.89454462341065,True,False
TTC14,65.88519032471254,False,False
NOP14,65.85759967481957,False,False
GMCL1,65.85113784608906,False,False
ANKRD45,65.7780820817396,False,False
NARFL,65.75266520452445,False,False
MED4,65.74505681767671,False,False
MALT1,65.70419144763775,False,False
BDH2,65.67988685417178,False,False
CENPBD1,65.65649121486473,False,False
SSSCA1,65.65543729105987,True,False
AMIGO2,65.63642542314396,False,False
FZD1,65.62668272040331,False,False
COQ4,65.60023617749236,False,False
FAM98A,65.58546945760374,True,False
PNPLA6,65.57342974816063,False,False
CACNG8,65.55085015791136,False,False
DOHH,65.54608196418336,False,False
MPHOSPH8,65.50900293832099,False,False
NARG2,65.50438692786376,False,False
AGPAT4,65.50417839538665,False,False
MOB1B,65.50119986957692,False,False
HECTD3,65.49372310769554,True,False
PRRT1,65.49255659016738,False,False
FAR2,65.48589386543613,True,False
C6orf57,65.46841800481921,False,False
HNRNPH2,65.39502941830135,False,False
ZNF281,65.38257260530348,False,False
RMND5A,65.37908214022528,False,False
FAM181A,65.35236058298534,False,False
DNA2,65.35127420254763,False,False
KCTD8,65.2550094957364,False,False
TERF1,65.25103828297716,False,False
CNTROB,65.22034350048543,False,False
ZNF775,65.21756306979681,False,False
PPP1R12A,65.1911368471535,False,False
CPNE3,65.16095061526944,True,False
BPGM,65.14731299201085,False,False
HPRT1,65.14529760091706,False,False
BIRC2,65.1218236562913,False,False
LMAN2L,65.09615271373595,False,False
RAD54L2,65.09072923465628,False,False
SMNDC1,65.07259109906306,False,False
FUNDC2,65.06051443309822,False,False
BCS1L,65.03923495397176,False,False
C20orf20,65.03879419178627,False,False
BCL2L13,65.02941121813991,False,False
PRIM2,64.9997276514487,False,False
DSEL,64.96456211823468,False,False
TMEM170B,64.90886042507398,False,False
PIGF,64.90666768724194,False,False
DNAJB9,64.90027766899439,False,False
TNFRSF9,64.86325792188653,False,False
ACO1,64.84102742335449,False,False
KCNN3,64.79410303833151,False,False
HIATL1,64.78698027453181,False,False
TTLL1,64.74497975517892,False,False
ASH1L,64.74298557508979,False,False
PLCL2,64.74139592062322,False,False
DOM3Z,64.67604067796611,False,False
HEATR5A,64.65878830520171,False,False
POLR3E,64.64723277128587,False,False
CARD8,64.61642856908915,False,False
KIAA1522,64.59210899685347,False,False
RNMT,64.58607462305973,False,False
PGAP1,64.56446733866723,False,False
MAP2K5,64.5542032664257,False,False
SLC36A4,64.53867622381303,False,False
ZBTB2,64.4913992309132,False,False
ZNF672,64.44558558269291,False,False
LDLRAD3,64.42904977132096,False,False
NIPA2,64.38062315623866,False,False
OLA1,64.36974095284884,False,False
NCOA2,64.33820046847036,False,False
FAM208A,64.32725935887987,False,False
CCNE2,64.30675856405936,False,False
RALBP1,64.27390138435625,False,False
HS3ST2,64.22133624182662,False,False
ESCO2,64.20348312453943,False,False
ARL16,64.18595235287924,False,False
SLC15A2,64.14632086009054,True,False
SLC37A3,64.09942259653063,False,False
ANKRD9,64.09123253441882,False,False
SLC25A12,64.07958362459206,False,False
AGTRAP,64.07452856616486,False,False
PACRG,64.06568870933782,True,False
LUZP2,64.02731905580704,False,False
ZSWIM5,63.96432508275724,False,False
OXSR1,63.922263518382046,False,False
IFIT5,63.915911611748605,False,False
SURF6,63.901388289410576,False,False
IREB2,63.89995091003731,False,False
MFAP3,63.89849539951574,False,False
GREB1,63.895908823150975,False,False
IFLTD1,63.87623962112968,False,False
RRAS,63.872335013627165,True,False
PPP1R3C,63.784904689382515,False,False
CCDC93,63.77914357300769,False,False
OGG1,63.751233243265375,False,False
RABGGTA,63.73865585441742,False,False
SLC44A5,63.733060663695596,False,False
YAF2,63.71941463077983,False,False
TRABD,63.613594074230036,False,False
DUSP12,63.60289609725,False,False
FAF2,63.583275140658074,False,False
FGD4,63.578358379829446,False,False
C17orf77,63.57412991133568,False,False
PDE7A,63.49548067983764,False,False
SHISA7,63.42950092114959,False,False
BLZF1,63.42048457732392,False,False
MRPS12,63.39208676293411,False,False
SLC35E3,63.37946234808343,False,False
ZFHX2,63.33736003380472,False,False
FAM108B1,63.32423726708074,False,False
RALGAPB,63.28366104970113,False,False
HEATR1,63.28079572177189,False,False
RPE,63.2734981904528,False,False
KIAA1644,63.26629505854417,True,False
NIT1,63.21180571580635,True,False
MIR205HG,63.21112288135595,False,False
DNAJC18,63.1864039542174,False,False
DMD,63.183256438689455,False,False
C9orf9,63.17584144763777,False,False
SLC9A7,63.17119356248026,False,False
MAPK7,63.16761865050122,False,False
LTV1,63.151316597653555,False,False
OAS2,63.127940393725666,False,False
SDF2L1,63.12104255652642,False,False
CSTF2,63.119491383303505,False,False
PARL,63.09223461007591,False,False
GIGYF2,63.090087240177326,False,False
BROX,63.08837753447732,False,False
C17orf80,63.085064009661835,False,False
COX16,63.0710969762899,True,False
CLUAP1,63.070662011790716,False,False
C2orf49,63.05088768408371,False,False
PAAF1,63.02403683487152,False,False
DPP3,63.01530339626393,False,False
LHPP,63.0049346644676,False,False
PPHLN1,63.003521882420365,False,False
UBA5,63.002206298323806,False,False
PCDHGB4,62.98560785872196,False,False
EAF1,62.934766553789295,False,False
OSBPL5,62.88162941128306,False,False
CDC5L,62.864502163385616,False,False
ISG20L2,62.84476194277761,False,False
RNPEP,62.842872319308455,False,False
CARS2,62.78360256869144,False,False
NOV,62.75634406019346,True,False
LPGAT1,62.67223213262214,True,False
KATNB1,62.66229851855751,False,False
PARM1,62.63547505819326,False,False
FIG4,62.59767804622709,False,False
KDELC2,62.59683580318397,False,False
DIP2B,62.544280790375595,False,False
SOCS7,62.515385889157926,False,False
CEBPZ,62.41917676714508,False,False
KIAA0090,62.40465521750827,False,False
QSER1,62.40143806716497,False,False
ZYG11B,62.39941294873145,False,False
ERLIN1,62.34199497783393,False,False
SPATS2,62.33151802938322,True,False
IRF1,62.324217943994114,False,False
SLC2A6,62.32063187996396,False,False
FTSJD2,62.31391304640254,False,False
ZBED6,62.31289036740709,False,False
FCGRT,62.298598062953985,True,False
WDTC1,62.23111043794084,False,False
ARAP1,62.225469701489054,False,False
ZBTB33,62.225039056742816,False,False
XPNPEP3,62.22160794294135,True,False
C14orf159,62.21450531634908,False,False
RNF212,62.20152619340045,False,False
ARHGEF17,62.14293134014107,False,False
CCL22,62.13373748815666,False,False
CEP57,62.08660164754184,False,False
GOSR2,62.05510160660186,False,False
KIF1C,61.98251807149291,False,False
QPCT,61.97318469078616,False,False
CYP27A1,61.95431259898702,False,False
DLK2,61.852651060930384,False,False
CXorf38,61.80768947374579,False,False
FBXO31,61.80468242972945,True,False
MAMDC4,61.78278753319063,False,False
GSX1,61.77988546455183,False,False
ARID4B,61.68505262132856,False,False
EIF2AK4,61.66892353873507,False,False
OSGEP,61.665462558631894,False,False
TM4SF1,61.65694545215286,True,False
LRRFIP1,61.65394693242563,False,False
RBFOX3,61.62376599408125,True,False
RXRA,61.55193860932731,False,False
BARD1,61.55111735036436,False,False
C10orf57,61.52823669450586,False,False
SDHAF2,61.50689360575968,False,False
NFYB,61.477210343194024,False,False
GABRA5,61.47340676386988,True,False
MSMP,61.456032132622155,True,False
WDR55,61.45027739352678,False,False
ZNF213,61.400059533752085,False,False
HEATR5B,61.393014359406244,False,False
RAP1GAP2,61.360516450269614,False,False
PACSIN2,61.32559223602485,False,False
RNPEPL1,61.315865212127584,False,False
MESP1,61.31383172731633,True,False
BET1L,61.28380492975869,False,False
RFWD2,61.265731792235435,False,False
ASPSCR1,61.241132666596485,False,False
TBC1D10A,61.21037145956885,False,False
PRRC1,61.18156966522792,False,False
SMURF2,61.14214004105695,False,False
HIBCH,61.07068180276287,False,False
CHCHD7,61.05675538945621,False,False
NT5C3,61.039982564246536,False,False
PLCB1,60.994792788129736,True,False
ZNF302,60.93664739036858,False,False
PHACTR1,60.92170847223684,False,False
HNRNPA1L2,60.90706524487959,False,False
RAB4A,60.90490567954521,False,False
C5orf51,60.90460086090933,False,False
DPP10,60.89867891883357,False,False
SLC9A4,60.88586099589431,False,False
C1orf186,60.88087008924917,False,False
ACSS1,60.79506238843854,False,False
RASL11B,60.7853577335626,True,False
LPPR4,60.77837659168801,False,False
SLC35C2,60.776469920810385,False,False
VPS8,60.751133529845255,False,False
GPCRLTM7,60.71487489677277,False,False
PRPSAP1,60.70771748371173,False,False
HDDC2,60.683891396755214,False,False
PIAS4,60.681510243183496,True,False
ENDOV,60.658309574107214,False,False
GGA2,60.64790238972523,False,False
PPA2,60.62044650080125,False,False
RPS6KB2,60.5988100952147,False,False
THUMPD1,60.579469928413516,False,False
ARFGAP3,60.56573352750583,False,False
NICN1,60.54831508579851,False,False
RALGPS2,60.525118096641755,False,False
RNF115,60.51563677346154,False,False
GAA,60.5008452006644,False,False
KLHL12,60.494438807008926,False,False
SNAP47,60.415939275479296,False,False
SMC6,60.38870303833152,False,False
MEF2BNB,60.37039738919886,False,False
GMDS,60.31059573112959,False,False
NFU1,60.288383350879045,False,False
PATL1,60.28127089635167,False,False
RAD51,60.26594736755916,False,False
IL11RA,60.26435174521295,False,False
RGS6,60.236918857540566,True,False
CEP19,60.21688165596379,False,False
ZXDC,60.20026388508732,False,False
TXNDC11,60.18248650325765,False,False
CCP110,60.10743430828977,True,False
PYGL,60.095371831537825,False,False
PEX11B,60.05088357195494,False,False
GPHN,60.03180326350142,False,False
MEMO1,60.031011014609724,False,False
NFATC3,60.023409290451625,False,False
NEIL3,60.00649870512686,False,False
APPL2,60.00228962639342,False,False
OR7E24,59.88504538489433,False,False
C17orf63,59.84203547507925,False,False
KIAA0907,59.836908402054014,False,False
PRIMA1,59.82097257021207,False,False
BIRC6,59.77698437496345,False,False
DCAF11,59.7270826244868,False,False
EPB41L5,59.70432696365699,False,False
KLHL24,59.68419028260285,False,False
FAM3A,59.59916990852839,False,False
LHFPL2,59.53508823852803,False,False
OXTR,59.53048915090478,False,False
RFX7,59.5207315974781,False,False
PHF20,59.51626836801535,False,False
EXOSC7,59.49576338854382,True,False
NADSYN1,59.483669926074086,False,False
JMJD7,59.454485693230865,True,False
CCDC59,59.45098921991788,False,False
POFUT1,59.41944097273397,False,False
HEBP1,59.41571000748617,False,False
EFCAB2,59.38446750476658,False,False
GPD2,59.36637843983578,True,False
UBE2J1,59.30387857435286,False,False
C21orf2,59.29511412195436,False,False
MAN2A1,59.26043954626804,False,False
RANBP6,59.201557394930454,False,False
HEPN1,59.19380005205226,False,False
LAMA2,59.19176368038741,False,False
CCDC138,59.16535041583325,False,False
MLX,59.136596889146226,False,False
CDC42EP3,59.12906521212759,False,False
IGSF11,59.12362309307411,False,False
VAMP1,59.09602238130331,False,False
LYRM5,59.049745774409004,True,False
STX5,59.046939977307545,False,False
ZBTB40,59.04365186276918,False,False
ASNSD1,59.03572494239159,False,False
GTPBP5,59.02275493326785,False,False
NCKAP5L,58.993764738393516,False,False
GFM1,58.99325002631857,False,False
RBM18,58.948619333029214,False,False
PAPL,58.94555061526944,False,False
PIGU,58.939551894936315,False,False
PDP2,58.915057770408595,False,False
CDK11A,58.913672419319,False,False
DBP,58.87114186756501,True,False
DIMT1,58.86894898878245,False,False
POLR1C,58.8626932729761,False,False
ABCB8,58.838362585535315,False,False
MAP7D2,58.80204532874806,False,False
ZNF655,58.79466320431389,False,False
NYNRIN,58.777292596881544,True,False
HS6ST2,58.75037478623481,False,False
SLC38A3,58.73018029734125,True,False
KLK4,58.72841376987053,False,False
SLC26A11,58.71115250494204,False,False
E2F2,58.71006567533424,False,False
ARL1,58.69083499081774,False,False
FXC1,58.66481560690599,False,False
WFDC11,58.62461441847682,False,False
PHLPP1,58.535553438373626,False,False
ZNF785,58.53508616111637,False,False
MRPS10,58.522408609093354,False,False
RPP25,58.47817587406862,True,False
CACNA1A,58.45637162332878,False,False
NFYA,58.42812912938205,False,False
TM4SF19,58.42220966943889,False,False
CALCA,58.40179357827139,False,False
SP2,58.39931643330876,False,False
TXNDC16,58.397772591266914,False,False
OPA3,58.3945435917231,False,False
FAM122C,58.35804417073142,False,False
POLE2,58.349994493572424,False,False
C1orf21,58.343029692014376,False,False
ZMAT5,58.308129300745115,False,False
VPS18,58.27599373091905,False,False
EXD2,58.25630592460025,False,False
PANK2,58.23534020013803,False,False
HLA-DPA1,58.19723828297718,False,False
MTFMT,58.19128714601537,True,False
PPM1D,58.149701039875545,False,False
MRPS30,58.14331351662748,False,False
DNAJC12,58.14313592600391,False,False
MAP2K7,58.116436478693664,False,False
BICD1,58.1150204442573,False,False
SPG11,58.10906798902808,False,False
MTUS2,58.06508763027687,False,False
TLK1,58.05818731386929,False,False
IQGAP2,58.04476948918599,False,False
BMS1,58.03856189072533,False,False
MRPL30,57.98722595653343,False,False
CCDC53,57.94838896725972,False,False
ZNF445,57.92884851563323,False,False
MAFB,57.908407242867675,False,False
SRP19,57.901924816062504,False,False
CDR2L,57.88605184171434,False,False
GGA3,57.87041721350786,False,False
TMEM91,57.85184284661544,False,False
CLK3,57.835732508100264,False,False
KIAA1430,57.83394952217193,False,False
WASL,57.81810370506837,False,False
OLFM3,57.80438778409423,False,False
GDPD1,57.804213702611975,False,False
LOC100862671,57.79281795744581,False,False
ACVR1,57.7303853089799,True,False
HSPG2,57.67447662385514,False,False
CEP41,57.667648036050565,False,False
FAM188A,57.64557381771181,False,False
CSNK2A2,57.61851319554105,False,False
CDH6,57.61267913581546,False,False
OSBPL2,57.58455350855645,False,False
KIAA1429,57.5627372963236,False,False
TTC19,57.55235904598144,False,False
TMEM121,57.55192529739972,False,False
CLEC2L,57.51102315623866,False,False
MINOS1,57.49609859049491,False,False
MRPL22,57.44598188347312,False,False
FEZF2,57.43651292182803,True,False
ARNT,57.40698667754501,False,False
ZNF644,57.394881162344575,False,False
HSPA14,57.37841572797136,False,False
IFT122,57.32931245394252,False,False
SH3KBP1,57.30430310559007,False,False
ASMTL,57.28954955550876,False,False
TMEM206,57.27403158227181,False,False
ZDHHC4,57.27393275374016,False,False
ZNF688,57.244131651869786,False,False
LOC100506688,57.241877084722375,False,False
CDK19,57.23539684177281,False,False
ABCD4,57.230851168544056,False,False
DOCK4,57.227694763776306,False,False
SERPINA10,57.22541284111779,False,False
KIF26B,57.22124452164555,False,False
FAM212B,57.19121871542034,False,False
RAB9A,57.18962177597643,False,False
DUS3L,57.15983705419285,False,False
HEATR7A,57.15573502766373,False,False
RNF14,57.15449091775742,False,False
TBRG4,57.124182740288454,False,False
MYO16,57.11038631434889,False,False
ARIH2,57.10607197073376,True,False
WDR3,56.997697811465535,False,False
CCDC6,56.98392378145068,False,False
LIN7A,56.86954646044613,True,False
BAK1,56.843352083845076,False,False
RBM12B,56.827740608952986,False,False
ZNF713,56.81689561006422,False,False
DGKQ,56.8112260775988,False,False
VASP,56.7781532582377,True,False
TEX10,56.768914283374855,False,False
RIMS1,56.73557189177808,False,False
SIDT2,56.73118098337837,False,False
PPCS,56.72005061351487,False,False
ATPBD4,56.71062357909021,False,False
SLC48A1,56.700707906095374,False,False
MFSD5,56.65982340363313,True,False
RPUSD1,56.648802568691444,False,False
PLEKHA4,56.60863012714789,False,False
JMJD6,56.56804010948521,False,False
PVR,56.5147312026997,True,False
AMOT,56.50665676913359,False,False
AKAP2,56.49620935303131,False,False
NEK4,56.475170984080194,False,False
YTHDC1,56.43395107145782,True,False
PCSK7,56.42949915254238,False,False
FIGNL2,56.42024623235194,False,False
PPAT,56.40919949760794,False,False
OCRL,56.35839898936731,False,False
TLCD2,56.352100450339805,False,False
SERTAD2,56.33019766583617,False,False
GAK,56.31071397515529,False,False
PPARD,56.310451343416275,False,False
CYP4A11,56.304014558842475,False,False
S100PBP,56.281397981658884,False,False
ANKRD50,56.25978146939444,False,False
SHROOM2,56.255200463206656,False,False
HEY1,56.2187841667544,False,False
BBX,56.1960656963891,False,False
KLHDC5,56.191878871460155,False,False
MYD88,56.18693523996677,False,False
NFRKB,56.1795689750968,False,False
ARAF,56.17834939408827,False,False
ZNF260,56.16247809535506,False,False
DHX57,56.119581509749565,False,False
FBXO18,56.11404456200068,False,False
ZFPL1,56.103130440046314,False,False
VWA5A,56.10047976746091,False,False
SESTD1,56.09325979167397,False,False
GLCCI1,56.08065452971658,False,False
ANXA11,56.05897776198664,False,False
SH3GL3,56.01158538793556,True,False
NACC1,56.00405642289831,False,False
RAB3IP,55.955436731351845,False,False
CCDC24,55.94063685768093,False,False
DCAF6,55.93743342398614,False,False
ELP4,55.91733007451076,False,False
IPO8,55.90785759670609,True,False
ZDHHC20,55.883743641435935,True,False
KLHL17,55.86087929021769,False,False
METTL2B,55.858037199822206,False,False
GCAT,55.84282938145537,False,False
KIAA1737,55.805420048894035,False,False
TMEM44,55.78666276976524,False,False
SMC5,55.78647748476448,True,False
GFER,55.764435861669654,False,False
FRS3,55.74077806611223,True,False
IGFBP6,55.73046325402675,True,False
KIAA2026,55.72711586775216,False,False
PPFIBP1,55.7194008264028,False,False
UXS1,55.71139027266028,False,False
PAPD7,55.678990473851044,False,False
CCDC19,55.63939997894514,False,False
C11orf57,55.597407800236276,False,False
VRK2,55.592184697804456,False,False
NAA35,55.58240832134377,False,False
VASN,55.57974907826556,False,False
ANKRD36,55.56881387514475,False,False
VAV3,55.54009526909265,False,False
PTCD3,55.51763047104374,False,False
TSR1,55.49319743657227,False,False
SLC35F5,55.49308097694494,False,False
SETD7,55.46951571744394,False,False
UBE2B,55.46534903791042,True,False
GFM2,55.46458318010083,False,False
MRP63,55.46206683101145,False,False
MAPK1IP1L,55.34909000011697,False,False
AMDHD2,55.336715132587045,True,False
MOB2,55.32322194383034,False,False
PIN4,55.305788143781214,False,False
KLHL21,55.266003668807244,False,False
SNX11,55.259988612251576,False,False
TINF2,55.25430976360084,False,False
HMGXB3,55.254169194418125,False,False
NUFIP2,55.19745889040952,False,False
PLXNB3,55.1715708156414,False,False
C1orf130,55.14017827432125,False,False
GRWD1,55.126991583324575,False,False
SIK3,55.10686172871999,True,False
TADA1,55.089951179071484,False,False
MTERFD1,55.086564527845034,False,False
CCL28,55.06585783766713,False,False
ZNF446,55.06162930425426,False,False
TMUB2,55.05474317764443,False,False
CNTRL,55.03523665415072,False,False
PCYT1B,54.97714094641541,False,False
CUL7,54.95506474131779,False,False
LAMC3,54.932957679755766,False,False
C11orf74,54.92692158940706,False,False
B4GALT7,54.91555056321718,False,False
PCF11,54.912384485501406,False,False
PPP1R13B,54.849348474693244,False,False
GTF2E2,54.84436294346773,False,False
MRPS23,54.84320698787007,False,False
MECOM,54.828341891544106,False,False
SULT1A3,54.821403113778054,False,False
SULT1A4,54.821403113778054,False,False
ZCRB1,54.770635709022,False,False
ABCF3,54.73170253710917,False,False
LNX1,54.71791996642922,True,False
WDR85,54.71556009696927,False,False
FAM100A,54.693319476903994,True,False
ZBTB45,54.61973650325765,False,False
MRPS31,54.61794496555193,False,False
PEX10,54.589736594495314,False,False
TMEM185A,54.57717538278883,False,False
MFSD2A,54.56790124866945,False,False
MMAB,54.560426847855325,False,False
EPHB3,54.546908095589,False,False
GPRC5C,54.51751620170545,False,False
NTN4,54.5070729550479,True,False
EIF1AY,54.46860301084324,False,False
DRAM1,54.45335845878515,False,False
SLC7A6,54.44967442479325,False,False
TOR3A,54.44526348504521,False,False
TRUB2,54.42348861985473,False,False
BRCC3,54.38511247967623,False,False
CHD9,54.38404615222655,False,False
TPD52,54.38264489419939,False,False
MOGS,54.373361116959686,False,False
ZNF322,54.356651610695856,False,False
PFDN4,54.31237589746289,False,False
FAM49B,54.28751747026003,False,False
PPPDE1,54.273152068053946,False,False
RGS11,54.25219248868303,True,False
TSPAN9,54.24206609116748,False,False
FOXRED1,54.19569532523891,False,False
DAPL1,54.191978884911855,False,False
JKAMP,54.185820699839745,False,False
CRHBP,54.16634645752185,False,False
GALT,54.146370970043634,False,False
ZNF467,54.12629083587746,True,False
NDNL2,54.06224341977518,False,False
SYNC,54.03924421518053,True,False
ACOT9,53.957340200138034,False,False
HSF2,53.955873500134516,False,False
FURIN,53.94390699137921,True,False
PIGC,53.905494202313704,False,False
TRIM23,53.902824624814315,False,False
TOB1,53.86200182241406,False,False
AFG3L2,53.85562048636698,False,False
NCLN,53.847265372963236,False,False
URB1,53.842362583195886,False,False
CXorf56,53.83130506661521,False,False
PLBD2,53.763691628358536,False,False
FAM20B,53.76151368038741,False,False
COL9A3,53.75251501853996,True,False
NXT1,53.7507648904563,False,False
INPP5E,53.74390972850943,False,False
B3GALT2,53.737244178334564,False,False
SNX1,53.705958753553006,False,False
UNC79,53.67124368880935,False,False
EED,53.62902456866805,False,False
WRAP73,53.60475551403071,False,False
FAM161B,53.6029265513329,False,False
HENMT1,53.59048433460833,False,False
PPIL4,53.567626939092996,False,False
LCOR,53.515939170205044,True,False
HGFAC,53.51015942496871,False,False
BYSL,53.4892070796926,False,False
GPR85,53.44957078581371,False,False
AK5,53.40883247183915,True,False
RNPC3,53.37163468259817,False,False
MLLT3,53.37014054637331,False,False
UBE3C,53.368668060965476,False,False
ETV1,53.3656594916424,True,False
ROCK2,53.36150500052637,False,False
USP48,53.35153179925373,False,False
ZNF134,53.324688524523054,False,False
C16orf54,53.3243543911055,False,False
KIAA0368,53.24644194125697,False,False
CEP192,53.24537188242038,False,False
PPM1K,53.233598594004036,False,False
MAPKAPK5,53.21720543741447,False,False
PPP1R2,53.20310576317975,False,False
LRRTM2,53.20034160554912,True,False
METAP1,53.19497760232071,True,False
MED14,53.19339490472681,False,False
EME1,53.182048950181894,False,False
FLVCR1,53.17709273081378,False,False
ENDOD1,53.174304526207436,False,False
MAP4K5,53.163325150015794,False,False
PGF,53.15250130013685,False,False
CPNE7,53.12493784608906,True,False
NR4A1,53.088982290533515,False,False
PXDNL,53.076450232773034,False,False
GOLGA5,53.07017327028576,False,False
USP20,53.03832337906914,False,False
CXorf40B,52.99528338246132,False,False
TAB1,52.99113222970839,False,False
SLC6A15,52.981155537424996,True,False
ZCCHC18,52.97995545086617,True,False
NRG3,52.97264392567638,False,False
FAM116A,52.958723828824084,False,False
GMPR2,52.92146702050509,False,False
KDM1B,52.860385061000564,False,False
GLT25D2,52.85577454761321,False,False
ABHD10,52.84969546560457,False,False
PTDSS2,52.847216322770834,False,False
PAN2,52.83693365909862,False,False
AHCYL2,52.810956758606174,False,False
SLC19A3,52.80371955410513,False,False
SIRT3,52.78849823080792,False,False
OBFC2A,52.7435471733867,False,False
ACTR6,52.73267910598776,False,False
TMEM132C,52.73256155384777,False,False
FBXL3,52.726712613023594,False,False
CCNT2,52.69197262869776,False,False
FAT4,52.69119250739845,False,False
RAB3B,52.665061426933825,False,False
NBN,52.663463675123694,False,False
SNX19,52.620416427460206,False,False
PTPN21,52.60143968838825,False,False
ROCK1,52.564901842299186,False,False
STRBP,52.55684146225919,False,False
RNF168,52.55044519540069,False,False
PHRF1,52.5407986366986,False,False
SEC22C,52.52485711069002,False,False
EXOC2,52.523125360564265,False,False
MACROD1,52.49537769180381,True,False
GLIS2,52.459249836824924,False,False
ZDHHC14,52.39175988642078,True,False
ITPRIP,52.370559158858846,False,False
TUBGCP3,52.36712514767637,False,False
MAP6D1,52.351324434150975,False,False
TMED5,52.29636351194863,False,False
PDS5B,52.28688055175398,False,False
FAM111A,52.27918798294557,False,False
CNDP2,52.25227691628359,False,False
TM2D2,52.108358588038506,True,False
HTRA3,52.087424154589385,False,False
TOR1B,52.056156079587325,False,False
TBKBP1,52.02628323449252,False,False
INO80B,51.98697850300031,False,False
METTL7A,51.947761411142686,True,False
CLVS2,51.90827926916284,False,False
DECR2,51.879276551332886,False,False
FAM45A,51.8574461785451,False,False
MRPS18A,51.83557256845749,False,False
ZFP62,51.80036656782585,False,False
ETS1,51.79750220491045,False,False
SIGIRR,51.79161415412149,False,False
KIAA1704,51.72919959586389,False,False
GTF3C3,51.725096983308184,False,False
CCDC74A,51.70720010293481,False,False
ATOH8,51.69556843468904,False,False
TBCE,51.69098644360225,False,False
TRAPPC6B,51.667609079903144,False,False
TUBGCP2,51.635254291094974,False,False
BBS4,51.612324022996575,False,False
HIST2H2AA4,51.584214485735345,False,False
HIST2H2AA3,51.584214485735345,False,False
MAP2K4,51.57426932952006,False,False
RALGAPA1,51.54809333614065,False,False
ATP8B2,51.52426412195436,True,False
BIVM,51.518051039875544,False,False
FIZ1,51.48435816167783,False,False
NIF3L1,51.47544379174416,False,False
GAPT,51.467542475816174,False,False
HOXC5,51.46422069457603,False,False
UBE2Q2,51.46363749868408,False,False
IVD,51.45113643132026,False,False
C11orf24,51.39447958323098,False,False
SEC63,51.376368141675734,False,False
TRPT1,51.31345288977787,False,False
CDKN2AIP,51.300223696646434,False,False
SDF2,51.29692012960429,False,False
DIP2A,51.29288826660115,False,False
CDK13,51.27799686048824,False,False
HMGXB4,51.26836703980536,False,False
FXYD1,51.24376688072428,False,False
SLC27A3,51.23724346890316,False,False
KIAA0226,51.203722712332294,False,False
ZBTB5,51.20259121077073,False,False
NEDD8-MDP1,51.18629763132961,True,False
SEPP1,51.180383771976,True,False
EPM2AIP1,51.17259851504838,False,False
PHLDB2,51.15637134727631,False,False
MTF2,51.15581921898212,False,False
C19orf66,51.1485863196126,False,False
MED29,51.14811043794083,False,False
C12orf45,51.14008319764653,False,False
C9orf80,51.137218549320984,False,False
LONP2,51.08792792516172,False,False
C22orf23,51.06554974734183,True,False
SLC35A1,51.06337463417202,False,False
COG2,51.03445293188756,False,False
APOL2,51.007979018259235,False,False
ZNF117,50.99852184031068,False,False
PROX1,50.99724110374192,False,False
ISOC1,50.96700650887228,False,False
STXBP3,50.96484530067493,False,False
FAM211B,50.95473055175399,False,False
BMF,50.859635208969365,False,False
SLC20A2,50.829629613058685,False,False
KRR1,50.823799001064444,False,False
CBWD2,50.806086785743524,False,False
NUDT22,50.782848639622884,False,False
PCDHA6,50.78200989870279,False,False
CPS1,50.77295949339697,False,False
CEP68,50.739156342188075,False,False
CABYR,50.706219248809816,False,False
ING1,50.667598826192226,False,False
MFNG,50.658455037372356,False,False
DDX54,50.62937492893988,False,False
FAM193A,50.606178045057376,False,False
FLRT3,50.56613104303378,False,False
KIAA0196,50.555558028330466,False,False
CES4A,50.535638287656006,False,False
UBE4A,50.527346013030616,False,False
CDK17,50.51222829537611,False,False
KANSL2,50.509154047209655,False,False
STAT6,50.50007478974396,False,False
PSKH1,50.47370427530383,True,False
C9orf24,50.47334822203507,True,False
IRF7,50.459094746815445,False,False
NLGN4Y,50.44264972745669,True,False
CHRNB1,50.44104563111907,False,False
MARVELD3,50.407053952462846,False,False
REXO4,50.40101979623586,False,False
DOPEY1,50.36087916213402,False,False
CCDC85A,50.335722121041975,False,False
DIABLO,50.32515384367945,False,False
C17orf75,50.32052610040824,False,False
TMEM216,50.303320122586,False,False
ATE1,50.29314317296557,True,False
SLC12A6,50.276081150647435,False,False
LDB2,50.26112994642711,False,False
LAMA5,50.204988703489256,False,False
NBPF11,50.20147686891018,False,False
TMEM109,50.17654564106164,True,False
CWC27,50.17207466575429,False,False
CRYZL1,50.144319723128746,False,False
COQ10B,50.123691614321984,False,False
NAV3,50.0862760600531,False,False
TMEM88,50.05144019136518,False,False
PSMA5,50.03812125779322,True,False
MFSD6,50.031078805956184,False,False
TMEM181,50.02966076955468,False,False
MED20,50.02562926916283,False,False
SELO,49.94409668386146,False,False
KIAA1456,49.917826188136765,False,False
GMPPB,49.872900934601304,False,False
SULT1C4,49.84307260179433,False,False
PIAS3,49.82839421985939,False,False
MBTPS2,49.787103482237896,False,False
LRRC8D,49.76944048437847,False,False
VPS52,49.74657841644149,False,False
PPFIA1,49.74316524370986,False,False
SLC9B2,49.67975578248003,False,False
PPM1A,49.676598784082536,False,False
GPR176,49.653999494683646,False,False
AP5M1,49.64192002433004,False,False
SMCR7L,49.62959540770374,False,False
ESRRA,49.618459131955404,False,False
CBWD5,49.61315368401353,False,False
CNTNAP5,49.606869464622015,False,False
GSTCD,49.56163994104642,False,False
EFNA4,49.54317556701875,False,False
ARMC8,49.52582636359383,True,False
C19orf29,49.49763495631119,False,False
BTBD11,49.46487312114726,False,False
ORC3,49.455250657963994,False,False
HSD3B7,49.45300501573265,False,False
MPHOSPH10,49.420882292288084,False,False
C1orf210,49.41054839749212,False,False
MGAT2,49.35881677837433,False,False
NLGN4X,49.3503028365559,False,False
FBXO42,49.31831353066404,False,False
GOLGA3,49.268612090746394,True,False
KCNF1,49.26169243078219,True,False
CDK12,49.21555430864068,False,False
OGFOD1,49.21532900597723,False,False
RILPL1,49.21445192651858,False,False
RBM34,49.181653194488305,False,False
CCDC117,49.16157285094338,False,False
ZDHHC2,49.13881870196863,False,False
DPP9,49.1106736808553,False,False
PHF3,49.10828011662046,False,False
GABPA,49.10474563404335,False,False
CLPB,49.06704121603444,False,False
C9orf69,49.06665778619971,False,False
CCDC88C,49.040211653273445,False,False
SIK2,49.02791465534384,False,False
RNF112,49.02113062018224,True,False
SYT9,49.019310477711095,False,False
CEP70,49.01574714121954,False,False
CNPY1,49.01189673766829,False,False
UST,49.00793990946415,False,False
CRYM,48.99885265408055,True,False
LEO1,48.98941403422582,False,False
C1orf115,48.95950733527505,True,False
ZFP106,48.956047265794055,False,False
PGAM5,48.94708454691137,False,False
TP53AIP1,48.92999625691593,False,False
AQP1,48.89474489712368,True,False
CPZ,48.87438572071914,False,False
SAP30L,48.87127009451287,False,False
C4orf34,48.85702619690962,False,False
ALAD,48.85217849890632,False,False
ARHGEF10L,48.79444587851352,False,False
FOXRED2,48.76786010223298,False,False
IFFO2,48.765344179504275,False,False
TMEM18,48.76305592693967,False,False
HIST1H2AC,48.70820118199576,True,False
RABL5,48.699684462691984,False,False
CBFA2T2,48.69318118690856,False,False
EFHC1,48.67114132306324,False,False
PTPMT1,48.67009355195283,False,False
TTF2,48.642720022575475,False,False
CSMD2,48.642610846170946,False,False
SCN1A,48.630575513211916,False,False
COA5,48.61134391514897,False,False
URI1,48.60416501210653,False,False
PIGS,48.600425097378675,False,False
RASSF10,48.53941351721234,False,False
MAFA,48.524015964838405,False,False
MRPS18B,48.47676580985132,False,False
RARS2,48.45134846942953,False,False
RHPN1,48.434724480939515,False,False
TTC8,48.41192134435204,False,False
TCTA,48.39839373091904,False,False
KIAA0494,48.38330451626487,False,False
TMEM237,48.35983390824766,False,False
RRAS2,48.345336936636606,False,False
AP3B1,48.34194999766057,False,False
GPR21,48.294849567790756,True,False
FAM78B,48.28191496414827,False,False
SIRT7,48.267306617655656,False,False
ZFYVE20,48.2580135271549,False,False
MAN2B2,48.237378566164864,False,False
MRI1,48.22250186803289,False,False
LEPR,48.19887777426863,False,False
FCRL1,48.19284127276553,False,False
SPIRE2,48.18889572001731,False,False
KIN,48.18865452796201,False,False
NMT1,48.1786643886491,True,False
WWC3,48.14034890514791,False,False
FAN1,48.13205766688892,False,False
SAP30BP,48.12786116901194,False,False
APBB2,48.1248190944076,False,False
DIS3L,48.09916441496766,False,False
EIF2C4,48.0956444286533,False,False
CKLF,48.09033486156437,False,False
ZNF787,48.08764986080407,False,False
MRPL46,48.074732777134436,False,False
NPR2,48.05647397035945,False,False
TIPARP,48.04638012948731,False,False
DNAJA3,48.045969340047485,True,False
POLR2F,48.04145609303903,False,False
ENGASE,48.03528936847154,False,False
C14orf126,48.02883745248038,False,False
UBXN2A,48.014337815676505,False,False
PAX8,48.01317055421038,False,False
USP6NL,47.98064775005556,False,False
C1orf95,47.973318683838066,True,False
ZNF33B,47.955599969587446,False,False
GLRX2,47.94768074300219,False,False
SYNRG,47.94640467183681,False,False
MAD2L1BP,47.93078489958007,False,False
FMR1,47.91384645869156,False,False
FAM208B,47.90910977588283,False,False
TMEM87A,47.89517461311716,False,False
FAM165B,47.88825937057702,False,False
RPP30,47.88784438361932,False,False
GMPPA,47.8819550367875,True,False
GSPT2,47.84256998748407,False,False
SHANK3,47.82436635025908,False,False
SNX15,47.82361554842029,False,False
MAD1L1,47.78929906832299,False,False
DZIP1,47.7656540015908,False,False
PLEKHG4B,47.748396479746404,False,False
ZNF581,47.739886720824416,False,False
TMEM132B,47.718695788445565,True,False
TTC17,47.71485281725561,False,False
MON1A,47.69392153150624,False,False
RRS1,47.679663669859984,False,False
NF2,47.644174692072845,False,False
BORA,47.64204494098794,False,False
CD68,47.63399951339908,True,False
SAMD4A,47.62353307658116,False,False
B3GALNT2,47.60953833035056,False,False
FAM216A,47.606197569334775,False,False
C4orf52,47.60392785497889,False,False
C20orf96,47.59989087798716,False,False
TBPL1,47.567823387842,True,False
LEMD1,47.50290727035595,False,False
FOXN2,47.45514786410265,False,False
SLC43A3,47.448531281655384,False,False
LRRFIP2,47.44754601303062,False,False
ALKBH2,47.4289982553719,False,False
SOS2,47.40864147805033,False,False
RHOG,47.406457232340244,False,False
MAP3K11,47.39462087529681,False,False
AKR1C2,47.36130672468447,False,False
ALDH16A1,47.35522962007697,False,False
IFI44L,47.3381975365828,False,False
FAM120B,47.33067547227194,False,False
CREB1,47.29008455217508,False,False
CNOT10,47.28224395316467,False,False
CXCR2,47.255083667871475,False,False
SPRED2,47.25495460867226,False,False
PDCL,47.24465837573546,False,False
CTSL2,47.24193688282976,False,False
MRPS11,47.23211468868068,False,False
TBCK,47.21352291820192,True,False
F2RL3,47.19833720508593,False,False
DNAJC17,47.19452235966359,False,False
TTLL7,47.18424436256447,True,False
APOLD1,47.181156266741525,False,False
SUDS3,47.17971994712894,False,False
BECN1,47.17673445625855,False,False
ZNF274,47.17052723912459,False,False
MMP9,47.16229446374473,False,False
SLK,47.14968462411248,False,False
NDUFA10,47.14170427530383,False,False
SLC25A24,47.137241335345244,False,False
MKKS,47.13073206770302,False,False
MARCH5,47.12789585336469,True,False
SEH1L,47.126892183387724,False,False
SUPT7L,47.12099741493256,False,False
PLEKHM1,47.119720560058965,False,False
USP49,47.11461675965891,False,False
HAUS7,47.09419242551847,False,False
SEMA4F,47.08305609303903,False,False
ASCC2,47.077699784187814,True,False
ENOX1,47.07050819852382,False,False
C9orf116,47.060852895041585,False,False
CRY2,47.039865085213656,False,False
SLU7,47.034558981062325,False,False
OLIG2,47.01609503924389,True,False
SHMT1,47.00837792516172,False,False
SLC38A7,46.99763821922775,False,False
ERGIC2,46.98986902948849,False,False
OGN,46.980732213332395,False,False
STX6,46.93017012784971,False,False
PTRH2,46.92545603864735,False,False
C11orf46,46.92361366225684,True,False
CCNH,46.86858389070195,False,False
ZNF251,46.859107396685026,False,False
CAMK4,46.85846808903862,False,False
NCOA3,46.8403702664608,False,False
LETM1,46.82919831327275,False,False
PTPLB,46.8286376367103,False,False
PEX16,46.81669240563335,False,False
MRPS35,46.7922180065738,False,False
MORC2,46.778529871565425,False,False
HDAC10,46.774323033418725,False,False
INPP5A,46.75889923617691,False,False
VPS11,46.753605133288886,False,False
METTL14,46.71857843574177,False,False
GOLGA6L1,46.706719483922285,False,False
TMEM132D,46.68249150436888,False,False
GATAD2B,46.67990899860804,True,False
CMTM4,46.61954940110655,False,False
CREB3L2,46.6166656542794,False,False
IRS1,46.61272260764291,False,False
MRPL1,46.596576849609896,False,False
ACTR3B,46.58749523575581,False,False
CUL3,46.56131827034424,False,False
LYRM7,46.49155688493528,True,False
SKIV2L,46.46644545741657,False,False
GPR111,46.465909300979064,False,False
WDR76,46.42923461943363,False,False
BNIP2,46.409573593126765,False,False
MED21,46.398730840088426,False,False
CCDC86,46.39815864827876,False,False
GOLGA6L9,46.39483241335345,False,False
THTPA,46.37638775134224,True,False
ZW10,46.358293820402146,False,False
NR1H2,46.3470292872934,True,False
RSPH1,46.340333743318006,False,False
TRAPPC11,46.325301005368985,False,False
GALE,46.29902867436338,False,False
C9orf172,46.277265344890104,False,False
LRRTM1,46.26147794504685,False,False
FUT9,46.23789576271186,False,False
CCDC113,46.21157698295728,False,False
TAZ,46.198457145781425,False,False
FRMD5,46.18700149957305,False,False
NEMF,46.18407319659379,False,False
FBXW4,46.037068744078326,True,False
RG9MTD3,46.01311786971729,False,False
CPVL,46.00994351276743,True,False
POU5F1,45.97665759670608,False,False
SALL4,45.94568310348457,False,False
ZNF71,45.91383509433742,False,False
MTDH,45.89285055795346,False,False
MLXIP,45.87864293609854,False,False
TBC1D25,45.86534257231755,False,False
BHLHB9,45.8348785398463,True,False
C11orf83,45.79872215788796,False,False
YTHDF1,45.7962111479571,False,False
ELK3,45.793792083377184,False,False
EAPP,45.786108564059376,False,False
KDM5D,45.78494229860453,True,False
ZNF778,45.73922575475781,True,False
CDKN2B,45.73752596004259,False,False
FBXL17,45.72749981167608,False,False
RASL10B,45.727184676749594,False,False
MTFR1,45.70788150331614,False,False
SLC12A2,45.70384560947936,False,False
HS1BP3,45.702582115076446,False,False
SETD3,45.6903635569826,False,False
FAM46B,45.68312268250459,False,False
SYS1,45.680569945374366,False,False
GRID1,45.680242344223366,False,False
C2CD4A,45.66486348504521,False,False
EXOSC1,45.662009884666226,False,False
BCKDHB,45.658958393281154,False,False
TAF2,45.63261614497433,False,False
ADAMTS15,45.62661612391948,False,False
RTEL1,45.574030499116866,False,False
WDR46,45.537208632487626,False,False
CHRNA7,45.511559725000296,False,False
IGSF21,45.491203036576955,True,False
COMMD2,45.48691063913161,False,False
C9orf41,45.45264188803501,False,False
ASL,45.44116746616603,False,False
JDP2,45.43366423600145,True,False
KCTD9,45.42561429390228,False,False
SNX27,45.39777206021686,False,False
TTBK1,45.3955241230071,False,False
RPP14,45.38349881507996,False,False
KCNK2,45.38046299201086,False,False
KLHL4,45.35527650395948,False,False
DNAJC1,45.32434199155467,False,False
C3orf17,45.324258111380146,False,False
HPSE,45.32346465709837,False,False
MADCAM1,45.31594573054473,False,False
C1orf174,45.3094778397726,False,False
GRIK4,45.28257355803535,True,False
TBC1D13,45.27997901299552,False,False
TRAF3,45.2734566849142,False,False
CASP6,45.26881763460481,False,False
SH3PXD2A,45.2624408774023,False,False
GOLGA6L10,45.2105394041478,False,False
RAB3GAP1,45.17992416570166,False,False
CRISPLD2,45.160190394895366,False,False
UBE2G1,45.149131286919086,False,False
DDA1,45.14749936250599,False,False
FAM207A,45.13570436654151,False,False
GARNL3,45.12959992747774,False,False
TMEM159,45.09032357382648,False,False
AGAP9,45.07381731234867,False,False
ANAPC1,45.066835182650806,False,False
CCDC8,45.04208398778819,False,False
CDK8,45.03689049373618,False,False
RABL2A,45.00866627656712,False,False
MZF1,45.00176174626569,False,False
CCDC144A,45.00042991484483,False,False
GPR50,44.984851862769176,False,False
KDELC1,44.970994399410465,False,False
ADNP2,44.969299757869244,True,False
TMEM60,44.96013392052964,False,False
KIAA2022,44.925289345662115,False,False
ZNF653,44.88606076429098,False,False
PLA2G12A,44.86080148553649,True,False
REPS1,44.844445270847224,True,False
CYP4X1,44.84355199494682,False,False
WDR33,44.8390447041209,False,False
FAHD1,44.811413758758235,True,False
PKN3,44.78567868196652,False,False
CECR2,44.77042540910738,False,False
REM2,44.749328937548974,False,False
UGGT1,44.74100841959973,False,False
SRRD,44.74080515843774,False,False
STRA6,44.738168633540376,False,False
TBRG1,44.72964772198243,False,False
TAF8,44.7278455235054,False,False
MAFK,44.727112074955265,False,False
RAB39B,44.69571638710507,False,False
SSX2IP,44.692552189119326,False,False
SH3BGR,44.68146637014423,True,False
MDP1,44.64686912072616,False,False
PSMD5,44.646488706998404,True,False
VPS54,44.61879974734183,False,False
PCDHAC2,44.60263717876736,True,False
MPP3,44.60152956217614,False,False
FEM1C,44.59200517539858,False,False
PASK,44.57155515843773,False,False
BEAN1,44.565495678492475,False,False
TAF4,44.533037417388954,True,False
BLOC1S3,44.523131850136274,True,False
OSTF1,44.5231177650279,False,False
LOXL4,44.52003116585373,False,False
SETD1B,44.51371136201472,False,False
CPNE4,44.51338358189751,True,False
LRP12,44.47464874197285,False,False
STIL,44.47340021522733,False,False
TIMM21,44.46744022645659,False,False
NUDT19,44.43820481044787,False,False
MAL2,44.41270932846732,True,False
PYGO1,44.403541596776265,False,False
CRCP,44.39784015159491,False,False
MIF4GD,44.3968467891357,False,False
ARSB,44.39494956954534,False,False
PABPC1L,44.39449268870408,False,False
PIK3CA,44.39413292451837,False,False
STK33,44.36178896725971,False,False
ADORA2B,44.35152734498369,False,False
TMEM55A,44.33975731772936,False,False
CSTF2T,44.33960459288113,False,False
PGRMC2,44.32698798762443,False,False
BTBD9,44.29531026189892,False,False
RFPL4A,44.28684135640007,False,False
C1orf150,44.27946231123743,False,False
PHF14,44.26464417833457,False,False
ANTXR2,44.25496753342456,False,False
GALNTL1,44.24827622381304,False,False
CANT1,44.214587863049914,False,False
FAM120AOS,44.18960128902457,False,False
TCEB3,44.18368749283551,False,False
APPBP2,44.17393989308815,False,False
CLEC11A,44.15756107484998,False,False
ABCA7,44.15113175188032,False,False
CENPL,44.136302069808515,False,False
KDM5A,44.09996458574587,False,False
MARCH8,44.0983737867144,False,False
AK3,44.0821856996643,False,False
TMEM69,44.08161028002948,False,False
EMP2,44.07685706858032,False,False
CUTC,44.05107712858664,False,False
TMEM42,44.02995295411213,False,False
SNX14,44.026748032541434,False,False
AVEN,43.99760713525401,True,False
SLC25A34,43.992526629118856,False,False
HIBADH,43.98904024751144,False,False
SLC25A14,43.964933466680705,False,False
FBXO28,43.96020879683242,False,False
YIPF5,43.91750283714075,False,False
MAF,43.90900406884935,False,False
FGF14,43.90347075423144,False,False
CLDN5,43.88095359803956,True,False
PRUNE2,43.87317423880876,False,False
DNPEP,43.86185175749495,True,False
GOLGA4,43.853916957340545,False,False
SEC24B,43.8491086219602,False,False
ZSCAN29,43.803428197705024,False,False
PDE3A,43.79872658700916,False,False
CALCOCO2,43.79389597092091,False,False
GOLT1B,43.78551765975366,False,False
CCNYL1,43.7834397989262,False,False
ZNF737,43.769473755132125,False,False
RAI2,43.768133209928536,False,False
MTX1,43.7601256179013,False,False
SGK196,43.71876176965996,False,False
RPIA,43.712913111906516,False,False
METTL21B,43.70237981307975,False,False
IQSEC3,43.69933200453849,False,False
TMEM107,43.69344769449416,False,False
TRIM26,43.66473575756512,False,False
ABT1,43.65666282532664,False,False
ATM,43.596633985448754,False,False
TTC13,43.588272618170336,False,False
RBL1,43.52415815465955,False,False
STX2,43.519809170555966,False,False
C1QTNF6,43.50958424687978,False,False
MX1,43.484915827397025,False,False
GTF2B,43.482668171503434,False,False
TSPAN31,43.47809281971201,False,False
TIPIN,43.47309036740709,False,False
ASIC3,43.45783135593221,False,False
AGMAT,43.454336208489785,False,False
ATP5L2,43.453549646746424,True,False
ZNF793,43.442167512369736,False,False
PRICKLE4,43.44009557263338,False,False
GEN1,43.4370254605748,False,False
LIX1,43.415697694494156,True,False
BHMT2,43.412039435730065,False,False
TMEM39B,43.38610713232972,False,False
FAM83G,43.34462881999276,False,False
SPATA13,43.342230055210486,False,False
ATP13A3,43.313342546583854,False,False
RNF152,43.296013369828415,False,False
AGGF1,43.26569656279609,False,False
PDK2,43.21907634487841,False,False
ZSCAN16,43.21301010632698,False,False
PAXIP1,43.17887577639752,False,False
TANK,43.138714092126655,False,False
CNKSR2,43.13543288767238,False,False
EDC3,43.124308603829654,True,False
DCP1A,43.12236983366671,False,False
RAB21,43.07037401422372,False,False
TRAK2,43.00953288182382,False,False
CCDC132,42.98990322782515,False,False
ITM2A,42.96554089904201,True,False
NUP35,42.95748599326245,False,False
CCDC57,42.884902596179714,False,False
ZSCAN2,42.880626955469,False,False
PDGFA,42.87115566316922,False,False
C14orf142,42.85999354610426,False,False
TUBGCP4,42.810615543156594,False,False
PPP2R3B,42.806340272075424,False,False
PLCB3,42.80450408405564,False,False
L3MBTL1,42.80157848720918,False,False
CABLES2,42.79394782374753,False,False
TEX30,42.787645394252024,False,False
C11orf54,42.734890730018364,False,False
ZNF346,42.721372865564796,True,False
LAGE3,42.718466229193716,False,False
FER,42.71080433729866,False,False
ZNF143,42.700892793978305,True,False
SLC7A8,42.70057228948075,False,False
CPEB2,42.681018952287374,False,False
RNASEH2B,42.64947062088407,False,False
MKL2,42.63619707863986,False,False
ZBTB38,42.61556751236973,True,False
NLN,42.60724421108655,False,False
STEAP3,42.58737073902516,False,False
HARS2,42.587117055596494,False,False
MSANTD2,42.58581105379514,False,False
GFOD1,42.57132218128224,False,False
MTMR10,42.54454194067212,False,False
FOPNL,42.536180009591654,False,False
ENTPD4,42.499540824765184,False,False
RRP9,42.47358715654279,False,False
ZNF337,42.471830476307446,False,False
UPF2,42.459664236001444,False,False
PLEKHA8,42.43810298920354,False,False
MPV17L2,42.412317778479604,False,False
SCARF2,42.40185481103274,False,False
DENND1A,42.400031565895816,False,False
ZNF331,42.37569831678188,False,False
HMGN5,42.37141698892281,False,False
TCTN2,42.35529878700682,False,False
INTS12,42.341279086687486,False,False
CCDC125,42.33254712016468,False,False
MRPS14,42.330381913885674,False,False
ALDH1B1,42.32045057140518,False,False
KIAA0664,42.30960130130657,False,False
PPAN,42.29728521423308,False,False
COG8,42.287676539635754,False,False
EFHD2,42.285862179644646,False,False
PPP2R5A,42.263120550701245,False,False
EZH1,42.25237018399598,False,False
KAT7,42.2043752652326,False,False
NR3C1,42.170033945093635,False,False
TCHP,42.16071459042471,False,False
CACNA2D3,42.108914396252246,False,False
NETO1,42.095234513574525,False,False
F2RL2,42.02857091389737,False,False
ME2,42.001510781251824,False,False
DNAAF2,41.9852483518733,False,False
MNT,41.97446916809957,False,False
C17orf56,41.94359623644594,False,False
MPP5,41.88515516487116,False,False
FAM13C,41.884816380671644,False,False
WWP2,41.88321036424887,False,False
LHFPL3,41.84575736393305,False,False
DAND5,41.84016501853996,False,False
STIM2,41.82985739142132,False,False
C19orf25,41.82403233088863,False,False
LYST,41.76700077902937,False,False
C21orf56,41.739136419623115,False,False
SUV39H1,41.7167027523365,False,False
FAM18B2-CDRT4,41.710324755237394,True,False
STK4,41.697267539858,False,False
FABP2,41.65053268531189,False,False
SDK2,41.63928719982221,False,False
SYNJ1,41.63337587640805,False,False
FRYL,41.62903230340035,False,False
HOOK3,41.61035701126434,False,False
C6orf203,41.6085394491818,False,False
PNOC,41.58969333614064,False,False
CRAMP1L,41.58587267022259,False,False
DNAJC14,41.570664930811425,False,False
KBTBD2,41.54450544267817,False,False
FAM123C,41.50963205015733,False,False
LINGO2,41.48359845188382,False,False
LATS1,41.464287008574,False,False
CRLS1,41.45821415412149,False,False
RNF166,41.42626683978431,False,False
CYB5R4,41.416529127042615,False,False
NDFIP2,41.402981877039686,False,False
KBTBD7,41.40102747248248,False,False
NAF1,41.372365933256134,False,False
NAT16,41.367971049584156,False,False
RNF214,41.35791012855154,False,False
NMNAT1,41.3319255974313,False,False
SLC26A10,41.320959123182554,True,False
CCDC77,41.31364478366144,False,False
ZNF410,41.30348825958288,False,False
CENPQ,41.30101455884245,False,False
RAPGEF4,41.28767213917254,False,False
PIK3C3,41.254733156121695,True,False
CCDC50,41.25158376671229,False,False
HDDC3,41.23082322642149,True,False
CHST7,41.20643284556269,False,False
ALMS1,41.19541649588846,True,False
PCNXL3,41.141294094115175,True,False
GPR110,41.13659148272919,False,False
TM2D1,41.130757700810605,False,False
CFH,41.12433175714402,False,False
CECR1,41.11059681837854,False,False
GNB3,41.06363383514054,False,False
SMUG1,41.05789321975412,False,False
ADO,41.04559648384039,False,False
FAHD2B,41.03112243394041,False,False
IFT20,41.015267294218106,False,False
ZNF131,40.99219019311975,False,False
EMR2,40.98578339298875,False,False
SAV1,40.97284571533846,False,False
EEFSEC,40.928604229684986,False,False
DYNC1I1,40.850517245090124,True,False
AFMID,40.840050347405,False,False
FGF17,40.832574170380504,False,False
DAGLA,40.81359912037525,False,False
TNFSF12,40.79748746183808,True,False
HAUS2,40.78609245183702,False,False
XIAP,40.78468352750582,False,False
SNAPC2,40.76872898726182,False,False
UCHL5,40.761355094688334,False,False
FRMD6,40.75147912938204,False,False
IL33,40.73710628487209,True,False
DYDC2,40.73365755459639,False,False
COMMD5,40.719606944005804,False,False
CCDC101,40.699827404054226,False,False
GSTT1,40.69251840837047,False,False
NIP7,40.67666393246073,False,False
MORC4,40.648853678749816,False,False
LRP6,40.647744420465315,False,False
NPY1R,40.64655854826824,True,False
KIAA0141,40.63502569861156,False,False
C20orf4,40.62354106338679,False,False
CPLX4,40.605862760407526,False,False
LPIN1,40.58302731808027,True,False
SLFN12,40.58047401071458,False,False
SLC16A9,40.56892494940988,False,False
BEND3,40.566871015662464,False,False
BBS7,40.55054692599221,True,False
HECA,40.54297162098935,False,False
FUZ,40.51682057058637,False,False
NMD3,40.49866198313273,False,False
XKR5,40.477440689663254,False,False
COQ5,40.47363541717842,False,False
ADAMTS12,40.44942004889404,False,False
RBM33,40.43967305096443,False,False
MUT,40.3804836959446,False,False
SLC45A1,40.36949169912622,False,False
SPHK2,40.352979869226,False,False
BOLA1,40.34275977588284,False,False
PANX2,40.33343265372964,False,False
DGKA,40.28195988642079,False,False
YBEY,40.21027972359663,False,False
CWC22,40.20439932624486,False,False
PSMB2,40.200713738288236,False,False
IMPACT,40.19055936004959,False,False
CCDC75,40.1874100109953,False,False
RCAN3,40.179419178626986,True,False
EML5,40.16996517294218,False,False
SDHAF1,40.1420468148694,False,False
ATP10B,40.11629653940181,False,False
KIAA0319,40.08923499081775,True,False
CHST6,40.05487569217813,False,False
C9orf72,40.04018919476904,False,False
BAHD1,39.978272671977166,False,False
DRP2,39.94869167748652,False,False
EPS15L1,39.943759516206384,False,False
UNK,39.91379960288218,False,False
SACM1L,39.864942370541925,False,False
SEMA3B,39.84968748055351,False,False
EVC,39.84849765004504,False,False
C18orf21,39.81920507421834,False,False
DIXDC1,39.78902736018996,False,False
SCO1,39.781288282977165,False,False
INPP5K,39.7710904147805,False,False
BACE2,39.76649730439462,True,False
ZFYVE21,39.75682710285293,False,False
FBXO34,39.75502743212736,False,False
KRCC1,39.75256559637857,False,False
MYO19,39.74275069422512,False,False
TCTN1,39.74055054684119,False,False
TBR1,39.73109908937782,True,False
GLYCTK,39.69788666467815,False,False
ARHGAP26,39.6935926407458,False,False
ACOT2,39.65350329976254,True,False
PRRX1,39.65247186545951,False,False
MOV10,39.64004259688154,False,False
ZNF232,39.620640283187704,False,False
RNF123,39.61362359839047,False,False
CLK4,39.58404352037057,False,False
RGPD5,39.53196985472155,False,False
TSTD1,39.51044020540174,False,False
APOD,39.47763092957154,True,False
ZFC3H1,39.46463046636487,False,False
OSTM1,39.45861511738077,False,False
GRK6,39.44621731000924,False,False
WDR7,39.42760853247711,False,False
EFNA5,39.42754140728264,False,False
SLCO5A1,39.39683600905358,False,False
AMMECR1L,39.38355144518136,False,False
C1orf204,39.38184151080231,True,False
SLC30A3,39.37346347100864,False,False
PDHA1,39.36210407411306,False,False
FOXB1,39.35558261863822,False,False
TLN2,39.35053692260004,True,False
CLMP,39.34424963154016,True,False
APOO,39.32797214969996,False,False
MAGEA10,39.31716800832837,False,False
LYRM1,39.31067525295061,False,False
LILRA6,39.31058190277339,False,False
MTMR14,39.29308807242868,False,False
TYK2,39.24101351721234,False,False
ADRA1A,39.23927741867565,False,False
PCDH7,39.230430441216036,False,False
PIGX,39.2076719865249,False,False
SMYD4,39.195789517610045,False,False
VPS13C,39.19232636183925,False,False
POMZP3,39.16830358985156,False,False
BMPR1A,39.14601065667731,False,False
ANKRD40,39.141629861038005,False,False
ZNF527,39.13003822624605,False,False
SDAD1,39.11710264238341,False,False
MARK2,39.08547332467745,False,False
SLC35A2,39.02969703945445,False,False
F2RL1,38.91011349030892,False,False
TMEM63C,38.90919142658291,True,False
LTBR,38.90200932495818,False,False
C14orf80,38.898589063176246,False,False
ARMC9,38.88676688072429,False,False
OCEL1,38.87288521189365,True,False
GRIN3A,38.87059460995895,False,False
LOC388849,38.860490519469884,False,False
MYO1C,38.83803456972079,False,False
PGS1,38.828102837140754,False,False
C1orf226,38.82526912306559,False,False
ADAMTS3,38.79263709454796,False,False
COG6,38.78060810904073,False,False
ZNF517,38.77340214759448,False,False
ZNF133,38.7499368471535,False,False
C14orf109,38.743352504942045,False,False
FAM178A,38.74332737247196,False,False
LYAR,38.74099932390544,False,False
DISC1,38.71956080113697,False,False
ZMAT4,38.69882816729247,False,False
OSBP2,38.6822210180019,False,False
GPD1L,38.6821018001895,True,False
TAF12,38.660713659332565,False,False
ZNF330,38.655154680609655,False,False
ZNF335,38.64721366985999,False,False
MBNL1,38.63330169783953,False,False
SYT16,38.62927718473289,False,False
UGT3A1,38.61995904832086,False,False
KIF14,38.611188642079284,False,False
DOK3,38.594216443836196,False,False
C15orf61,38.57662598694599,False,False
C11orf63,38.57309044753248,False,False
SLITRK3,38.54341326747845,False,False
UTP20,38.52895061702401,False,False
PPIL3,38.47933963165713,False,False
TMEM38A,38.478754449006324,False,False
ZNRF3,38.469388819875775,False,False
GPN3,38.44472125779322,False,False
TBC1D30,38.43893333099391,False,False
MGP,38.42522837784094,False,False
RHBDF1,38.3997325660011,False,False
HIST1H4J,38.390201139886074,False,False
ASB6,38.386670702179174,False,False
ATXN2,38.38354261442725,False,False
ATL2,38.379127802926625,False,False
SLC12A7,38.37590005029769,False,False
CASP7,38.36894950813536,False,False
C1orf229,38.36853900936943,False,False
CUL2,38.36697526055374,False,False
DHX16,38.352263543530896,False,False
ZNF558,38.35108670912728,False,False
EXOC3L2,38.347340017662674,False,False
CNPY4,38.32519063585641,False,False
MYO5B,38.297499589430466,True,False
GTF2IRD1,38.28944708390357,False,False
RGAG4,38.289272185961096,False,False
RPAP1,38.27871519107275,False,False
FBXL12,38.2376127200524,False,False
CCDC25,38.21467415809851,False,False
MAP3K4,38.21026973658046,False,False
MTERFD2,38.18425958989835,False,False
CCNE1,38.177666678363806,False,False
AIMP1,38.162038710507545,False,False
DBF4B,38.154663167467916,False,False
SLITRK1,38.152165608075705,False,False
NR2C2AP,38.14436319905019,False,False
CACNA1B,38.116194523400125,False,False
EEF2K,38.1134680755869,False,False
NBPF24,38.110093567743974,False,False
HOXA3,38.10563994104642,False,False
TIMM22,38.104907258658805,False,False
LRRC49,38.10041698014996,False,False
POMT2,38.095868283795966,False,False
NR4A2,38.07317664607971,True,False
ABCG1,38.070937367091275,False,False
FAM174A,38.06288673661555,False,False
SYAP1,38.062162806026365,False,False
GRPEL1,38.05247774619551,False,False
MKRN2,38.03177459849575,False,False
ARID5B,38.02827009626744,False,False
PTPRE,38.01366186440678,True,False
PHF17,37.995451539928176,False,False
HDHD1,37.99401385935362,False,False
RSRC1,37.9917078271397,False,False
ZNF367,37.984901046893825,False,False
CDH10,37.96163107286147,False,False
IFNGR1,37.95850442970605,False,False
TBX1,37.92255017311763,False,False
ARHGEF33,37.874757900246806,False,False
POLR3D,37.87192707127066,False,False
POLR2J2,37.86953246774514,False,False
ZNF714,37.86521358564058,False,False
MCCC2,37.86494707337614,False,False
ARHGAP39,37.85276221181177,False,False
HDAC9,37.84854273549262,False,False
SLC35B4,37.84642364459417,False,False
CD34,37.82526282766606,False,False
C1orf50,37.824417929372686,False,False
BICD2,37.752878766185916,False,False
AFF1,37.75215761659123,False,False
FAM82B,37.737987320887584,False,False
IGFL3,37.734602383876684,False,False
CRBN,37.730934950462625,False,False
TBL3,37.720514929056854,False,False
ZNF641,37.718589828169044,False,False
SLFN5,37.712185872197075,False,False
PPP1R21,37.70919940637025,False,False
PAQR8,37.704964564691025,False,False
FAM189A2,37.68224813664596,False,False
RPS6KC1,37.681549089377825,False,False
LSM12,37.63813628569089,False,False
DDX26B,37.630346399036156,False,False
C8orf80,37.62481573089564,False,False
AXIN1,37.62251881543086,False,False
POLD4,37.60689942099168,False,False
CCNC,37.60538271864874,False,False
DHX33,37.6032155484203,False,False
C6orf211,37.58328051666257,False,False
CPLX3,37.57116242236024,True,False
C17orf100,37.556531358856496,False,False
GEMIN2,37.54918509316771,False,False
GABRA1,37.54785937993473,True,False
MED30,37.54606342889895,False,False
MAGEL2,37.54305368986209,False,False
CBFB,37.53961234340457,False,False
ZPBP2,37.52515178439836,False,False
RBMX2,37.50357946742932,False,False
PPP2R2A,37.50159971692927,False,False
BHLHE41,37.49915809675873,True,False
FAM103A1,37.47728103601549,False,False
PDF,37.41645078429308,True,False
CCBL2,37.4100997368144,False,False
UBAC2,37.40584307821876,False,False
PTCHD4,37.37816254108619,False,False
ZNF623,37.37410313834205,False,False
C3orf38,37.35531304640254,False,False
RPS6KA4,37.34616230071001,False,False
GLI4,37.31457981307974,False,False
APOC1,37.29794478483115,True,False
PRR3,37.292315953726124,False,False
PKD2,37.27751001450445,False,False
U2AF1L4,37.27625986419623,True,False
METTL2A,37.27254330397352,False,False
TAP2,37.26024248458902,False,False
SRSF8,37.22442139464973,False,False
RTN4RL1,37.219660680071584,False,False
ZNF248,37.20564391631868,False,False
MUL1,37.18338167117007,False,False
TMEM176A,37.18288634593115,False,False
SETD1A,37.12964691487993,True,False
WDR92,37.124768413634186,False,False
EFNA1,37.062942300359104,False,False
MSRB1,37.04031833116937,False,False
ZNF224,37.01457648173492,False,False
C6orf136,36.985478825256465,True,False
LYSMD1,36.95021665204524,False,False
TMEM50B,36.915046793814554,False,False
ARHGAP11B,36.89470110128552,False,False
MECR,36.88934995262658,False,False
TUBA8,36.87904146225919,False,False
AGA,36.8600874671018,False,False
POU2F2,36.839675393316256,False,False
PDZD2,36.81204878700682,True,False
TARS2,36.81112622907675,False,False
PEX6,36.80932857084371,True,False
GPR89A,36.79647041267502,False,False
GPR75-ASB3,36.79396053912108,False,False
MESDC2,36.7815107748184,False,False
ZFYVE19,36.77254704471816,False,False
ACAD9,36.76349740966885,False,False
PSEN1,36.72307733971997,False,False
HOXA7,36.70541753868829,False,False
PMF1-BGLAP,36.70131227614603,False,False
CCDC140,36.69101436466997,False,False
EXOG,36.69025327168942,True,False
RNF125,36.67938918248705,False,False
GTF2H5,36.67562091272765,False,False
MRPL44,36.671924256354465,False,False
FBLN7,36.65733547215496,False,False
AHR,36.65676448047163,False,False
ANAPC16,36.65538204021476,False,False
ANKRD20A3,36.644761523435236,False,False
DHRS4,36.62609936075143,False,False
PLEKHH3,36.584335443496975,False,False
SHPRH,36.580988626288146,False,False
CXorf57,36.558774849399356,False,False
DSCR3,36.55391618065059,False,False
TTC5,36.53350143816308,False,False
SIKE1,36.52032414464681,False,False
LRTOMT,36.518688047279824,True,False
ZFYVE1,36.516109481114974,False,False
C1orf109,36.51076722228071,False,False
TAF5L,36.474363551718895,False,False
GOPC,36.460180702647065,False,False
AKAP8,36.4576889198863,False,False
TOM1L1,36.449829250447415,False,False
ZGLP1,36.427392416160764,False,False
ZNF266,36.41229865365945,False,False
C11orf30,36.40141384999591,False,False
MSL2,36.39696833350879,False,False
MTMR3,36.39189976781182,False,False
GALNT7,36.38025743762501,False,False
ALS2,36.37870407411307,False,False
ANKRD36B,36.35202417564422,False,False
KIAA0020,36.32718985624218,False,False
INTS10,36.3178135692646,False,False
BCAS4,36.29794608847715,False,False
PDE1A,36.27846217964464,True,False
NANOS3,36.23220145570879,True,False
CCHCR1,36.22839805359629,False,False
DEPDC1,36.212774360458994,False,False
SEC24A,36.19112468271514,False,False
PDPR,36.19066512264448,False,False
YIPF1,36.1758529435847,False,False
AFTPH,36.166636850662634,False,False
CCDC103,36.156297736603854,True,False
CLUL1,36.136930943023245,False,False
BCL2L2,36.123927763741214,False,False
BRE,36.11221250657964,False,False
FAM102A,36.10964332678294,False,False
APOBEC3F,36.10484124937128,False,False
NME7,36.08212642500381,False,False
NSRP1,36.06153568270344,False,False
ZNF704,36.054377897088585,True,False
CINP,36.04228338187645,False,False
L3MBTL2,36.038538052543544,False,False
TARBP1,36.02489849925723,False,False
ANGPT1,36.00334740791429,False,False
MAVS,35.99316034436374,False,False
UBR2,35.95901812822403,False,False
DRG2,35.940350921149594,False,False
TOR1AIP1,35.93558343977728,False,False
TMED8,35.917923173784374,False,False
GTF2H1,35.91307611853879,False,False
TTC38,35.90582281234282,True,False
DDX20,35.891516033266655,False,False
VPS4B,35.88793805429812,False,False
PANK4,35.872976926811006,False,False
ING2,35.86584793954919,False,False
NBAS,35.84612809535507,False,False
LOC730183,35.830245394252024,False,False
DHX32,35.82414892386333,False,False
AGAP6,35.8185058900937,False,False
CCNA1,35.8024444286533,False,False
EMID1,35.80163049034402,False,False
FAM131C,35.80023697523716,True,False
RAD17,35.78421928624066,False,False
CDC73,35.78118165186979,False,False
PSMD9,35.77706736440093,False,False
GUCY1A3,35.75877808482765,True,False
FUCA1,35.757143178229285,True,False
URB2,35.753090098957784,False,False
TBC1D12,35.73784169854137,False,False
HTT,35.73247704436724,True,False
SLC39A14,35.72984833783673,False,False
FHL3,35.72936136435414,True,False
LOC100506422,35.721556903650665,False,False
EIF2B5,35.69549841035898,False,False
NFS1,35.668387498099214,False,False
DUSP18,35.63931060404019,False,False
FAM184B,35.62504943268882,True,False
MMAA,35.60741740300149,False,False
PPRC1,35.601450829327064,False,False
KIAA1586,35.58601859669439,False,False
PQLC2,35.569246515422684,False,False
TFAP4,35.56112506345697,False,False
PPP1R17,35.558590607198425,True,False
APEX2,35.55665634745178,False,False
CAMKK1,35.55656806505948,False,False
POLRMT,35.53683552420722,False,False
CALCRL,35.53110783181856,False,False
SAP25,35.50378716648536,False,False
APITD1,35.49925734229334,True,False
SHISA2,35.45999406253289,True,False
EXOSC5,35.45201774923677,False,False
XKR7,35.446907258658804,False,False
HPS1,35.43157049280041,False,False
YTHDC2,35.4130612117065,False,False
CLVS1,35.412806628183084,True,False
REEP3,35.3947687715666,False,False
TINAGL1,35.36878741212524,False,False
DCUN1D1,35.360232799359004,False,False
MAN1C1,35.352916201705455,False,False
DSCR6,35.34393098747236,False,False
SLC30A5,35.34310574270976,False,False
ZNF189,35.33726346399036,False,False
RAB11FIP5,35.33693216128013,False,False
TFR2,35.31630774759917,False,False
ESF1,35.31330834590776,False,False
PI4K2A,35.29460459522055,False,False
SNX21,35.29332664783428,False,False
FAHD2A,35.22636888385912,False,False
C1orf51,35.221050604742025,False,False
RNASE4,35.21560272601794,True,False
ZNF276,35.206532453708576,False,False
ALG1,35.20596957165082,False,False
MYL5,35.199591372776084,False,False
METTL8,35.187542403878766,False,False
C5orf60,35.18733401410676,False,False
RIC3,35.18612490730018,False,False
APOBEC3D,35.17575071586483,False,False
ADM2,35.16735822308781,False,False
LPCAT3,35.16270077844452,False,False
PLCB4,35.16247639868524,False,False
C14orf105,35.14751695734054,False,False
PINX1,35.13864538489432,False,False
YIPF4,35.125359965376475,True,False
TSC1,35.1165709542525,False,False
ARMC10,35.10644330982208,False,False
ZNF771,35.09554552876911,True,False
SYVN1,35.086092786375175,False,False
FOXJ3,35.064393646114794,False,False
NPRL2,35.06431980676329,False,False
RUFY1,35.05896364295657,False,False
ARL9,35.05136239896598,False,False
CSTF1,35.05127682680048,False,False
C2orf69,35.04933348773555,False,False
NAIP,35.02901101168544,False,False
ZNF687,35.025789349171255,False,False
PXK,35.01870294241499,False,False
RHOBTB1,35.01583583827537,False,False
NTNG1,34.9933401463312,False,False
TGFBRAP1,34.988466571334996,False,False
MTIF2,34.976933666116906,False,False
SSR1,34.976018818940005,False,False
LOXL3,34.957053063480366,False,False
ZNF835,34.92662505292954,False,False
XYLT2,34.91023278005873,True,False
FLRT2,34.90319180732475,True,False
GTPBP8,34.89112789708858,False,False
SPATA18,34.88967051794926,False,False
OSBPL11,34.88724866301716,False,False
DGCR14,34.88687717128119,False,False
KIAA1257,34.88292194558492,False,False
VPRBP,34.87564002994468,False,False
C16orf55,34.86644698330819,False,False
PLEKHA1,34.849852985694405,False,False
BTN2A1,34.82500934425846,False,False
IL10,34.80331344644465,False,False
FOXJ2,34.79628976208022,False,False
ZBTB39,34.79297957270356,False,False
IDUA,34.787632427390015,False,False
AMBRA1,34.75861956287797,False,False
FBXO9,34.74552963235896,False,False
LRRC37A3,34.723783404685875,False,False
CDC42EP2,34.696906979682076,True,False
CRTC2,34.665148020259444,True,False
TGIF2-C20ORF24,34.654799808166935,False,False
TMEM192,34.64267433355557,False,False
UTP3,34.624185848802796,False,False
TCEA3,34.62275860207507,False,False
DPH2,34.60893562421776,False,False
B9D2,34.606092114959466,False,False
SP4,34.606073844615224,True,False
CA4,34.58662115778269,False,False
TTC28,34.552558227181805,False,False
SLC4A4,34.5254510118024,False,False
TSFM,34.52237619866418,False,False
ATG16L1,34.51939538489432,False,False
CASP8AP2,34.51876093389948,False,False
PIM2,34.49181912306559,False,False
RG9MTD1,34.420866383595936,False,False
GPR124,34.41843813032951,True,False
PIGM,34.417286409095695,False,False
ZNF660,34.408448362985574,False,False
SLC8A3,34.40603965095741,False,False
MBD4,34.398292709174065,False,False
ZFAND1,34.37373435098432,False,False
NOL9,34.35722360248447,False,False
TPRA1,34.3130705390041,False,False
CLCC1,34.30393669275128,False,False
OAS3,34.289725526663624,False,False
ANKS3,34.28708169047034,False,False
SCRN2,34.28223781041279,False,False
BRPF1,34.26384633762619,False,False
OSBP,34.24369803137172,False,False
TMEM140,34.24138407142272,True,False
ATAD5,34.23335047665836,False,False
LRBA,34.230160330327166,True,False
GNAT1,34.208064157045776,False,False
EOMES,34.19109562702508,True,False
PDE4A,34.16851744686575,False,False
KCNAB3,34.16590856405937,False,False
SYNE1,34.16314839222842,False,False
HEATR6,34.138964576388155,False,False
PALM3,34.136993582950254,True,False
ZNF253,34.122063637692854,False,False
NUB1,34.121806274344664,False,False
RNF113A,34.121199457252814,False,False
GABRG3,34.11179745528769,False,False
ATP11C,34.1111553175188,False,False
GAL3ST3,34.09570577019803,False,False
EN1,34.03898139277818,False,False
SEMA3D,34.03221553438374,False,False
FXN,34.01028974044051,False,False
NAA16,34.00212523014118,False,False
C8orf42,33.97941429390228,True,False
SLC35C1,33.967051404826236,False,False
C9orf114,33.96238715654279,False,False
BAG1,33.95124055163702,False,False
MATK,33.949338264846595,True,False
XKR8,33.94773717701278,False,False
LRRC58,33.940839747458796,False,False
ICOSLG,33.94074587324982,False,False
ENOSF1,33.940340904305714,False,False
COL24A1,33.928522515820376,False,False
MTCP1NB,33.92499951339907,False,False
FAP,33.92050652817256,False,False
FCAR,33.918404248985276,False,False
MAP4K3,33.913502864629024,False,False
PRDM4,33.89449308348247,False,False
FBXW2,33.88027486694506,False,False
IAH1,33.83125923196594,False,False
RSBN1,33.83109758688049,False,False
SOLH,33.82457087178768,False,False
SLC39A9,33.806600446830664,False,False
GNPNAT1,33.80389773660386,False,False
KPNA4,33.795635868103076,False,False
CMC1,33.79069211262004,False,False
PROS1,33.78250334011767,False,False
LSG1,33.771073481419094,False,False
STK16,33.7123455574271,False,False
NR4A3,33.69054770268215,False,False
AHCTF1,33.68828738229755,False,False
PCGF6,33.684700415248386,False,False
ABCB7,33.683063693839124,False,False
GLA,33.664496658712615,False,False
PARP9,33.641156196558704,False,False
ACN9,33.636755790083164,False,False
LRRC14,33.61167591442374,False,False
SLC25A42,33.601101089588376,True,False
GSTZ1,33.56935146448164,False,False
TUSC1,33.54638856487818,False,False
C12orf52,33.518584913616635,False,False
ZSWIM7,33.47387951304815,False,False
HDHD3,33.47270138201682,False,False
RINL,33.44452335625972,False,False
FAS,33.414983729281445,False,False
MYO9A,33.4065310711069,True,False
MEGF11,33.40078213437671,False,False
ZNF282,33.397201071457815,True,False
BACH1,33.383473282567756,True,False
MESDC1,33.36738923863331,False,False
ZNF561,33.35770041524839,False,False
ERI2,33.34201553613831,False,False
ATXN7L2,33.3367135096092,False,False
FAM90A1,33.33132965165924,False,False
SEMA5A,33.3270278181329,False,False
DHX29,33.32183427319835,False,False
UNC5B,33.32051839140962,True,False
ZNF850,33.31474180440046,False,False
TTBK2,33.30425184697804,False,False
BDNF,33.29764910458411,False,False
LRRC3,33.28565610181188,False,False
RAPGEFL1,33.28088030611409,False,False
LRRC37B,33.27446567007053,False,False
ZBTB46,33.272221317448626,False,False
ARMCX5-GPRASP2,33.2665725263478,False,False
GNG8,33.26307927676597,True,False
ASB13,33.25965335766338,False,False
SWSAP1,33.25068713665767,False,False
RNF31,33.24630973552772,False,False
ANKS4B,33.237948539612354,False,False
ZNF217,33.237072459674124,False,False
MED11,33.23310155922846,False,False
IKBKB,33.21178245195401,True,False
STAM,33.18557899252553,False,False
PAWR,33.164697886912066,False,False
FAXC,33.157891362248655,False,False
RAD54B,33.15458419307296,False,False
WRN,33.15053481185154,False,False
FAM172A,33.15041529108327,False,False
COIL,33.14812264916775,False,False
FMOD,33.146922450901265,False,False
N4BP2,33.13091721701699,False,False
SLC9A1,33.119941891544144,False,False
SFXN2,33.104538693546694,False,False
C17orf108,33.10109870103285,False,False
ZNF23,33.09637916096431,False,False
BTN2A2,33.095243307482654,False,False
TTC31,33.094579481465885,False,False
KAT2B,33.087738375384546,False,False
VAMP7,33.0876466534489,False,False
PIK3C2A,33.08472918318888,False,False
FAM211A,33.07902784445146,False,False
KIAA1755,33.06422712858663,False,False
GTF2IRD2B,33.04588378893684,False,False
TOX4,33.042299797639515,False,False
USP9Y,33.02738743551953,True,False
AATK,33.02577789708859,False,False
FAM43B,33.010022440373845,False,False
DSTYK,33.00512106303587,False,False
MRPL35,33.00096517996046,False,False
DLAT,32.99644979763952,False,False
PTCH2,32.99167165491104,False,False
MMP11,32.98152612146308,False,False
CNTN5,32.94296020633751,False,False
KIAA1009,32.913003731971784,False,False
TNRC6C,32.88284394146753,False,False
TDRKH,32.85113186241826,False,False
CRNKL1,32.836827560795875,False,False
ANAPC4,32.836189767343924,False,False
TSC22D2,32.81183005053163,False,False
BAG5,32.811459272321066,False,False
RASGRF1,32.81017706893123,True,False
MED19,32.792524902036476,False,False
TAF1A,32.777405747973475,False,False
B9D1,32.764520740194875,False,False
ANK1,32.76020723175539,False,False
TLK2,32.75700772712917,False,False
ZNF667,32.75606334292498,True,False
KRT222,32.7468879513633,True,False
GTPBP3,32.74386714390989,False,False
C18orf8,32.7206541156379,True,False
CYP2D6,32.714047369313725,False,False
BEST1,32.708659253020784,True,False
MKNK1,32.70769898878244,False,False
PARD3B,32.70010197389198,False,False
IPO11,32.696164176346045,False,False
KLF3,32.692967217601854,False,False
HPS4,32.687181139535156,False,False
ARHGEF10,32.65609591477465,False,False
IBTK,32.653411138014526,False,False
ANKRD6,32.64476582798189,False,False
DYNC2LI1,32.62681465885298,False,False
ADPGK,32.598841938917545,False,False
HAPLN1,32.59720226982957,False,False
NKD2,32.578301824168626,True,False
MYO1E,32.56597562842873,False,False
ATG12,32.564694484799574,False,False
SOS1,32.539841146436466,False,False
FAF1,32.534798378776706,False,False
PDE10A,32.529488456679644,False,False
CENPC1,32.525982290533506,False,False
KIAA0146,32.524654658385096,False,False
LMTK2,32.523752580388575,False,False
DHX35,32.52067729761028,False,False
EIF4EBP3,32.518204505737444,False,False
SAP130,32.509394158449425,False,False
GCM1,32.50413064123709,False,False
SLC7A6OS,32.492042647764094,False,False
UBA6,32.46881779661017,False,False
TTLL4,32.46693186651226,False,False
PUSL1,32.46625344188278,False,False
COCH,32.454333745072574,False,False
ADAMTS14,32.43779438127989,False,False
C2orf40,32.42758584704823,True,False
C1orf194,32.4031070755986,False,False
CHUK,32.400723318244026,False,False
ALDH4A1,32.39162428618217,False,False
ZNF514,32.36037031792821,False,False
SLC35F3,32.35076011100584,False,False
IFT57,32.34910592693967,False,False
ZNF280D,32.341503089214065,False,False
C5orf4,32.34092764618497,False,False
PKDCC,32.339578297715555,False,False
DFNB31,32.27870953024295,False,False
ALG3,32.27380898106233,False,False
LARS2,32.26160661590109,False,False
VRK3,32.25400908633657,False,False
FBXW7,32.248997792165255,False,False
AIFM1,32.21625380683347,False,False
MIER2,32.18589651542268,False,False
PIGH,32.17340362435812,False,False
SCLY,32.1665853224316,False,False
MST4,32.15907423529962,False,False
FAM58A,32.13592672503538,False,False
CSGALNACT2,32.120165370038954,False,False
WWC2,32.10188344036214,False,False
RAB26,32.07410800201191,True,False
ESRRG,32.072153157642326,False,False
WIPI2,32.01515691242353,False,False
ARHGAP32,32.00856611339205,False,False
DDX55,32.000677945046846,False,False
NAA30,31.996367159701016,False,False
C9orf46,31.985591159888177,False,False
DAGLB,31.9798645500696,False,False
INHBB,31.945144288872513,False,False
ALG5,31.900223654536735,False,False
HIPK3,31.878564651834694,False,False
PCNXL2,31.872883924623647,False,False
DNAJC2,31.846348141909676,False,False
KIF24,31.84255741773988,False,False
FAIM,31.81564445672644,False,False
IDE,31.81400162414757,False,False
ANXA4,31.805688208700328,False,False
ALG10B,31.804180655858517,False,False
LRRC73,31.773216173047455,False,False
SLC25A37,31.754575874068617,False,False
FAM134C,31.72337914634289,False,False
ZNF334,31.72191055900621,False,False
TRIT1,31.71367158238879,False,False
XPO4,31.70356262764502,False,False
GPR155,31.700607477395284,False,False
PAK1IP1,31.695153199752028,False,False
GSDMB,31.691726354820972,False,False
MED9,31.665708603829643,False,False
LRRC57,31.664916220420864,False,False
ZBTB1,31.6400547478682,False,False
C8orf58,31.633363032950832,False,False
INPP1,31.632494428653313,True,False
CALN1,31.599110898808068,True,False
CTU2,31.580871708717876,False,False
SPIB,31.576018306605373,False,False
ZNF518B,31.551640479114763,False,False
DPH3P1,31.548273102431843,False,False
DYNLT3,31.525669123065583,False,False
ACOT1,31.523404075282773,False,False
RAB22A,31.514954512170874,False,False
EIF2B3,31.49659296768081,False,False
RAD50,31.48809620486367,False,False
KRT7,31.470172818191386,False,False
GLMN,31.457921849668388,False,False
ZNF92,31.45786998397492,False,False
ZNF451,31.44823809348353,False,False
C19orf55,31.441117170228445,False,False
AGER,31.432524135289093,False,False
CAV2,31.430271949678914,False,False
NIPAL3,31.429576414476376,False,False
SNX9,31.416710390567427,False,False
IRAK4,31.40588893567744,False,False
STK10,31.402311043267705,False,False
BMP5,31.383736290954605,False,False
PCSK5,31.38081715970102,False,False
ZDHHC5,31.3578142570563,False,False
C3orf23,31.353011816448518,False,False
ALDH1L2,31.334785835351095,True,False
MNAT1,31.286077584775008,False,False
ZC3HC1,31.265375934308878,False,False
SPDYE5,31.260475844825773,False,False
LOC100505679,31.256725470517363,False,False
BCL6,31.25390299797639,False,False
MRPS25,31.253733359067038,False,False
KIAA1530,31.23518313799113,False,False
TBC1D20,31.223351600168442,False,False
PHF13,31.220384593115067,False,False
ATP6V0D2,31.21695204232024,False,False
MDM1,31.210311523435212,False,False
ZNF516,31.209064818518907,False,False
MBD2,31.194369702073903,False,False
SNX8,31.177581144798868,False,False
AKAP10,31.15169640605444,True,False
MED23,31.145968111848028,False,False
UTP14A,31.143863218350468,False,False
SUOX,31.115601555719316,False,False
RBM48,31.095323033418726,False,False
NNMT,31.094454431460623,False,False
HERPUD2,31.068143858417844,False,False
NIT2,31.02993174544689,False,False
PPOX,31.015083108748293,False,False
ATF7,31.01254352855856,False,False
C9orf82,30.988463758758236,False,False
DSG2,30.984459590483198,False,False
SP5,30.976190341088532,True,False
C2orf74,30.948898584061478,False,False
FAM114A2,30.94573035582693,False,False
ERI1,30.934172717596006,False,False
NOP16,30.930034097741284,False,False
NHSL1,30.91594740966885,False,False
LRRC8B,30.915598922108764,False,False
AP4M1,30.906827834508896,False,False
C6orf106,30.9049687715666,False,False
CTPS2,30.900226976523847,False,False
ARHGAP20,30.87998370881145,False,False
SLC25A17,30.87568608391527,False,False
CLN8,30.854348357137006,False,False
SEC31B,30.851867796610172,False,False
SLC16A6,30.823523842275794,False,False
TFIP11,30.81435810085272,False,False
STAC,30.795472623434048,False,False
TMEM150A,30.787418145184876,False,False
KLHL18,30.78454672187716,False,False
COL4A5,30.770561228667344,False,False
SPRYD7,30.761946083213438,True,False
JAGN1,30.760042196839436,False,False
SGK494,30.75252272636886,False,False
LY6G5C,30.75100168438783,False,False
BOD1L,30.73801792059983,True,False
EPB41L4B,30.716332624486792,False,False
TUBE1,30.71481974535331,False,False
RNASET2,30.710294367828194,False,False
ZBTB9,30.699859777637407,False,False
TIMP4,30.69690153115533,True,False
TTC9C,30.69265379104233,False,False
SYT15,30.676516346749956,False,False
SFT2D2,30.669583588915796,False,False
FAM173B,30.641228651553963,False,False
MTMR11,30.583846499046686,False,False
DNAJC19,30.5662654805769,False,False
CSPG4,30.54642140166801,False,False
C6orf225,30.545379005977235,False,False
HIC2,30.530394614637796,False,False
TEX9,30.506932882408673,False,False
THUMPD3,30.49428318360997,False,False
FAM203A,30.493262360365414,False,False
SPRED1,30.486901613620145,False,False
MSL3,30.462566759658912,False,False
SOX13,30.447315144869048,False,False
NOC3L,30.435994173070853,False,False
IBA57,30.42155953550667,False,False
MEF2D,30.42066086722579,False,False
KIAA2013,30.415463906727027,False,False
F11R,30.40291577651448,False,False
POLR2M,30.39611033032717,False,False
TBL1X,30.394398811570806,False,False
DUSP15,30.373693783556167,False,False
REXO1,30.37175351089588,False,False
MCOLN2,30.365116159595736,False,False
LMCD1,30.336190951094274,False,False
ATAD2B,30.333791609058263,False,False
VPS33B,30.33148740393726,False,False
RPAP3,30.328144060193473,False,False
IQSEC2,30.32759459182838,False,False
XYLT1,30.32704846416582,False,False
UQCC,30.287222149699968,False,False
DIS3L2,30.266672026295165,False,False
MTMR1,30.253312096010102,False,False
RAB3IL1,30.24001179597853,True,False
TRMT2A,30.192916564901566,False,False
ATG13,30.188984731141286,False,False
SMURF1,30.181343414511467,False,False
TEKT2,30.139384319402037,False,False
MYO6,30.1316050069598,False,False
LRRTM4,30.124367950427533,False,False
ZDHHC7,30.115276805745633,False,False
PAMR1,30.113718036401494,False,False
EME2,30.111624533576634,False,False
SLC6A6,30.079987224971045,True,False
PHF21A,30.07883209226702,False,False
PIGG,30.070760033804728,False,False
ZNF8,30.069239950988987,False,False
STX3,30.04962164964733,False,False
GALNS,30.040468045174347,False,False
PRPS2,30.036491354645513,False,False
STK11IP,30.030672228070788,False,False
RNF182,30.03016694388883,True,False
PRMT7,30.012333087693438,False,False
FUT3,30.000660200488937,False,False
DNAJC3,29.998213114830804,False,False
PRRG4,29.988387982945575,False,False
SIGLEC9,29.95477876560109,False,False
JMJD7-PLA2G4B,29.95427077528629,False,False
WDR86,29.916669134762728,False,False
SNX18,29.912118387315623,False,False
RBM19,29.886398462996105,False,False
TCF7L2,29.854162146307797,True,False
KLF8,29.845776135499644,False,False
DDN,29.806192209706285,True,False
SPRED3,29.803047827256666,False,False
RCOR1,29.799110675977587,True,False
PIM1,29.77649702366331,False,False
HTRA2,29.767407142272283,False,False
DOCK9,29.766197948322045,True,False
COG5,29.765374463393808,False,False
TCIRG1,29.744106415880033,False,False
GRM4,29.739890159782902,False,False
TSPY1,29.739424154589358,False,False
FAM149A,29.728006782585297,False,False
CNNM3,29.72604298990537,False,False
EIF2A,29.70661215858979,False,False
TPRN,29.69068111321659,True,False
PRKCA,29.633344111076017,False,False
ZZZ3,29.632979034635227,False,False
OLFML2B,29.623904259512692,False,False
TADA2A,29.614631819138857,False,False
ANKH,29.606092545998987,True,False
TRMU,29.582975335415426,False,False
SPIN2B,29.544964375197388,False,False
LOC100287482,29.52880051525891,False,False
EGFL8,29.520128287188125,False,False
PELO,29.51437276672398,False,False
PLCH2,29.476348476447814,False,False
DDX51,29.46686474892094,False,False
FGF12,29.459036893357197,False,False
PLAC8,29.453055938636815,False,False
PM20D2,29.437016980149956,False,False
DTX3L,29.42098976734394,False,False
EID2B,29.408430441216034,False,False
UMPS,29.400237173503644,False,False
PALM2,29.38159303084535,True,False
NOL10,29.37787181399212,False,False
CDKN2C,29.371806321133217,False,False
ATRNL1,29.35283112198945,False,False
INTS4,29.329095748090445,False,False
RAB3D,29.291619745353312,False,False
ST8SIA4,29.291399605221603,False,False
SLC38A6,29.28047121217438,False,False
HEXIM2,29.264850008188,False,False
RNF216,29.2447935782714,False,False
FAM206A,29.233335118901405,False,False
PCNX,29.222669113707873,False,False
COG1,29.13263759284603,False,False
FAM91A1,29.115523287831472,False,False
CASKIN2,29.101640912493718,False,False
ANO10,29.08349888350821,False,False
ZC3H3,29.0809752868723,False,False
MYBBP1A,29.064756236913823,False,False
PTPN2,29.05554814190967,True,False
SHQ1,29.04739373735247,False,False
SGTB,29.03233262039279,False,False
FUNDC1,29.00457033371934,False,False
CDR2,28.99551673801921,False,False
RSBN1L,28.981346656958042,False,False
C17orf59,28.9799535418933,False,False
MRPL2,28.960106610637375,False,False
ZNF865,28.957514893965445,False,False
LRPAP1,28.934713202559326,False,False
RP2,28.914854721549634,False,False
WDR12,28.909784836415525,False,False
PTRH1,28.89099874197284,False,False
KRT10,28.8805308798587,False,False
TNFAIP8L1,28.861008743025575,False,False
RNF180,28.85395673228761,False,False
WDR70,28.84976452550561,False,False
ENTPD3,28.827740524733603,False,False
C14orf119,28.827219943619802,False,False
STX18,28.81862021733282,False,False
CEP63,28.802288215718615,True,False
C2CD3,28.778959195704815,False,False
MGST2,28.775000671415707,False,False
GPCPD1,28.771852831292183,False,False
PCDHB14,28.743125624919582,False,False
C21orf62,28.73184948357137,False,False
NFKB2,28.72149688505223,False,False
IFRD2,28.707779350457947,False,False
RUNDC1,28.705231987577637,False,False
RPRD2,28.700067766197616,False,False
GEMIN5,28.697357431776442,False,False
FAM18A,28.691350947468155,False,False
GPR108,28.689455292954815,False,False
MCU,28.680972865564797,False,False
SLC25A15,28.679728055584796,False,False
TGS1,28.667347120164692,False,False
SUMF1,28.665052831292186,False,False
SPEF1,28.643657975693348,False,False
PHF16,28.626616427460196,False,False
OPRM1,28.620233929302504,False,False
MINPP1,28.602835524792088,False,False
PECAM1,28.59470254178802,False,False
IL31RA,28.58758987027874,False,False
BRMS1L,28.575722812927676,True,False
TIMM9,28.551106248026112,False,False
ZCCHC7,28.492510675977588,False,False
C15orf29,28.48305398053596,False,False
SYDE1,28.48152431951901,False,False
DNAJC21,28.48062329660432,False,False
NBPF14,28.478709082827432,False,False
GEMIN6,28.464916260775986,False,False
MPL,28.445874061597113,False,False
MKLN1,28.43679068439953,False,False
PARG,28.41620238914038,False,False
ZNF211,28.408818855785988,False,False
UIMC1,28.394635220666505,False,False
ENPP4,28.36356339556211,False,False
LRRCC1,28.35951722403528,False,False
C3orf62,28.35645487361242,True,False
SOX6,28.356308295025205,False,False
UFSP2,28.335141591512556,False,False
KIAA1377,28.331282637938497,False,False
C16orf87,28.328295425834295,False,False
TNXB,28.316834294253194,False,False
C9orf85,28.316203750687205,False,False
SIRPA,28.315695820612696,False,False
SEPT14,28.31121775917934,False,False
KIAA0391,28.29219280918459,False,False
MBOAT1,28.291147702682153,False,False
NARS2,28.28339429413623,True,False
CDH18,28.26100948637868,False,False
KPTN,28.18681488343802,False,False
RTCD1,28.175727723970947,False,False
FNIP2,28.16181069176872,False,False
VPS33A,28.148013646465714,False,False
MIA3,28.128342686364647,False,False
KPNA6,28.112884897825506,False,False
DYSF,28.097909674702596,False,False
FAM204A,28.083536489221085,False,False
RNF139,28.082719096162165,False,False
ZNF777,28.079653731971785,False,False
ZNF669,28.063500209963617,False,False
ZFP14,28.05763091845926,False,False
IFT74,28.052854916306977,False,False
IL17RC,28.02516749599373,False,False
PML,28.005170191014255,False,False
DNAJC13,28.004888924565158,False,False
TMEM168,28.003034298347195,False,False
ANKRD37,27.9896909668854,False,False
PGPEP1L,27.940576144857356,False,False
PTAR1,27.927336372249716,False,False
KIAA1033,27.920560732708704,False,False
ZNF626,27.919936309085163,False,False
SNUPN,27.91564528488379,False,False
PARVA,27.89235046320666,False,False
XKR4,27.878026381724393,False,False
PTK2B,27.865208103777007,False,False
SUPV3L1,27.83265802716075,False,False
ZNF91,27.82725890035208,False,False
GRB14,27.82475437180522,False,False
CLN5,27.816148694599434,False,False
FFAR2,27.795648030786857,False,False
SLC15A4,27.775344667859773,False,False
PURG,27.75212401773286,False,False
C11orf82,27.747895241019524,False,False
MTMR2,27.731030716683627,False,False
ZNF703,27.72901252354049,False,False
PDZD7,27.72891240072054,True,False
PPAPDC2,27.709695451568006,False,False
CASP4,27.67494821033794,False,False
EIF4ENIF1,27.672311249722195,True,False
POLR3A,27.6679892509153,False,False
AKAP14,27.655699784187807,False,False
IFNAR2,27.655216502906736,False,False
OSBPL6,27.65264801499573,False,False
SENP1,27.644550953901582,False,False
MYLK,27.63530009240739,False,False
CFD,27.609082573019375,True,False
SIPA1L3,27.60333976208022,True,False
PIKFYVE,27.58609310921618,False,False
ECD,27.583419352329486,False,False
SNX32,27.573870019066334,True,False
MTRNR2L5,27.55941063269819,False,False
MTHFR,27.536059858932518,False,False
ZNF474,27.518051926518584,False,False
ANKRA2,27.512540784410053,False,False
CDH8,27.495688343802268,False,False
PSMG4,27.495424561649763,False,False
GLTSCR1,27.483057121802293,False,False
TRIP4,27.48295672117533,False,False
PROM2,27.454147094431,False,False
ZNF536,27.44759719736581,False,False
IL4R,27.4438993841457,True,False
TRPM3,27.42393171912833,False,False
PKNOX1,27.413102984524684,False,False
CDK7,27.372649446725386,False,False
FAM118B,27.372387189294784,False,False
QPCTL,27.359637964815008,False,False
ERVFRD-1,27.31286610111006,False,False
ICAM4,27.310677830414896,False,False
ADCY3,27.30216784690786,False,False
PPIAL4G,27.291995667380203,False,False
IFI35,27.251576996993837,False,False
TMBIM4,27.243858767004717,True,False
SNX25,27.24287935162766,False,False
WDR69,27.239008068685596,False,False
SNX33,27.235161226912773,False,False
MRE11A,27.23411184335193,False,False
APPL1,27.230805373665067,False,False
PUS1,27.22714997894515,False,False
DND1,27.224906793112726,False,False
GON4L,27.20691955410511,False,False
UBE3B,27.20589833783673,False,False
ZNF148,27.20380870734931,True,False
DOLK,27.186630255816404,False,False
MFN1,27.168231461206446,False,False
ORAI3,27.159585582692912,False,False
AIFM2,27.159258803850694,False,False
SERPINB8,27.157330823712435,False,False
PRSS53,27.146387552490904,False,False
EIF1AD,27.14307656536945,False,False
MS4A7,27.126760505784233,False,False
HIST1H2BG,27.105409643120318,False,False
RBMXL1,27.098675044741547,False,False
ATP11A,27.09066958217824,False,False
PRSS35,27.06833024528898,False,False
KIAA1024,27.06472427097589,False,False
SIRT1,27.049028190101883,False,False
CLEC16A,27.047561238025057,False,False
MAGI2,27.025850002924287,True,False
MILR1,27.022817038050782,False,False
C11orf80,27.020437068229405,False,False
PARP8,26.99393707875683,False,False
TACO1,26.993804971868382,False,False
GNPDA2,26.99154402685663,False,False
ZNF639,26.987752500263184,False,False
ZBTB3,26.979001717139806,False,False
COX4NB,26.966976565954315,False,False
METTL23,26.95620605268391,False,False
ZCCHC10,26.94953000959165,False,False
SPATA6,26.949000657963996,True,False
NEURL,26.93429195119954,False,False
CCDC9,26.922112865681765,False,False
ZNF187,26.91752135078546,False,False
ZFP30,26.907340146331194,False,False
UBE2D4,26.897994130376293,False,False
NRIP1,26.888390609537847,False,False
IKBKG,26.870603710916942,False,False
ZSCAN30,26.86721040635857,False,False
C10orf125,26.854634260916352,False,False
TNFSF9,26.85161510158964,False,False
C2orf68,26.81469950813535,False,False
CLDN1,26.80592053900411,False,False
ZNF318,26.784835266870196,False,False
ZBTB8A,26.772156248026103,False,False
HECTD2,26.769842526698717,False,False
RHOJ,26.76249378297131,True,False
DCP2,26.74269346539402,False,False
SLC36A1,26.740012385514262,False,False
AP1AR,26.73253705770198,False,False
DPY19L4,26.6965900580178,False,False
ZFPM2,26.682537156542796,False,False
MANBA,26.679577539741025,False,False
SLC26A6,26.678712177890077,False,False
MC1R,26.674165769496206,False,False
ACYP2,26.673688278883155,False,False
ZNF587,26.659721945584913,False,False
PIK3CB,26.655800110537946,False,False
PCSK2,26.65077122328666,True,False
DGKI,26.64567373700155,False,False
ETS2,26.632580376881776,False,False
POLR3F,26.62932201284346,False,False
B3GALT1,26.627916396462787,False,False
ZNF254,26.59869677977799,False,False
LOC646851,26.594641656431676,False,False
GEMIN4,26.59208524172135,False,False
PLN,26.57688020785813,False,False
PARPBP,26.571979895544562,False,False
TIAM1,26.56874656279609,False,False
ACAD8,26.558485676854872,False,False
RLIM,26.539931513843563,False,False
LGI1,26.534824428302393,True,False
PMM2,26.532171171819254,False,False
MAPK14,26.526685340562167,False,False
TMEM201,26.505827100513507,False,False
C14orf149,26.444267712390783,False,False
C5orf45,26.443227790059773,False,False
ACTR8,26.433261176030225,False,False
C12orf65,26.430166820484025,False,False
NDUFAF4,26.405937556584902,False,False
MMGT1,26.405692196839432,False,False
ZNF75A,26.400410953784608,False,False
ZKSCAN2,26.39295065737914,False,False
CPM,26.388029418886184,False,False
PMS1,26.38610077844451,True,False
PET112,26.38562850826403,False,False
ADAM22,26.3682958206127,False,False
FTSJD1,26.352874028845143,False,False
LZTFL1,26.35239218865144,False,False
GPR82,26.350408981062348,False,False
WBP4,26.347938726298676,False,False
PITPNM2,26.345553548911578,False,False
FKRP,26.331932860768973,False,False
ZNF551,26.320247562901358,False,False
PKIB,26.319963664596273,False,False
CHIC2,26.309850115801666,False,False
PER1,26.301208565229086,False,False
KIAA1841,26.201557411306453,False,False
ARL17B,26.201036151173806,False,False
DIS3,26.181364485150485,False,False
VAPB,26.17045533681908,False,False
SSPN,26.158169007263922,False,False
USP27X,26.1459142272286,False,False
SOWAHC,26.145317022844512,False,False
KHDRBS2,26.122531722052617,False,False
HAS2,26.121084453919124,False,False
CCDC71L,26.11540271373595,False,False
USP3,26.109969692716184,False,False
FRMD4B,26.10814477313401,False,False
CUL5,26.104791779251617,False,False
FADD,26.095241531857152,False,False
AGPS,26.0950372460259,False,False
MAP3K13,26.072974331801007,False,False
RAB11FIP2,26.0639826975939,True,False
ARHGDIB,26.059216616953833,True,False
HSPB6,26.05842880829561,True,False
PCGF1,26.055751660993558,True,False
FAM86A,26.036410258389772,False,False
RRP7A,26.033128009381105,False,False
GPR89C,26.03221020926179,False,False
MTRF1L,26.025326371196968,False,False
MARCH1,26.01927550736335,False,False
MAP9,26.00381445356821,False,False
PLXND1,25.950900555614034,True,False
TLE2,25.950198999309873,True,False
TRMT61B,25.925754075282782,False,False
ZFYVE16,25.912022639225185,False,False
INTS9,25.907104317413527,False,False
GRASP,25.893906011159068,True,False
PNPT1,25.878808965271197,False,False
ETAA1,25.878133977260767,False,False
TMEM104,25.876821265396355,False,False
SLC17A7,25.866221897041793,True,False
YRDC,25.855520607432357,False,False
THBD,25.854748668280873,False,False
TRMT11,25.853152420722648,False,False
C8orf86,25.83929851329379,False,False
CHRNA5,25.833873161502382,False,False
SCN9A,25.818312737598113,False,False
SLC25A33,25.81363217180756,False,False
ZNF432,25.812645694283606,False,False
ACSL6,25.807883745072584,False,False
LYZ,25.806305379513628,False,False
CBWD6,25.80497198594004,False,False
ZDHHC18,25.80477235966359,False,False
MRPL19,25.804146981553618,False,False
C14orf133,25.786649264250034,False,False
GGCX,25.77807358961762,False,False
CLEC18B,25.750913530664047,False,False
CCDC160,25.746489698915678,False,False
USP13,25.74413777883052,False,False
CEP85,25.725047699173015,False,False
SLC5A12,25.707648585231176,False,False
CASP8,25.66265973786714,False,False
ULBP2,25.628304743774205,False,False
CDC37L1,25.61845539296534,False,False
POLR3C,25.613171642044193,False,False
C15orf54,25.60173300815292,False,False
RHBG,25.596184590775636,False,False
KIAA0586,25.594494174240563,False,False
TMEM120B,25.587654558374563,False,False
IL13RA1,25.53301427518687,False,False
CCDC120,25.51689346246973,False,False
ARMC3,25.514899143184664,False,False
ENOX2,25.505211500625798,False,False
ZNF93,25.503924501994366,False,False
MYSM1,25.49473540372671,False,False
C1orf112,25.491669549426256,False,False
FRAT2,25.458274293200454,False,False
ICK,25.444231708600906,False,False
GTF2H2,25.443837340187855,False,False
SNAPC1,25.432101101285514,False,False
NCKIPSD,25.424020643693492,False,False
FUT2,25.413085740019415,False,False
PDCD2L,25.410562922412886,True,False
CCDC127,25.36567327554947,False,False
TFF3,25.353648458902104,False,False
SLC25A38,25.334215475313194,False,False
FAM76B,25.328595035734757,False,False
GATC,25.315022491256386,False,False
LEMD3,25.31492973997263,False,False
C15orf2,25.284497802692687,False,False
CNOT4,25.26168643541426,False,False
UHMK1,25.26017302464587,False,False
RPUSD3,25.255687482892935,False,False
LRP5,25.251690956942834,False,False
SETD4,25.24609485208969,False,False
USP42,25.236022023370886,False,False
ZNF518A,25.2252640535261,False,False
ARRDC1,25.2156531172872,False,False
NUPL2,25.21142719876946,False,False
REEP6,25.204891200243303,False,False
PURB,25.19451189014048,False,False
CLEC18A,25.18207479149852,False,False
CLGN,25.17071664385725,False,False
ZNF415,25.169610081178135,False,False
FBXO38,25.15129889228106,False,False
SLC25A20,25.145496394357302,False,False
LRRC26,25.145011746265688,False,False
GNE,25.128493067691338,False,False
ZNF167,25.125366625726688,False,False
ABCC10,25.104876181118478,False,False
AIPL1,25.104103295083693,False,False
TNS1,25.076899501117076,True,False
ALOX15,25.071953017276677,False,False
MKRN3,25.066666697664086,False,False
NGLY1,25.065710212770934,False,False
POLR1E,25.059083613479782,False,False
STK32A,25.04488686996292,False,False
THAP5,25.04373768232913,False,False
THAP8,25.037805311085375,False,False
SOCS4,25.029161184803076,True,False
CENPJ,25.02419594167807,False,False
NDST2,24.996144319869927,False,False
RBM27,24.98550725339509,False,False
GCFC2,24.983399104584105,False,False
PLSCR4,24.96377973412406,False,False
DSCAM,24.960440551637014,False,False
BCL2,24.95797119287411,False,False
VPS13D,24.95280286345931,False,False
ARFIP1,24.951756707138767,False,False
KATNAL1,24.9207330502626,False,False
NKAP,24.90972187072324,False,False
ZNF708,24.90386427635658,False,False
ANKRD28,24.90134781029582,False,False
ITK,24.890211765565965,False,False
FAM35A,24.8840262553953,False,False
SAR1B,24.88236131113217,False,False
KLF11,24.87174383560843,False,False
SPTY2D1,24.866406884935255,False,False
DNMBP,24.85193495046262,False,False
C12orf43,24.826243567743976,False,False
TNIP2,24.81800626323239,False,False
TMEM51,24.80699061480156,False,False
ZNF317,24.806347346504314,False,False
WNT4,24.804710765460687,False,False
C10orf137,24.791144820507423,False,False
C18orf56,24.788471333824614,False,False
TMEM19,24.781932839714127,True,False
MSC,24.771668868067984,False,False
FOXD3,24.77097812401305,False,False
FANCC,24.757738629797288,False,False
ZNF668,24.754970565322665,False,False
ANKRD39,24.74243769987484,False,False
ZNF671,24.732394025102057,False,False
GPR123,24.709451566246738,False,False
C15orf41,24.705271418044006,False,False
PEX2,24.684871360143173,False,False
ARID5A,24.678928340994958,False,False
APTX,24.676771178837537,False,False
ZNF354C,24.653141891544138,False,False
METTL1,24.64020104163011,False,False
PC,24.63848891462259,True,False
SLC35G2,24.634925475781078,False,False
RABGEF1,24.63396783345615,False,False
RGPD2,24.60627336035372,False,False
AKNA,24.59817888491186,True,False
TMEM176B,24.58593066229194,False,False
CDC14A,24.54606201120586,False,False
UBXN8,24.539766612274974,False,False
SNAPC4,24.536277508158754,False,False
CREB5,24.53043828297716,False,False
SLC7A14,24.52954949468365,False,False
PARD6B,24.527161095904837,False,False
TRAPPC10,24.5254949415728,False,False
EBAG9,24.506931232527403,False,False
BIVM-ERCC5,24.493320506836973,False,False
TMEM223,24.484181216736268,False,False
SLC41A2,24.48312697944813,False,False
ZC3HAV1,24.47768407200758,False,False
RAB42,24.4751465680598,False,False
CWF19L1,24.46225803008504,False,False
TMEM101,24.46192882350189,False,False
NXPH2,24.457849287059457,False,False
PRKAB1,24.45556165912201,False,False
GTDC1,24.453501026423833,False,False
C12orf35,24.43463269583933,False,False
AMIGO1,24.42634488835082,False,False
TANC1,24.409500694225123,False,False
TMPRSS9,24.3726130592694,False,False
IFIT3,24.334690756336922,False,False
STON1,24.33146266215157,False,False
ZNF592,24.33022722157888,False,False
EYA2,24.323990998467675,False,False
DCP1B,24.31516532032612,False,False
MMP16,24.311677674258107,False,False
ZNF574,24.300517687241932,False,False
ACOX1,24.299587441952955,False,False
FEM1A,24.261541091459918,False,False
SLC50A1,24.250726402194385,False,False
BPHL,24.23690286287445,False,False
TRIM65,24.23013439601829,False,False
PTPN18,24.222713713139395,False,False
AMY2B,24.21579782023839,False,False
ZNF507,24.194799273022895,False,False
LTN1,24.183977005766685,False,False
TSSK3,24.17165812132271,False,False
C16orf62,24.166899199330924,False,False
STARD9,24.16384442572902,False,False
LAMP3,24.156582185259257,False,False
NDUFAF1,24.145663020083987,False,False
MYLK3,24.144637246025898,False,False
ZNF135,24.127929576797555,False,False
THG1L,24.108432413353455,False,False
RAB3GAP2,24.101850611760298,False,False
FAM155B,24.09506213285609,False,False
FOXK1,24.094445209437254,False,False
SHPK,24.082934671485884,False,False
ORC5,24.08270832485291,False,False
CCDC90A,24.072916080640063,False,False
C1D,24.070857169175707,False,False
ZNF226,24.067320724403743,False,False
ZNF696,24.0532659905721,False,False
HS3ST3B1,24.036183083599447,False,False
MAP2K6,24.02740595852195,False,False
ZNF142,24.020386934882037,False,False
GCA,24.000684245710076,False,False
ABCA5,23.998906863295552,False,False
RNF111,23.99154999239686,False,False
GRM2,23.972612960428584,False,False
DNAJB12,23.966023081376985,False,False
TAF4B,23.96233707700226,False,False
XPA,23.937002721339088,False,False
MYLIP,23.93666401668012,False,False
ZNF646,23.924696199599953,False,False
EFHA2,23.923039094758515,True,False
RIN2,23.89924386251184,False,False
LENG1,23.877872026295165,False,False
TBC1D23,23.84977464996315,False,False
ITCH,23.83304524686809,False,False
PACRGL,23.831895402440026,False,False
GMEB1,23.829755803534873,False,False
YARS2,23.819968008328367,False,False
METTL22,23.80257202337088,False,False
ARL15,23.800681176381136,False,False
LACTB,23.799157114199158,False,False
COX19,23.794090367407094,False,False
PLGLB1,23.783630492683447,False,False
CCDC43,23.771978905966712,False,False
C9orf129,23.76302969903265,True,False
SLC2A10,23.76287091740651,False,False
TADA2B,23.760691251710703,False,False
PRRG1,23.727053858300867,False,False
PLAGL1,23.722928018153958,False,False
TRMT6,23.71911092688119,False,False
KIAA0753,23.71857852405516,False,False
C9orf64,23.71428007626534,False,False
DENND4C,23.70601728369068,False,False
PWWP2A,23.686510222128646,False,False
CEP89,23.666288282977156,False,False
C14orf79,23.665070028424044,False,False
FAM83E,23.6608384560948,False,False
LIN28A,23.615158968780342,False,False
CIR1,23.609625647729,False,False
COQ10A,23.607996411318148,False,False
MFHAS1,23.606927681861247,False,False
ZNF776,23.6000729550479,False,False
DUSP11,23.58750544267818,False,False
REV1,23.585767080160487,False,False
POLQ,23.582521912248076,False,False
IFI44,23.582180929571532,False,False
ZNF440,23.570914038319824,False,False
MKS1,23.550799347299716,False,False
DBR1,23.542392537226142,False,False
UHRF1BP1L,23.521010333836315,False,False
BIN3,23.515511705910566,False,False
MTPAP,23.500335457533538,False,False
GBX1,23.479014011416407,False,False
GTF2IRD2,23.475967054426786,False,False
ARHGEF18,23.44990053280462,False,False
CEP350,23.44650690715982,False,False
IMMP2L,23.445823102431834,False,False
NHLRC2,23.4453078949831,False,False
BRF2,23.436911848615644,False,False
ST20,23.395944146752292,False,False
SLC10A4,23.35868603537214,False,False
MXRA5,23.351814979939405,False,False
FBXO45,23.33632914634289,False,False
FGF2,23.335423122901826,False,False
ZNF662,23.32307795674398,True,False
UBAP2,23.322029390228217,False,False
PAN3,23.308752205495313,False,False
ATP5J2-PTCD1,23.295348734369696,True,False
ARMC5,23.29048722087705,False,False
IL18,23.278838120971805,False,False
TUBGCP5,23.27582375513212,False,False
INTS7,23.27171647307904,False,False
PRKCI,23.26068080441216,True,False
PHLPP2,23.24441286977576,False,False
C5orf55,23.229524979237578,False,False
ABLIM2,23.21363276660701,True,False
FAM63B,23.20941999801149,False,False
RBBP5,23.208114522581322,False,False
SLC25A10,23.20809804833257,True,False
RAB28,23.200886493315082,False,False
TMCO1,23.187315643167118,False,False
SNX29,23.180392551847564,False,False
COX18,23.173490968639978,False,False
HUS1,23.167392909195122,False,False
KCNK9,23.158058214314956,True,False
FAM156B,23.13922299189388,False,False
HOOK2,23.13739223602484,True,False
ZNF273,23.133705487712163,False,False
CHDH,23.128558674597326,False,False
KRIT1,23.117791201997868,False,False
TMEM39A,23.11176116374823,False,False
ITIH2,23.09041339088325,False,False
MB21D2,23.07994578903042,False,False
ARSA,23.07227661859143,False,False
LRRN4CL,23.07206334292499,False,False
TNK1,23.070065585851143,True,False
DHX34,23.067243432057175,False,False
GLT1D1,23.065344291796798,False,False
PLCE1,23.04302414991052,False,False
AGK,23.0215369828403,False,False
FAM129A,23.01620089424618,False,False
TSPAN2,23.015400300031583,True,False
WDFY2,23.01373438198173,False,False
RNF175,23.01021221707548,False,False
LRCH2,23.01014613760513,False,False
RBM15,23.008665616848553,False,False
APAF1,23.006398257711332,False,False
ST8SIA1,22.993239719385667,False,False
P2RY11,22.96438852101391,False,False
RIPK1,22.942638914622595,False,False
BPNT1,22.941969047034195,False,False
RAD9A,22.938442809184593,False,False
NEK10,22.937579995555083,False,False
CNST,22.931665764232495,False,False
TMEM189-UBE2V1,22.929748988782443,True,False
DNAH17,22.92831260425074,False,False
F13A1,22.92822547636593,False,False
ZNF816-ZNF321P,22.926693151910726,False,False
FAM210A,22.924459723245715,False,False
LMBRD2,22.91698652080336,False,False
OGDHL,22.913216516943304,False,False
MTX3,22.908201785568075,False,False
SLC2A8,22.901121461323413,False,False
GLE1,22.892913581546594,False,False
PGAM2,22.885847537752515,True,False
NUDT8,22.866545762711862,False,False
IRAK1BP1,22.857123470891672,False,False
SLC25A28,22.849736861774925,False,False
FITM2,22.818938026224984,False,False
GIT2,22.800976250131594,False,False
PAPSS2,22.78883906142167,True,False
ZNHIT2,22.788460406358567,False,False
ZNF557,22.787069965259505,False,False
CSMD3,22.780298878829345,False,False
ASB3,22.778910516896516,False,False
MCCC1,22.7706651700179,False,False
USP8,22.75418182966628,False,False
WDR20,22.741592946625964,False,False
TSNAX,22.71793103601549,False,False
MCF2L2,22.71475225930215,False,False
CIDEB,22.712519407306033,True,False
GCLC,22.70274637798131,False,False
PARP14,22.696063653483993,False,False
RIN1,22.69501084851037,False,False
KLHL29,22.686540856932307,False,False
C15orf38-AP3S2,22.68194770970043,False,False
FAM63A,22.679606628183084,False,False
DNAJB7,22.67959113356962,False,False
WDYHV1,22.663496078534582,False,False
HINFP,22.66091936285691,False,False
BCL11B,22.652971386461733,True,False
GSG2,22.629896216560805,False,False
ZNF606,22.624671760185286,False,False
SULT2A1,22.62060717560913,False,False
TYW3,22.615724787989382,False,False
PEX14,22.614645391912596,False,False
TRIM32,22.613707854627975,False,False
MIER3,22.601246239370226,False,False
C11orf70,22.583590317694267,False,False
ALKBH6,22.579634146869257,False,False
TMEM5,22.573668594354963,False,False
NANOG,22.558888709337822,False,False
SCRN3,22.547052915511575,False,False
CAPN7,22.537893312746373,False,False
ZNF12,22.537454141956466,False,False
SPTLC2,22.528228781977052,False,False
DUSP19,22.478089893088168,False,False
TRUB1,22.4630584810097,False,False
LRRC2,22.458161216970208,False,False
DCLRE1A,22.4379346089062,False,False
C9orf91,22.41355016785393,False,False
SKIL,22.412389636920842,False,False
ARID4A,22.410581636078657,False,False
ZZEF1,22.4075848802798,False,False
GPR89B,22.389477023897253,False,False
IGLL1,22.388326139593644,False,False
CNEP1R1,22.385172863225367,False,False
NFE2L3,22.381497062848723,False,False
VPS53,22.375966696494373,False,False
RNF6,22.375493865436127,False,False
G2E3,22.368003500368463,False,False
BID,22.36372820764759,True,False
TBL2,22.338037609222024,False,False
ZNF185,22.332831819138857,False,False
ZNF417,22.320934594284783,False,False
CUL9,22.31093384859225,False,False
TMEM11,22.310330628955096,False,False
RBBP9,22.308371744394147,False,False
C10orf82,22.306878418196067,False,False
TMPRSS11B,22.30616706787848,False,False
ASB1,22.302155859681136,False,False
CNTNAP3,22.29499341451147,False,False
RWDD4,22.29255058427203,False,False
TMEM81,22.28976493432057,False,False
CSRP2BP,22.28845588482998,False,False
COQ7,22.28122682153677,False,False
BEND6,22.272618380882196,False,False
ZNF85,22.271229897883988,False,False
C19orf12,22.267273755132116,False,False
PLD2,22.252845123463292,False,False
FBXW8,22.252329976839665,False,False
CYBASC3,22.245390684399528,False,False
ASAH2B,22.226331592799237,False,False
BDP1,22.221227614602707,False,False
SLCO4C1,22.205479629434674,False,False
SNAPC5,22.190964406194805,False,False
CES1,22.187652116012213,False,False
RAD1,22.180540838801743,False,False
TMEM128,22.175813379770972,False,False
C1RL,22.17195507421834,False,False
CISD3,22.14267703559439,False,False
NMT2,22.13666110409283,False,False
USP40,22.13048261688365,False,False
LIN9,22.117163276251304,False,False
KLF4,22.094437480553506,True,False
ZCCHC8,22.08519466376578,False,False
GPR37,22.068040322957973,True,False
ABCA1,22.067636761764394,False,False
YBX2,22.063877856733455,False,False
FAM176C,22.045053238352576,False,False
LOC100128071,22.03924341977518,False,False
TSPAN12,22.03173822507632,False,False
TBC1D3H,22.031307048110328,False,False
EDEM3,22.02059512697243,False,False
CPNE5,22.009116580692705,True,False
ADAMTSL1,21.98010023277304,True,False
SWAP70,21.974985861084793,False,False
CCDC71,21.959009288112203,False,False
LEPREL1,21.955088833327483,False,False
KCNMB4,21.953311362014716,False,False
CLDN12,21.950817283690682,False,False
DHDDS,21.94166076955469,False,False
DNASE1,21.93575467417623,False,False
ZNF786,21.89354556386052,False,False
ZNF324,21.886164055280673,False,False
ZNF160,21.88231923886725,False,False
WDR24,21.825736840720076,False,False
TMEM33,21.812930460516313,False,False
PTGR2,21.807206600109954,False,False
MAGOHB,21.79712316150238,False,False
WDR59,21.77128724719561,False,False
BCORL1,21.76585953375209,False,False
PACSIN1,21.741906345697203,False,False
DET1,21.73806097951831,False,False
DUSP22,21.73125314243605,False,False
IPP,21.729310016259028,False,False
C8orf76,21.726154879461,False,False
NUBPL,21.70808365383491,False,False
ZNF354A,21.707607837667126,False,False
FAM109A,21.69575440689663,False,False
SUFU,21.684154343732086,False,False
PHKG2,21.668851264460585,False,False
RPUSD4,21.656014525505608,False,False
MLANA,21.60503222561438,False,False
EFCAB1,21.598124817817077,False,False
PCMTD1,21.59544636569931,False,False
SUSD1,21.550683019265186,False,False
PIRT,21.546760000467884,False,False
USP12,21.546271881250657,False,False
RAP2C,21.522824602004892,True,False
HEATR3,21.52245943783556,False,False
OR2J3,21.520817415283517,False,False
C19orf71,21.513313996210126,False,False
DPP8,21.511039473745775,False,False
MXD1,21.49722531260601,False,False
TGFBR2,21.471502837140754,False,False
H6PD,21.470007942356503,False,False
ARV1,21.45886806096548,False,False
CCDC41,21.44535598601022,False,False
CBX8,21.43485782187599,False,False
ATP6V0A2,21.427990079072654,False,False
UCK2,21.417070812717128,False,False
IL1RAP,21.412866554374148,False,False
ARFIP2,21.40807554771847,False,False
CCDC144NL,21.38862894105814,False,False
PIK3R4,21.38464382040215,False,False
ELP3,21.377313460481226,False,False
COX6B2,21.373431872945687,False,False
ZBTB7C,21.361447951831185,False,False
LYRM2,21.359849790621233,False,False
RBM43,21.358336588061903,False,False
ZNF619,21.348972435110127,False,False
HERC4,21.333108079797874,False,False
GPRIN3,21.309669989238632,False,False
C22orf40,21.308555338573655,False,False
PPP1R3F,21.297781700997763,False,False
HSD17B8,21.286201006538704,False,False
ETHE1,21.284964218455748,False,False
TMLHE,21.27584398357722,False,False
ZNF426,21.268011711759133,False,False
PEX13,21.265793040787923,False,False
STOX1,21.257309237814507,False,False
ZNF83,21.24981638067165,False,False
ENKUR,21.24760673755132,False,False
C2orf44,21.2462094495327,False,False
SPINT1,21.235309322033892,True,False
ZNF510,21.23450597899194,False,False
PTBP3,21.234183404685872,False,False
TUT1,21.232726587009157,False,False
RAB38,21.222154800505315,False,False
CDKAL1,21.204466073036922,False,False
ZMYM5,21.16970694049666,False,False
RASSF3,21.164328972640398,False,False
WTIP,21.15681663625411,False,False
KCTD16,21.153671757845856,False,False
LRRC38,21.151087036647134,False,False
GPN2,21.135450994841563,True,False
MGMT,21.12752944111076,False,False
C2orf61,21.123340559825007,False,False
OVCH2,21.120125381619108,False,False
RTKN,21.116932201050403,False,False
RBM7,21.10746262881473,False,False
ZFP64,21.101165816869614,False,False
BEND2,21.100910137909253,False,False
SORL1,21.094303075177507,False,False
ASPN,21.092814937829715,False,False
HUNK,21.085124897357616,False,False
OR51E2,21.078103910937998,False,False
RABIF,21.073169503222566,False,False
GK5,21.07278050788973,False,False
GOLGA6L6,21.07274386543612,False,False
PEX1,21.064939783135067,False,False
TOE1,21.043136341837155,False,False
GABRE,21.028325171070637,False,False
NUMB,21.025040156273757,False,False
ZHX2,21.02479669029488,False,False
KIAA1324L,21.009177958498555,False,False
B7H6,21.00420033278357,False,False
ADAMTS2,20.99623841573967,False,False
GAS8,20.9935477658467,True,False
RIT2,20.978262158589793,True,False
CSNK1G3,20.970602863459312,True,False
NOL6,20.968129021768377,False,False
FRMD3,20.96274482050742,False,False
C9orf123,20.952985682703446,False,False
ZDHHC12,20.914557572142098,False,False
CCNT1,20.911468512475,False,False
TUBB8,20.90998631200945,False,False
S1PR2,20.908665359511527,False,False
UFL1,20.90717663204314,False,False
TMEM135,20.8916482974816,True,False
ZNF844,20.876128683136233,False,False
IL17RB,20.866417759179328,True,False
CYTH3,20.838966034436375,False,False
TIMM8A,20.827243349592358,False,False
TTPA,20.82291426758372,False,False
NCK1,20.821126502789767,False,False
EPT1,20.819170317928204,False,False
CCDC22,20.8151057122972,False,False
MGAT4A,20.81111593968956,False,False
KIAA1468,20.806390851083737,False,False
SERPINB1,20.805879145173172,False,False
ACAP2,20.80164167924109,False,False
ZC3H10,20.794165987062968,False,False
FANCE,20.786699767811818,False,False
DNASE1L2,20.782839475500342,False,False
ABL2,20.764337003895147,False,False
EGFL6,20.764120565322667,False,False
RELT,20.758320457709004,False,False
ZNF540,20.75096004082301,False,False
CHRD,20.73779076160064,False,False
CBR4,20.73685592460025,False,False
CACNG3,20.73513390473851,True,False
PCBP3,20.734504892912703,False,False
FAM189A1,20.7300526330257,False,False
UTP14C,20.724662114725525,True,False
GCNT2,20.711113649974852,False,False
PRICKLE2,20.704848636698603,False,False
NAGA,20.697792609748394,False,False
RASGEF1A,20.688037657765147,False,False
BTN3A3,20.668615871261306,False,False
INPP5J,20.646005001696086,False,False
PDE4C,20.64054476202173,False,False
SV2C,20.62750121357804,False,False
STYXL1,20.592340186101463,False,False
FAM73B,20.578353057631798,False,False
TNFRSF10A,20.57769155642114,False,False
UBR1,20.56047655133289,False,False
C2orf82,20.554497016645026,True,False
ZNF275,20.552377883052017,False,False
MTBP,20.53577647062264,False,False
ETV3,20.519683302920775,False,False
CYB5D1,20.504556611222235,False,False
AKR1C3,20.502951604847294,False,False
SCNN1D,20.499381745446886,False,False
FAM174B,20.4991757494941,True,False
ORC2,20.472092975868808,False,False
SLC4A1AP,20.466965320326118,False,False
TMEM108,20.4631309991695,True,False
ZNF862,20.44586970324362,False,False
VNN1,20.433149131487514,False,False
SFI1,20.431188036752406,False,False
EFTUD1,20.412450227509332,True,False
CEP97,20.412173861576072,False,False
LAIR1,20.40769321273584,False,False
MAL,20.405783729281445,False,False
TGFB3,20.393640367407098,True,False
PIGW,20.38616942836088,False,False
SLC35D2,20.37772485524792,False,False
N6AMT1,20.3729162537577,False,False
GPR37L1,20.366841838907018,True,False
NAPRT1,20.35428433460832,False,False
ERCC6L,20.353544399410463,False,False
TPD52L1,20.33925467943994,False,False
IKZF5,20.335933702962883,True,False
PWWP2B,20.33245375595092,False,False
CEP250,20.32826221707548,False,False
WDR83,20.310088119802085,False,False
KLF15,20.276596662221753,False,False
NUDCD1,20.270416074791495,False,False
ARHGAP22,20.266482236141815,False,False
PAPLN,20.2646066211648,False,False
ANKRD32,20.253080076265338,False,False
TMEM119,20.250798839643938,False,False
SNX30,20.2421619170439,False,False
TNNT1,20.241644831034847,True,False
C11orf35,20.239004396369214,False,False
RAB36,20.203922749763134,False,False
PSMB9,20.20024087213859,False,False
YIPF6,20.183710905826345,False,False
RANBP10,20.17223007626534,False,False
NANOS1,20.17042287082851,False,False
RDH10,20.157271757845855,False,False
HOMER2,20.12699831853645,True,False
CHMP4C,20.123326202758182,False,False
TTLL5,20.122014996315404,False,False
RMND1,20.11660274707279,False,False
TSPAN19,20.11098034471465,False,False
IFFO1,20.110943578271392,False,False
ATP11B,20.09922105075388,False,False
SLAIN2,20.06623785252249,True,False
PIGO,20.05973713314852,False,False
NHEJ1,20.058871177082967,False,False
MTMR12,20.05853002362822,False,False
SERTAD3,20.044995300674923,False,False
ATXN1,20.041196320080473,False,False
OSBPL3,20.034511593618042,False,False
ZNF544,20.03371340433496,False,False
CCDC164,20.028876792293925,False,False
ANGEL2,20.01722559333731,False,False
PELI3,20.009901662748124,False,False
C2orf83,20.005526633797718,False,False
TBCCD1,19.99650953258238,False,False
ELMOD2,19.994671799955547,False,False
ZNF784,19.978405857926564,False,False
ZNF250,19.972496562211226,False,False
WWP1,19.95669643412757,False,False
RAPGEF6,19.928126886455885,False,False
JAK2,19.92562740931794,False,False
C1GALT1,19.906318225895127,False,False
ZNF43,19.86916595957469,False,False
FAM19A1,19.865864322560274,True,False
PGM2,19.85815904832088,False,False
NOL8,19.84994018844089,False,False
AP4B1,19.847763285024154,False,False
RAB23,19.819768603127816,False,False
PRR14L,19.81767166134447,False,False
PIEZO1,19.8144109865366,False,False
SUPT3H,19.78103141851189,False,False
UBE2F,19.768870702179175,False,False
TM6SF1,19.757100429284954,True,False
CXXC11,19.755470896351664,False,False
RFX2,19.744617436338327,False,False
PLEKHO2,19.718363427729233,False,False
MMP12,19.705138040846407,False,False
TMEM161A,19.702345241019525,False,False
IL18BP,19.692269006679066,False,False
SULT1E1,19.691442421424476,False,False
FOXF2,19.677043874208984,True,False
TAF1,19.674794221613972,False,False
FBXO10,19.67301409037209,False,False
LCMT2,19.66907790293715,True,False
TMEM196,19.657078850405306,False,False
SCML1,19.65558044998889,False,False
ANKRD34A,19.652387877671334,False,False
MGA,19.649684771496414,False,False
ANKRD65,19.64934105110479,False,False
ZNF789,19.63071287094548,False,False
ZBTB11,19.61324157396685,False,False
METTL6,19.601737420898104,False,False
SH3YL1,19.59981590810729,False,False
SNIP1,19.570138524523053,False,False
ADRA2A,19.5652260547894,True,False
RRP12,19.55469579546385,False,False
ZNF584,19.552534772081273,False,False
ZRSR2,19.541640783240343,False,False
IRF2,19.53080265291083,True,False
KIAA0895,19.528466545016435,False,False
ASUN,19.514766366050228,False,False
TRIP10,19.496278766185917,False,False
BAG2,19.49448630908517,False,False
MURC,19.476434472049686,False,False
ALG11,19.47369740966885,False,False
NRF1,19.453808048215603,False,False
CD58,19.444415327929256,False,False
CRTC3,19.43364352504942,False,False
SMCR8,19.432411977869016,False,False
GSG1L,19.425947520206805,True,False
TEKT1,19.425173129920108,False,False
C1orf131,19.40306295165573,False,False
DBT,19.39880940215929,False,False
TMF1,19.378968338772502,True,False
VPS13B,19.37606061983133,True,False
ANKRD13C,19.37552311295926,False,False
MCAT,19.371457169175702,False,False
RBMS2,19.371051531155327,False,False
PTPRU,19.36931506474366,True,False
RAVER2,19.36074867997801,False,False
SPTB,19.357352945339272,False,False
LOC390940,19.356242493361876,False,False
CHAC2,19.355631058824905,False,False
SERPINF1,19.352756580809675,True,False
C7orf60,19.343168694365488,False,False
SFR1,19.34139852616065,False,False
BRCA2,19.336730683346786,False,False
SRBD1,19.324735464551825,False,False
DCBLD1,19.31570297692155,False,False
CREBL2,19.31432605537425,False,False
ERCC5,19.30987604075283,False,False
TGM2,19.299462783216946,False,False
TMEM164,19.292087071738546,False,False
CHRNA2,19.291248976500448,False,False
SUSD2,19.258520054742604,False,False
PRPF18,19.22889948708051,False,False
ARHGEF26,19.22827622849189,False,False
LOC147670,19.227391131815043,False,False
PAFAH2,19.2238298557743,False,False
MARC2,19.216968757530033,False,False
CDK5RAP1,19.21326007474471,False,False
LUZP1,19.20872553426676,False,False
DHRS4L2,19.18540465078195,False,False
COQ2,19.174840582634427,False,False
ORAI1,19.16684181960674,False,False
RAB33B,19.162986513785082,False,False
C8orf83,19.152969945374366,False,False
NECAB1,19.146050663227708,True,False
TSEN54,19.137519702073902,True,False
TEX19,19.12089671661344,False,False
HKR1,19.10950915125569,False,False
PWP2,19.108724142307377,True,False
KIF7,19.100472242107355,False,False
TMEM40,19.100415706916525,False,False
HIST1H4E,19.09992496578587,False,False
FMNL1,19.09610930097905,True,False
DNAJB14,19.06775346878619,False,False
CGRRF1,19.041181960674223,False,False
ZNF268,19.039113932460726,False,False
EHBP1L1,19.025944667859775,True,False
INPP5B,19.02264341977518,False,False
TRPM7,19.020251404826237,False,False
ZNF548,19.00828812623551,False,False
ZNF689,19.002032639693066,False,False
TMEM173,18.997848299821033,False,False
ALDH1L1,18.982360774818403,False,False
OPRK1,18.977636561158487,False,False
C11orf71,18.976582148413282,False,False
OTUD4,18.959445230492097,False,False
STK17A,18.956370659484623,True,False
ZNF746,18.95339025160543,False,False
ZBTB48,18.950713974570423,False,False
NKAIN3,18.944817424056332,False,False
ZBTB26,18.942200657963994,False,False
SENP8,18.933145573218237,False,False
UBE2W,18.919543636172225,False,False
HIVEP1,18.911644262553953,False,False
PRICKLE1,18.911509674702597,True,False
PRSS27,18.902897131276976,False,False
PROCR,18.897394502345286,False,False
MINA,18.88669091073914,False,False
C15orf27,18.872612799008085,False,False
PRKD2,18.85276008527213,False,False
VTI1A,18.836870833187124,False,False
TTC12,18.832666713455218,False,False
MUTED,18.83015581757144,False,False
DIO2,18.812238088219814,True,False
FNTB,18.81163712963938,True,False
HPS5,18.810834696049877,False,False
MED7,18.809766801183752,False,False
RALGAPA2,18.80445698436093,False,False
EIF5AL1,18.79241796972782,True,False
HSD17B1,18.783121296978628,True,False
SNX13,18.782922354984734,False,False
ZNF554,18.778431140120013,False,False
LAX1,18.776552917266145,False,False
RGL4,18.766224063351697,False,False
C17orf65,18.74107908668749,False,False
SLC35B3,18.735515083459077,False,False
UEVLD,18.723507094898878,False,False
SOCS5,18.702765433203496,False,False
P2RX5,18.69090495432268,False,False
ZYG11A,18.675443462469733,False,False
ECSCR,18.67499298639623,False,False
AMACR,18.669039312325275,False,False
RFXAP,18.65756942836088,False,False
USP28,18.644232015065914,False,False
MRPS36,18.632672389491294,False,False
ZNF490,18.62368459603935,False,False
CBLL1,18.623189054403387,False,False
SELENBP1,18.61193521189365,False,False
TAPT1,18.60283360821607,False,False
CPEB1,18.589465248973575,False,False
FANCF,18.581487951363304,False,False
KCNC3,18.576091193225018,False,False
SLC38A5,18.573101152168064,True,False
F12,18.56527860944427,True,False
LYPLAL1,18.562556290135802,False,False
PDE2A,18.55326651752816,True,False
TMEM218,18.545471113918424,False,False
C2orf47,18.53445302137067,False,False
NID2,18.513773576165914,True,False
KIF26A,18.504202769882212,False,False
ABCC8,18.502501410089952,False,False
TRIM56,18.496328825256455,False,False
ATXN1L,18.48489640605444,False,False
APLN,18.47617248423811,False,False
TCF7,18.459129282029686,False,False
ASCL2,18.454946715443725,False,False
ART3,18.44649405726918,False,False
MEF2A,18.437599043174135,False,False
MTERFD3,18.434644598846663,False,False
EPB41L4A,18.42564774303728,True,False
TMEM17,18.419705333309942,False,False
ADA,18.41481653799815,False,False
DTWD1,18.410269059901044,False,False
NBPF3,18.409775314360576,False,False
C7orf23,18.4058423044531,False,False
FBXO25,18.405841604379408,False,False
METTL13,18.399127087061796,False,False
CA3,18.396141093799347,False,False
TRIM25,18.393955312255088,False,False
TRMT5,18.386642842521432,False,False
MTMR7,18.37556044261969,False,False
BTBD7,18.37456547531319,False,False
CDAN1,18.35136663800868,True,False
RNFT2,18.348710984782024,False,False
RAX2,18.348534889052655,False,False
OBSCN,18.335707737656595,False,False
NMUR1,18.330169340047497,False,False
WDR4,18.316204557789707,False,False
AGAP4,18.313987098641963,False,False
MID2,18.312026492262344,False,False
DCPS,18.30501939619375,False,False
BBS10,18.301016975471104,False,False
ZNF100,18.299225703875262,False,False
C1orf135,18.298813037629692,True,False
OTOP1,18.290136524312498,False,False
KCTD11,18.28961044846826,False,False
CPOX,18.28111688013943,False,False
SDSL,18.27990371910494,False,False
HYLS1,18.278692784620592,False,False
ZNF408,18.271817538688282,False,False
PRKD1,18.26627830824297,False,False
CNNM4,18.256749466025667,False,False
ATP5S,18.251908633657347,False,False
WFDC1,18.247961467288956,False,False
PACSIN3,18.24589102010738,True,False
LRRC16A,18.24542430723702,False,False
ZNF674,18.232936705033282,False,False
APOBEC3A,18.227883001134614,False,False
ZBTB6,18.225039354434973,False,False
ALPL,18.212282209823254,True,False
JHDM1D,18.204896091986292,False,False
NLGN1,18.19479789451521,False,False
IQCC,18.185535897930777,False,False
C1orf55,18.17728118749342,False,False
HMBOX1,18.173284889052653,False,False
C19orf52,18.169529807816026,False,False
ERAP1,18.1600302558164,False,False
EDN1,18.150220660069483,False,False
TRNT1,18.14658187703969,False,False
CAMK2A,18.144215183469605,False,False
BAAT,18.131678645120537,False,False
SLC5A3,18.12729521002211,False,False
RAB40B,18.122329792024892,False,False
ZNF212,18.097737287550736,False,False
VWA1,18.086687361242703,True,False
NBPF9,18.055971181176965,False,False
UNKL,18.05185306991379,False,False
C8orf85,18.049341991554662,False,False
BANP,18.048157698471183,False,False
GAPVD1,18.037167765027895,False,False
ALKBH4,18.029659889929935,False,False
SLC6A5,18.027020028424047,False,False
STK17B,18.020549295832314,False,False
ANO4,18.01837638172439,False,False
KCMF1,18.003257679170904,False,False
OFD1,17.99561685382087,False,False
SLC12A9,17.976659858932518,False,False
SLC30A6,17.972023086055838,False,False
HEYL,17.955209231965938,False,False
CCNDBP1,17.954150531050054,False,False
TBC1D2B,17.949583408779873,False,False
TRAPPC8,17.94948716473079,False,False
ZHX3,17.948865365944954,True,False
ZC3H8,17.93971819957656,False,False
KLHL20,17.934236409095693,False,False
DPAGT1,17.929259210911088,False,False
PCDHB15,17.92736833116936,False,False
SRSF12,17.926947100864417,False,False
HPS6,17.921399223894912,False,False
WNT9A,17.92074134119381,False,False
TMEM38B,17.911676642570562,False,False
ZNF57,17.909415962498976,False,False
LARP1B,17.90135331204454,False,False
SAMD11,17.89702275795113,False,False
ZBP1,17.896359642535472,False,False
CCDC78,17.884932790586145,False,False
SPIN4,17.878172394755005,False,False
KIAA1609,17.8775822770818,False,False
SMARCAL1,17.867723791393246,False,False
NFIC,17.860427374226532,False,False
SYNGR2,17.85162273923571,False,False
CHURC1-FNTB,17.846451773870932,True,False
GPR19,17.845418525926704,False,False
IFI27,17.838520684048614,True,False
SNX22,17.838049546735913,True,False
TRAF2,17.829839349171255,False,False
TBP,17.826297573428782,False,False
PRDM10,17.813687103905675,False,False
SCAI,17.812007717771458,False,False
IL21R,17.804024049899997,False,False
METTL7B,17.780392909779977,False,False
C2orf27B,17.77999368880936,False,False
INMT,17.772527297610278,False,False
NEK1,17.765905459639026,False,False
TIGD5,17.758186605022754,False,False
NKRF,17.753618401937047,False,False
SHB,17.74079678153256,False,False
C6orf47,17.734210474201966,False,False
TREX1,17.73046326981788,False,False
SSH2,17.722702116012215,False,False
LARP4B,17.70097371945585,False,False
MOK,17.68440251020575,False,False
TMEM177,17.677507974523635,False,False
ARPC4-TTLL3,17.675930951796097,True,False
RHBDL1,17.675568141675733,False,False
ZC3H12D,17.66273424337065,False,False
KLHL8,17.65565237334924,False,False
ZNF285,17.645735947058753,False,False
TRNAU1AP,17.637400129253372,False,False
RABEP2,17.63619584108269,False,False
OSR1,17.631604216233285,False,False
SLC40A1,17.62825080534793,False,False
ZFP161,17.619512056824696,False,False
TMEM80,17.609249310453734,False,False
PHF11,17.608638259582882,False,False
GDNF,17.60239185703758,False,False
FAM214A,17.597758190335828,False,False
CDH1,17.594967257372126,False,False
PET117,17.587697944812902,False,False
HS3ST4,17.58610988525108,True,False
NOG,17.584551531740185,False,False
C10orf32,17.56562867436338,False,False
FAM217B,17.54694254424442,False,False
PLA2G3,17.546455521633856,False,False
TOP1MT,17.54257898492239,False,False
MRGPRF,17.524096941783345,False,False
MDN1,17.52211306043911,False,False
DNAJC24,17.517958464048846,False,False
RNF150,17.51580910563685,False,False
ZDHHC1,17.50063515750196,False,False
PRKG2,17.498020364716755,False,False
CWC25,17.48938065585851,False,False
KATNA1,17.48141246973366,False,False
TRIM62,17.480547447099692,False,False
SLC4A7,17.476537151279082,False,False
LYSMD4,17.462443165362433,False,False
ZNF121,17.45854079844662,False,False
EGFLAM,17.448209163537683,False,False
PPM1H,17.445424856417638,False,False
ZNF124,17.44421343299295,False,False
STK38L,17.418270391035314,False,False
C18orf54,17.417242260003974,False,False
IMPA1,17.411880897989263,False,False
ZNF691,17.398793457206022,False,False
ZFP37,17.394818152203158,False,False
YDJC,17.391507869249395,False,False
NR1D1,17.390377329192543,True,False
POGLUT1,17.383298267653903,False,False
UPK1B,17.37807067001204,False,False
SBNO2,17.35592281819139,False,False
ZFP82,17.345888145535785,False,False
RTTN,17.339165881788723,False,False
HSCB,17.336130355242073,False,False
PLAA,17.333722642149468,False,False
FGF9,17.31899210969576,False,False
MAML2,17.31632438794727,False,False
C14orf169,17.293838057807257,False,False
ZNF277,17.288827776608063,False,False
C12orf5,17.277346855224526,False,False
EVI5,17.267206286041805,False,False
MCART6,17.26098958311401,False,False
ANKRD1,17.26028636991028,False,False
NAT6,17.242429942917965,False,False
BRI3BP,17.23821435940625,False,False
SH2B3,17.22882889193015,False,False
ZNF649,17.21718622077178,False,False
SMAD6,17.21344028084828,False,False
LYSMD2,17.194448423810694,False,False
PCDHB10,17.19004189505328,False,False
C9orf100,17.18875528476682,False,False
USP30,17.187425376355403,False,False
ZNF320,17.186893916318677,False,False
PGBD1,17.17124119322502,False,False
MAML3,17.167151660993557,False,False
NLE1,17.144268629446373,False,False
ADCK1,17.137001210068895,False,False
TRAF5,17.133328960943256,False,False
TNFAIP8L3,17.12706682574774,False,False
NRBF2,17.124235524792084,False,False
SOAT1,17.114515987062966,False,False
VPS37C,17.101138228000607,False,False
TOPORS,17.099282050742183,False,False
ABCC1,17.090713996210127,False,False
ZNF766,17.08296950146799,False,False
NCCRP1,17.08196784515329,False,False
ZNF783,17.081342284567967,False,False
WDR44,17.072178379595513,False,False
TXNL4B,17.058056284872094,False,False
CRADD,17.04218334152133,False,False
BMP2K,17.042152671626255,False,False
CRIP1,17.036445067317025,False,False
PPP1R9A,17.027350776689943,False,False
PGGT1B,17.02631252003135,False,False
BCL2L11,17.017517386040637,False,False
QRICH2,17.007601247499736,False,False
INTS6,17.007223993168868,False,False
SASH1,17.003524586213757,False,False
ANO1,16.998738213964042,False,False
ZSCAN21,16.993814076335518,False,False
STRN3,16.993173552771637,False,False
C16orf89,16.97828828765601,True,False
SLC6A16,16.97818256424653,False,False
GPC6,16.968876686434832,False,False
ASXL2,16.96265178556807,False,False
GALNTL6,16.95795822718181,False,False
TMEM54,16.955978045057375,True,False
ZKSCAN5,16.944327826905756,False,False
SYCE1L,16.937210485314246,True,False
ACSS3,16.93000490870384,False,False
IQCJ-SCHIP1,16.926027518686176,False,False
UVRAG,16.91709801324116,False,False
SLMO1,16.91581153805664,False,False
FRS2,16.900321639119905,False,False
CXorf40A,16.874009032529738,False,False
SCNM1,16.871626976523846,False,False
UNC5A,16.871121654911043,True,False
RCHY1,16.87094345194231,False,False
MARC1,16.864761495946944,False,False
TBC1D22B,16.855762560386474,False,False
PTPRK,16.855369782199297,False,False
MYCBP,16.846903952462835,False,False
SPHKAP,16.845700542162334,True,False
COL4A3BP,16.833666866102867,False,False
CRX,16.833649481816796,False,False
ATG14,16.832950959165295,False,False
SSH1,16.832576667134553,False,False
ATF6,16.829712943467733,False,False
DUSP2,16.80961158484519,False,False
AGFG1,16.806451596074442,False,False
SMAD2,16.784479723596636,False,False
GGPS1,16.783209919757635,False,False
ZNF772,16.777576351311833,False,False
URGCP-MRPS24,16.770785703758293,False,False
KLHDC4,16.76660860207507,False,False
EARS2,16.763707658116058,True,False
CEP152,16.76119966780129,False,False
LOC100130705,16.73328637224971,False,False
COQ6,16.73287287609222,False,False
PTCD1,16.72936909616217,True,False
TPMT,16.72372675018423,False,False
GPAM,16.705304949058966,False,False
HES2,16.700192298604538,False,False
ABTB1,16.69711076721526,False,False
PTGIS,16.696742883461415,False,False
ZBTB16,16.69356909616217,False,False
ITFG2,16.690869359932623,False,False
VPS13A,16.649739156168483,False,False
MOSPD1,16.645308238878947,False,False
ZBTB43,16.636527108116645,True,False
GXYLT2,16.615096246973366,False,False
RGS19,16.61304926834404,True,False
SLC25A18,16.59955399515739,False,False
CCDC40,16.594354236703282,False,False
PFKFB2,16.5934201050403,False,False
RABL3,16.5912367196547,False,False
BRAF,16.588580723701906,False,False
RWDD2A,16.584820133698287,False,False
KDR,16.58323933045584,True,False
BAMBI,16.580682088757882,False,False
FAM72B,16.580507838836837,False,False
REST,16.57485366471325,False,False
C6orf52,16.5742123972114,False,False
GLT8D2,16.57100614567615,False,False
PHOSPHO2-KLHL23,16.569069998011486,False,False
GDA,16.56265373197179,False,False
AGAP7,16.555374745879686,False,False
ARID3B,16.543724855247923,False,False
LOC100127983,16.53026482787662,False,False
CEP290,16.52825204758396,False,False
ARMC7,16.51550060298745,False,False
ZNF329,16.49509380461101,False,False
PAIP2B,16.47470149606391,False,False
C5orf22,16.473072185961094,False,False
STON2,16.46237995169082,False,False
HDAC11,16.45597237603958,True,False
CYBA,16.454800950392436,True,False
METTL16,16.4441911622276,False,False
TMEM209,16.44366013790925,False,False
SZT2,16.442360085272135,False,False
ZNF485,16.439996458691557,False,False
PIP5K1B,16.43966691523084,False,False
C17orf72,16.437652026529108,True,False
PER3,16.430811580166335,False,False
EFCAB7,16.42207575300324,False,False
FAM86B1,16.419609331976464,False,False
WDR16,16.41910839035688,False,False
LDHAL6A,16.415273970944316,False,False
FGF10,16.40955762185493,False,False
ZNF841,16.39820374776292,False,False
SMG8,16.37867276321484,False,False
TP53TG3B,16.376511111111107,False,False
TMEM64,16.37510155279503,False,False
DPH3,16.37032470552456,False,False
GTF2E1,16.36789058263443,False,False
SAMHD1,16.36707062088407,True,False
UNC93B1,16.36362270180487,False,False
BNIP1,16.354765664221965,False,False
SLC29A2,16.351022507632383,False,False
PPP3CC,16.350763496157487,False,False
AHI1,16.349892351826508,False,False
CEP104,16.333570781134856,False,False
ZNF559,16.32325262132856,False,False
CLEC12A,16.322010679486738,False,False
IKZF4,16.316601873881464,False,False
ZNF394,16.310188873682613,False,False
PARD6G,16.308207387912177,False,False
COG3,16.308091396755213,True,False
PAQR7,16.295471919266355,False,False
FLT1,16.277298478787245,False,False
GLRB,16.272941856452725,False,False
FAM212A,16.26497462890831,False,False
STXBP6,16.26424804716286,False,False
VIT,16.2564511422255,False,False
C20orf7,16.248441562269715,False,False
PPIL6,16.24397275093285,False,False
HLA-DOA,16.219693263618392,False,False
MREG,16.214063188522765,False,False
GPATCH2,16.211092314395664,False,False
AAK1,16.202925631937863,False,False
USP15,16.20040060825116,False,False
ZNF333,16.196958185072116,False,False
WISP1,16.194762562141047,False,False
TRIM11,16.19168182440257,False,False
FNIP1,16.172782457217718,False,False
RBMS3,16.171026239604167,False,False
C15orf57,16.168472931653625,False,False
KIAA0240,16.167277797662912,False,False
ZNF140,16.15553400474904,False,False
SNX24,16.152444079493748,False,False
ADAMTSL5,16.151349136751247,False,False
TUBA4A,16.147761149711666,True,False
ZNF620,16.146319531295692,False,False
ARSI,16.140616006948104,False,False
FDX1,16.13512676889965,False,False
CORO2A,16.11648135885649,False,False
METTL10,16.11250920740195,False,False
CNO,16.105113799113358,False,False
SLAMF6,16.103748706296567,False,False
WNT5B,16.101147941303765,False,False
FAM19A4,16.093362420020824,False,False
SEC14L4,16.081136734860987,False,False
ZNF589,16.080041399094643,False,False
CRTAM,16.07790319448831,False,False
DOK1,16.07444723772093,False,False
NME5,16.062980608485102,False,False
SGSH,16.058906684914202,False,False
KRT26,16.055536588061898,False,False
NEBL,16.055501559228457,False,False
FAH,16.05498895088372,False,False
PBOV1,16.043127111040924,False,False
C12orf4,16.041255353195073,False,False
C4orf21,16.037734566211647,False,False
C9orf37,16.027509839047386,False,False
ABCA8,16.02734785182066,False,False
SPRYD4,16.018220566492378,False,False
TDRD7,16.016829669204945,True,False
PIK3IP1,16.01393784608906,False,False
ELMOD3,15.995727714613233,False,False
SOCS6,15.969681719128328,False,False
RWDD3,15.96610338222737,False,False
SPIN3,15.965981930846521,False,False
LRRC28,15.95667089635166,False,False
PGAP2,15.954312562141046,False,False
MRS2,15.952963549964325,False,False
TMEM191B,15.93441650466131,False,False
POT1,15.933599527435636,False,False
RPS6KB1,15.931889796586777,False,False
WDR60,15.919665841433602,False,False
PPP1R12B,15.916044067796609,True,False
PPARGC1A,15.914403584002995,False,False
MMS22L,15.91336210653753,False,False
NFAT5,15.9110186101461,False,False
BRAP,15.909194986606778,False,False
TRIM69,15.904613400825816,False,False
MORN5,15.903812509503926,False,False
DHRSX,15.903135451100113,False,False
EIF3CL,15.897893699336777,False,False
BCAR3,15.896023417669696,False,False
SNX20,15.895128418780919,False,False
CYB561D2,15.869903684013524,False,False
DNASE1L1,15.86734473570317,True,False
POU2F1,15.863189470236632,False,False
MBNL2,15.862522382473008,False,False
TMEM234,15.857295009416195,False,False
ETFDH,15.847279723596635,False,False
BBIP1,15.838673961586599,False,False
MGAT4C,15.827336180416653,False,False
ZNF747,15.825574373910701,False,False
PLEKHA7,15.823652057526523,False,False
ZNF141,15.823527714613235,False,False
PCDHA12,15.818743919827819,True,False
TTC26,15.816080378051494,False,False
MRRF,15.815896918389068,False,False
C5orf42,15.811983504696402,False,False
ZNF486,15.805280439461463,False,False
RIOK2,15.799656387806902,False,False
FASTKD1,15.79894940110655,False,False
UPP2,15.787721784164418,False,False
PCSK9,15.748766302885684,False,False
HIF1AN,15.747269906773814,False,False
IAPP,15.738902373934103,False,False
VWCE,15.735790401913652,False,False
CYTL1,15.726219836590985,False,False
PCOLCE2,15.72053745598952,False,False
ANKRD44,15.72046221707548,True,False
TLR4,15.68507999029137,False,False
PECR,15.682343744370757,False,False
ZNF804A,15.670277126832064,False,False
CDKL5,15.660702631271128,False,False
ENPP5,15.654889135113638,False,False
KHK,15.653212137534945,False,False
AGAP5,15.647204232024423,False,False
CISD2,15.64635014738393,False,False
FAM71E1,15.645283767881997,True,False
TMCO6,15.636521296978628,False,False
FAM104A,15.635519112538159,False,False
PNPLA5,15.629924749973677,False,False
RAB39A,15.624799542057055,False,False
LRRC1,15.616404721549639,False,False
ALG12,15.61617260530348,False,False
CCDC91,15.61061693102198,False,False
ZBTB41,15.609148062953993,False,False
CNTN6,15.605675449462519,False,False
TEAD4,15.601738389421106,False,False
LYSMD3,15.591669906773813,False,False
ADAM11,15.59065525259969,False,False
PLK1S1,15.569529492578164,True,False
OSCP1,15.566644683066054,False,False
C16orf92,15.558493797007865,False,False
NSUN6,15.55399257290241,False,False
C8orf46,15.547734461522264,False,False
KDM4C,15.540649039664993,False,False
PLSCR1,15.530386235393198,False,False
GMEB2,15.52906076429098,False,False
SFXN4,15.526061817033371,True,False
KCNJ11,15.524347955340328,True,False
TTF1,15.520668110093458,False,False
RNF170,15.511027960837982,True,False
CCBL1,15.495610151360962,False,False
TRIM7,15.493839152659348,False,False
GPANK1,15.492663181504488,False,False
FAM26E,15.482580534208278,False,False
CC2D1B,15.479583413458725,True,False
UHRF1BP1,15.475663792095073,False,False
ZNF830,15.471251647541846,False,False
ARL6,15.462443309822087,False,False
PARN,15.462261365523856,False,False
FBXO47,15.452076482904635,False,False
SNAP29,15.440256050929337,False,False
ZNF605,15.439824997368145,False,False
AARS2,15.438684939935198,False,False
TNFAIP2,15.438034614169911,True,False
NAA25,15.437693516276564,False,False
LMF1,15.431290772128062,False,False
NEURL1B,15.42234313611959,False,False
NPS,15.415839856827033,False,False
C4orf33,15.412981261185388,False,False
NR2E1,15.408973202442361,True,False
TSHZ2,15.40664588319238,False,False
PLAC9,15.398255779555742,False,False
IFIT2,15.3954140277924,False,False
CIDEC,15.389473802505528,False,False
RAD18,15.384383156121695,False,False
C6orf120,15.383431678188348,False,False
PIAS2,15.364676398685242,False,False
LIG4,15.363740751658069,False,False
USP36,15.357820699839749,False,False
PPM1F,15.353508738931586,False,False
ZCCHC6,15.348839398299235,False,False
ZNF764,15.34604682188768,False,False
C10orf118,15.341799715174696,False,False
PRMT3,15.331903295083693,False,False
BAG4,15.327853016106959,False,False
DHRS1,15.319088650852137,False,False
CDC40,15.311579530593862,True,False
JMJD4,15.30430974780971,False,False
PRKAA1,15.300590003626112,False,False
ZDHHC13,15.29682182451954,False,False
TMEM117,15.295432008047632,False,False
FUT1,15.290485377408144,False,False
DCLRE1B,15.28535031582272,False,False
PDE8B,15.277126123217649,True,False
EFR3A,15.272289101776796,False,False
CEP57L1,15.269390946415411,False,False
CHCHD4,15.259706816507,False,False
KCTD6,15.23776602917266,False,False
CD300LG,15.229536796270953,False,False
CREG2,15.221093567743972,False,False
KLHL26,15.213664769975786,False,False
WDR27,15.207103964744826,False,False
IFT172,15.189547362880305,False,False
NOA1,15.187290791428339,False,False
WDR35,15.183661164333088,False,False
DIAPH3,15.180726172345627,False,False
ZNF35,15.176514643646698,False,False
COL14A1,15.176346609584636,False,False
FGD6,15.171003537214444,False,False
GOLGA6C,15.161354337298668,False,False
ARPP21,15.132802726017943,True,False
C22orf25,15.13218888830403,False,False
FBXL18,15.131328160859038,False,False
DSE,15.130131260600532,False,False
CAPS,15.11945846931256,False,False
FAM73A,15.112908240633516,False,False
RPTOR,15.112330566375405,False,False
CCDC51,15.099831671170065,False,False
KCNJ5,15.089835772186543,False,False
VPS36,15.077667038635644,False,False
WIPF3,15.076902284450995,True,False
MEFV,15.076047076300434,False,False
KLHL28,15.06367264916775,False,False
RADIL,15.050846515422675,False,False
SPRYD5,15.005018327660215,False,False
DLC1,15.004985351089587,False,False
INTS2,15.00323893567744,False,False
ICA1L,15.001828862102442,False,False
TAF1B,14.998977202278605,False,False
HAS1,14.989770006784338,False,False
INVS,14.985693058333625,False,False
ATP2B3,14.982828718812504,False,False
SMU1,14.978756287796376,False,False
DCLRE1C,14.974685024739447,True,False
RAD52,14.968147379841152,False,False
TNFRSF11B,14.957619099671309,False,False
SIGLEC11,14.957282240235813,True,False
ODZ1,14.950131167608287,False,False
PCDHA2,14.945840067375512,True,False
TMEM70,14.945086433074827,False,False
RBM41,14.941585215402792,False,False
DZIP1L,14.939851685557542,False,False
OSGIN2,14.938099727456688,False,False
ZNF227,14.935529092536058,False,False
MSH3,14.928397978734603,False,False
ZNF286B,14.92319600425776,False,False
PPAN-P2RY11,14.921678813559323,False,False
LCORL,14.921315265934423,False,False
KRTAP5-1,14.916916732755496,False,False
MTMR6,14.916337743739106,False,False
MIOS,14.905548862453358,False,False
CCRN4L,14.905102471605197,False,False
ZNF398,14.901200278976733,False,False
ZNF564,14.899996965762476,False,False
RBM24,14.898792121392892,False,False
ATF7IP2,14.898582382356038,False,False
TRANK1,14.887520122586004,False,False
SLC9B1,14.886931950731656,False,False
ZNF665,14.882188361932837,False,False
GLS2,14.86125560175925,False,False
FOXD1,14.859716580692705,False,False
PEAK1,14.836108023066757,False,False
TTI2,14.835471912248071,False,False
SEMA4D,14.83328449602882,True,False
TET1,14.825677654957834,False,False
NOM1,14.792281564141254,False,False
ACER3,14.78606192230761,False,False
STAM2,14.781702071563089,False,False
FASTKD5,14.777213611374297,False,False
CTSS,14.755549384145706,False,False
NOL12,14.74891958042367,True,False
NOS3,14.744375860032052,True,False
NKD1,14.743068999660782,False,False
NPFFR2,14.738837915687032,False,False
OSGEPL1,14.733059021417457,False,False
ZNF319,14.72474675696857,False,False
CYP27C1,14.719351253933162,False,False
RPS6KA1,14.718211016949155,False,False
COMMD8,14.717695851610111,False,False
C9orf40,14.716612588459602,False,False
SRPX,14.700650194757344,False,False
SASS6,14.70034900281901,False,False
AGPAT2,14.698699587091038,False,False
ACP6,14.697215176451321,False,False
GRAMD3,14.69439002994467,False,False
TBK1,14.680398367664434,False,False
USP54,14.67308089798926,False,False
KRT80,14.659990684399524,False,False
C9orf3,14.647482839714128,False,False
CNTLN,14.643479190207158,False,False
RPH3AL,14.631471381198018,False,False
MBIP,14.629585793241397,False,False
C10orf2,14.614422124551124,True,False
LSP1,14.60427731340141,False,False
SH3D19,14.59347438268356,False,False
RDM1,14.577699952626592,False,False
APOBEC3B,14.577198405095272,False,False
PIGK,14.576512156835221,False,False
VPS37A,14.560262397211403,False,False
NEIL1,14.548299755529822,True,False
AP3S2,14.53349301622393,False,False
FRAT1,14.531370881145383,False,False
NBEAL2,14.52239125112585,False,False
LMO7,14.51328759284603,False,False
C16orf74,14.509166427460201,False,False
HDAC4,14.509139570247164,False,False
SPATA5L1,14.494211655028016,False,False
MON2,14.483960569533634,False,False
MORC3,14.47559029897884,False,False
TATDN3,14.465411901252764,True,False
DPY19L2,14.463789580774586,False,False
NSMAF,14.46053244025687,False,False
TNFRSF6B,14.455671607537635,True,False
RDH14,14.435567481957166,False,False
ARHGAP27,14.432052110748502,False,False
ZC3H6,14.43113829350458,False,False
C8orf55,14.41523683019265,False,False
ANG,14.409575151185505,False,False
SETD6,14.404626344878407,False,False
CLP1,14.39895673755132,False,False
FAM149B1,14.394705526897571,False,False
GCNT1,14.3909641552912,False,False
PLEKHA2,14.389202047583954,False,False
FAM160B1,14.387968001310078,False,False
SULT1A1,14.385363706705968,False,False
FAM200B,14.377861311717023,False,False
PDE12,14.376019410230317,False,False
C11orf75,14.375379471523317,True,False
WDR25,14.375332297551788,False,False
VSIG1,14.374209601010634,False,False
E2F6,14.371061316980734,False,False
PCYOX1L,14.367210361909441,False,False
ZDHHC21,14.364639377244387,False,False
C11orf1,14.343327140868631,False,False
CDC42EP5,14.339553775251197,False,False
TDRD3,14.326441267501842,False,False
CCNJL,14.321457952883929,False,False
RPAP2,14.318249015685861,False,False
ZNF578,14.307230027137358,False,False
GOLGA1,14.303994420465312,False,False
USP38,14.302610939163188,False,False
ATL3,14.30201511738078,False,False
OTUD6B,14.300547447099692,False,False
SCO2,14.280913771040225,True,False
C5orf25,14.2780056824695,False,False
RSG1,14.270876955469,True,False
SH3RF3,14.248454868933571,False,False
ZFP41,14.24836811184803,False,False
ABHD5,14.242017270238977,False,False
PPM1M,14.241203977026823,True,False
FAM86C1,14.230056111169596,False,False
CMTM1,14.21960362435812,False,False
CROT,14.217677358435393,False,False
GUCY1A2,14.217025333660853,False,False
PRKCD,14.199042577581267,True,False
HRH1,14.198975552982184,False,False
CEP135,14.194146537647237,False,False
POLI,14.174402595010001,False,False
AIFM3,14.163692519680435,False,False
ELL2,14.150386443602251,False,False
FAM196B,14.143073008854733,False,False
ORAOV1,14.140950708261688,False,False
TMTC3,14.135591878092432,False,False
C17orf101,14.135147709700439,False,False
ELF1,14.133289101776796,False,False
ZNF814,14.11831456469102,False,False
FKBP15,14.113996053385737,False,False
C21orf91,14.10835253301517,False,False
CD209,14.107628674363381,False,False
SLFN11,14.103367370249499,False,False
PHTF2,14.0967713964043,False,False
PLA2G6,14.078376746090232,False,False
FCGR1B,14.077933527505825,False,False
UAP1L1,14.077411211121637,False,False
ITPRIPL2,14.075310348457734,False,False
FAM117A,14.06855524265712,False,False
LRIG3,14.06112120866524,True,False
FAM184A,14.060782922178943,False,False
CACNB4,14.056002658174547,False,False
MMP19,14.051323012363875,False,False
C17orf53,14.034469898000962,False,False
GLI1,14.024212791989802,False,False
NEK3,14.020626686434829,True,False
FAM72D,13.999758688049035,False,False
DSCAML1,13.971858991589759,True,False
GP6,13.968954589956835,False,False
INTS5,13.962778416441498,False,False
GEMIN7,13.961632403410887,False,False
MC4R,13.957470987589337,False,False
OLAH,13.94444490765109,False,False
CNTNAP3B,13.928344141488576,False,False
PYCRL,13.918400531050052,False,False
CHODL,13.916528584880279,False,False
C1QL4,13.898778367313517,False,False
CPT1A,13.898383745657435,True,False
CYP7B1,13.893986487466517,False,False
YPEL4,13.891274384438127,False,False
RCL1,13.889681690470342,False,False
RCVRN,13.883501959270559,False,False
BNIPL,13.88267013369828,False,False
HCAR1,13.869170633750926,False,False
ZBTB7B,13.845887326151287,True,False
SRFBP1,13.841565496368043,False,False
NBPF7,13.832627830414893,False,False
MACC1,13.813909590483206,False,False
DNAJC22,13.813560759027265,False,False
LRRC18,13.809593454866597,False,False
ARFGEF2,13.794488989484272,True,False
AP5B1,13.788099916950323,False,False
HELZ,13.788039557965167,False,False
APH1B,13.783410742651274,False,False
PUS3,13.77847844802377,False,False
PPM1J,13.771463953515573,True,False
RET,13.761298057690281,False,False
FZD6,13.758400748616813,False,False
USP25,13.756851596074439,False,False
TMEM68,13.733566796504896,False,False
ANGEL1,13.730243944391805,False,False
DCUN1D2,13.72209769215473,False,False
HAUS3,13.714794739212318,False,False
STXBP5,13.70683058859997,False,False
ZNF45,13.704164316711699,False,False
SLC25A40,13.679481260600529,False,False
TMEM106A,13.67196855575441,False,False
MAOB,13.643383008737763,False,False
GREM2,13.641266812296031,False,False
KCNE4,13.632252290884422,False,False
CCDC18,13.628976723280816,False,False
KLHDC9,13.620868791451732,False,False
LACTB2,13.61615017487221,False,False
MSX2,13.61575881671755,False,False
ATRIP,13.613280102583898,False,False
C9orf156,13.610683809991693,False,False
HACE1,13.600145107672153,False,False
CWF19L2,13.596007226491675,False,False
D2HGDH,13.59586731000924,True,False
C6orf118,13.583020785813714,False,False
FBXL20,13.582989903615582,False,False
TIGD3,13.582245995484906,False,False
PPIP5K1,13.579293874208982,False,False
AR,13.560794904726812,False,False
C17orf103,13.543050080125397,False,False
C10orf131,13.541105536840137,False,False
BBS9,13.539854324431813,False,False
GRIN2A,13.53876767846908,False,False
ZNF643,13.53713850171363,False,False
C10orf76,13.515105278918249,True,False
SPATA17,13.514079014750088,False,False
SLC25A45,13.50482979027033,False,False
LATS2,13.500232983588916,False,False
GZF1,13.49888807710753,False,False
KIAA0247,13.496868706647483,False,False
NUDT6,13.49157182861354,False,False
CXCL16,13.482497062848726,False,False
ZNF263,13.476661105847398,False,False
PDSS1,13.463777481255338,False,False
C7orf53,13.450713848241334,False,False
TFB2M,13.44122551438163,False,False
TCP11L1,13.412128792504474,False,False
AK7,13.404944020423203,False,False
AGL,13.397182403410884,False,False
GPR132,13.395355958521947,False,False
C2orf56,13.39165791954709,False,False
ZNF473,13.390109586389212,False,False
KIAA1432,13.385848997555298,False,False
COQ3,13.381668908423109,False,False
CCDC114,13.365425602695021,False,False
SLMAP,13.349239066685382,False,False
TEFM,13.331694040893192,False,False
CRIPAK,13.330583282450785,False,False
NT5M,13.310801915991156,False,False
HIST1H4H,13.28234301622393,False,False
RNF121,13.277242098583478,False,False
FAM175B,13.276451889087742,False,False
FBXO36,13.273536726088127,False,False
SLC19A1,13.257974865190487,False,False
CLCN2,13.257591309611536,False,False
GRIP2,13.254979509539016,False,False
INSR,13.243006590167388,False,False
ZDHHC24,13.233999525681066,False,False
MBNL3,13.232775875823187,False,False
BCAS3,13.222283761448574,True,False
GRPEL2,13.218167307084956,False,False
NUDT12,13.209812043372988,False,False
TMEM41A,13.19949296007767,False,False
ANKFN1,13.194022847434233,False,False
TDRD1,13.185713621901723,False,False
ISY1-RAB43,13.183727568983867,False,False
BET1,13.17522601969798,False,False
SBNO1,13.175091717841644,False,False
ZNF184,13.163200164344786,False,False
GDF5,13.154058956498346,False,False
COG7,13.1517021066545,False,False
ZNF425,13.15099068439953,False,False
PTPRR,13.145395365594041,False,False
CHST12,13.1418040261548,False,False
GALNT5,13.140929906071984,False,False
RELL1,13.13472481781708,False,False
MIPEP,13.130962063842977,False,False
IZUMO4,13.116518438783032,False,False
SLC16A4,13.113909316770194,False,False
PUS7,13.113871275923781,True,False
HRK,13.110526656607131,False,False
ACAD11,13.094525281608592,False,False
ARSK,13.093615548420301,False,False
SPATA7,13.09260563158695,False,False
ZNF883,13.08876073738756,False,False
LECT1,13.08487692505644,False,False
ZCCHC4,13.058974507842928,False,False
DEFB115,13.053999688856136,False,False
IQCK,13.042914337766547,False,False
THAP2,13.034794483629854,False,False
NIPAL1,13.034348584061481,False,False
PMEL,13.027204017381946,False,False
TTC7A,13.027189659730263,False,False
SLC8A1,13.025133266074793,False,False
FAM72A,13.014319097916738,False,False
TMEM138,13.011435833011662,False,False
OR2AT4,13.006916002854092,False,False
BAGE,13.0063768794376,False,False
FRAS1,13.00508865962499,False,False
KIAA1731,13.004135682703444,False,False
ZNF524,12.995819010188207,False,False
FILIP1L,12.994111695967995,False,False
AICDA,12.991646218315388,False,False
PRRT3,12.990765130832488,False,False
DDX10,12.98820782129113,False,False
RBM45,12.987746116550282,False,False
RPS6KA3,12.98530873015873,False,False
MPP6,12.982434824718391,False,False
CCL15,12.981330945362673,False,False
EFCAB11,12.977728418196069,False,False
BRWD3,12.966123882630919,False,False
HIST1H2AK,12.951913383280111,False,False
PRR4,12.95187444058439,False,False
C11orf20,12.947726516241476,False,False
TMTC1,12.946221696435883,False,False
PAPD4,12.936502810822192,False,False
ABCG4,12.92775216338562,False,False
ANKRD18B,12.923289263197292,False,False
FAM160A2,12.918508585114223,False,False
RNLS,12.914528879648158,False,False
MCM9,12.903063356961551,False,False
CSPP1,12.902594657332351,False,False
THNSL2,12.893247631329615,False,False
ISY1,12.8891687335509,False,False
COL11A2,12.887103803324326,False,False
PCSK1,12.885255687733212,False,False
HACL1,12.882314641307271,False,False
PODNL1,12.873620208559961,False,False
TREML2,12.865184752196136,False,False
RASD2,12.856391323063248,True,False
RAP2B,12.853724789743948,False,False
RPGR,12.83375710016259,False,False
RASL12,12.828762639342155,False,False
ATPAF2,12.825911211706494,False,False
NEK7,12.816615327929258,False,False
PRDM16,12.804905215753706,False,False
ZAK,12.798713355206981,False,False
TBC1D15,12.794123651027594,False,False
LDLRAP1,12.794049878934626,False,False
DGKH,12.788048085178557,False,False
WDR96,12.78165953375209,False,False
C6orf70,12.773128677872526,False,False
DNAH14,12.769505700015205,False,False
SLC22A15,12.752164336011978,False,False
CITED4,12.73604459182838,False,False
CPT2,12.727813451708366,False,False
PLIN5,12.723430316641519,False,False
KIAA1324,12.709174270975897,False,False
PIGN,12.707507608988077,False,False
SYT6,12.70286004842615,True,False
FAM183A,12.70212910832719,False,False
AGXT2L2,12.699258177468971,False,False
IL17RA,12.6976857470377,False,False
DYRK4,12.696065316816975,False,False
CRIPT,12.695112913055175,False,False
GCH1,12.69439084582003,False,False
SLC12A8,12.678206489572,False,False
ZBTB44,12.667199764302676,False,False
TDGF1,12.663768338772504,False,False
GSDMD,12.661671801710119,False,False
KCNA7,12.647895755108726,False,False
EPS8L1,12.647196002503188,False,False
GRIN2B,12.62446864348294,False,False
TCFL5,12.624270517949256,False,False
ZNF229,12.619398186943654,False,False
CCDC159,12.619148755424549,False,False
IPMK,12.60711489922916,False,False
TRIM35,12.605852985694401,False,False
GP2,12.605600845118202,False,False
AACS,12.60011993367723,False,False
PLEKHG3,12.58785872664959,False,False
OSBPL7,12.570753024294953,False,False
YOD1,12.568645878513529,False,False
CCDC142,12.565024700260848,False,False
WDR36,12.560313202559334,False,False
PAX6,12.544071105145571,False,False
DRGX,12.532080729550481,False,False
DRAM2,12.53125591758197,False,False
C9orf152,12.523693107461597,False,False
HLCS,12.509795519996256,False,False
TTC39C,12.496212481430794,False,False
HDAC8,12.495643340819504,False,False
GMPR,12.492457821875986,False,False
LY96,12.485242430782188,False,False
G0S2,12.473447827256669,False,False
RTN4IP1,12.47295672994818,False,False
HCCS,12.466603998081672,False,False
MAGEB10,12.457791159888178,False,False
CHAT,12.454752378612953,False,False
EIF2C3,12.450005916412255,False,False
TMEM41B,12.43968407200758,False,False
TLL1,12.43038393515107,False,False
NEFH,12.426508316080055,False,False
MPP1,12.424254396369207,False,False
MBD5,12.417745437531435,False,False
CTC1,12.403963069796822,False,False
ZNF264,12.392546602566357,False,False
USP35,12.376125407937677,False,False
ST6GALNAC3,12.37032382882409,False,False
SAMD12,12.367891535366295,False,False
SLC4A5,12.366399057210703,False,False
ZNF587B,12.353346300780201,False,False
FAM102B,12.352530944777811,False,False
ATG16L2,12.34744640780901,False,False
ZNF7,12.33818845083108,False,False
SLC33A1,12.325671212174381,False,False
C22orf29,12.321328797768187,False,False
CCDC76,12.314867253862978,False,False
SLCO1C1,12.313160421564842,True,False
EFCAB5,12.312146539401812,False,False
PCDH11X,12.311507342293343,False,False
PIGP,12.305194402334747,False,False
PHYHD1,12.302094525154692,False,False
DRD5,12.292537092793394,False,False
DOPEY2,12.29134301622393,False,False
HIC1,12.288034008843038,False,False
NEDD4,12.286386569931338,False,False
SMAD7,12.285154805184174,False,False
HBS1L,12.28196183048508,False,False
PRR16,12.269278012890245,False,False
AKD1,12.261543997028925,False,False
SYNDIG1L,12.238536664678152,True,False
ULBP3,12.238201555719316,False,False
PIP4K2A,12.237147457042262,True,False
RLTPR,12.235707232340244,False,False
EHHADH,12.230580866406992,True,False
CASP9,12.219333646816622,False,False
RSPH4A,12.212487689347416,False,False
MCPH1,12.207691430092057,False,False
ABCB9,12.207045397176309,False,False
C2CD2,12.2036852627762,False,False
SAMD5,12.19987397094431,False,False
TRIM58,12.193059021417461,False,False
GXYLT1,12.19097285094337,False,False
STAMBPL1,12.186488224491466,False,False
GATSL3,12.184347576353069,False,False
HSBP1L1,12.179852595009999,False,False
PLD5,12.175830176275866,False,False
LRRC37A,12.166224924845892,False,False
C19orf54,12.158167439847468,False,False
PIK3CD,12.157681650700074,True,False
NHLRC3,12.155850536313764,False,False
DHRS11,12.15453991940672,False,False
RNF169,12.152896532383526,False,False
RPP38,12.148851563322456,False,False
PDZRN4,12.147756173749283,False,False
CLIC2,12.13975622697126,False,False
ZNF234,12.128061164333088,False,False
ZNF430,12.11875898515633,False,False
AQP7,12.100293495221727,False,False
MMACHC,12.094780049946781,False,False
PBLD,12.091544804131432,False,False
TRIM21,12.086757710753181,False,False
SCAND3,12.083837641974009,False,False
LRRC7,12.083663302569862,False,False
RRNAD1,12.081264769390932,True,False
RCCD1,12.066656866804694,True,False
NR1H4,12.065943998783498,False,False
HSD17B11,12.065173979132306,False,False
ZNF215,12.056329092536055,False,False
SIPA1,12.050397134201258,True,False
ADAMTS13,12.045960007486169,False,False
PEX11A,12.045540644044404,False,False
N6AMT2,12.018312832929782,False,False
TCP11L2,12.018034232843222,False,False
ZNF658,12.016691080932494,False,False
RECQL5,12.014783081844872,False,False
TK2,12.000164506790188,False,False
RASGEF1C,11.999265312138117,True,False
ZNF664-FAM101A,11.996504315658957,False,False
SRD5A3,11.986368078511187,False,False
STAG3,11.97897101741704,False,False
GPR61,11.972357761635728,False,False
KIAA1462,11.970046889146227,True,False
SMAD9,11.968754800505316,False,False
CYLD,11.966831308558795,False,False
ELAC1,11.965295128727002,False,False
GKAP1,11.965232499327414,False,False
MDGA2,11.957846199599956,False,False
RGS7BP,11.956517224035277,False,False
LOC100505549,11.943748308009031,False,False
EDEM2,11.941358016633329,False,False
FHOD1,11.928310348457734,False,False
ZNF550,11.91617142857143,False,False
MBLAC2,11.911061897158765,False,False
ADAMTS5,11.899414011416408,False,False
TAMM41,11.890212348083422,False,False
ZNF682,11.885407837082264,False,False
TCEB3C,11.87345412265618,False,False
KCNE2,11.86728198757764,False,False
MIER1,11.86524261267268,False,False
FGF7,11.863819944204657,False,False
SOSTDC1,11.85902541320139,True,False
CCDC69,11.84504976430267,False,False
SGSM1,11.83354306535191,False,False
PADI2,11.825716295867402,False,False
NCKAP5,11.820434511819958,False,False
PTPLA,11.816085724228284,False,False
HIST1H2AE,11.809107909019662,False,False
ADAL,11.807346986817326,False,False
KCTD21,11.806564485150485,False,False
B3GNT9,11.79551958042367,False,False
ITGA1,11.787508674012471,False,False
ZUFSP,11.784694146167432,False,False
IL10RB,11.780512105952672,False,False
ZNF280C,11.77167490203647,False,False
STAR,11.763736755915827,False,False
BATF3,11.748084587266495,False,False
H2BFM,11.747939547437742,False,False
CYP2B6,11.741612011205865,False,False
KCNJ8,11.741368501947575,False,False
CABP1,11.736535596144623,True,False
CREB3L4,11.73149660490578,False,False
TRMT61A,11.725019517843984,False,False
ERICH1,11.703373005345593,False,False
PIBF1,11.701370387526172,False,False
ADAM33,11.698337406861542,False,False
FCHSD1,11.69770058427203,False,False
ACTN2,11.69140555847984,True,False
C7orf25,11.686263632429144,True,False
ZNF559-ZNF177,11.68358728287188,False,False
MCHR1,11.681959556561509,False,False
KLHL32,11.681021199892387,True,False
GLYATL1,11.67926523961587,False,False
PPAPDC1A,11.673588226246038,False,False
ARHGAP31,11.66993772268426,False,False
CXorf1,11.66001520686388,False,False
TBC1D19,11.650593784725878,False,False
ZNF839,11.648833561427518,False,False
ZNF497,11.634929118269758,False,False
C10orf28,11.630911862067352,False,False
CCDC66,11.630290435250492,False,False
TUBD1,11.627586506766795,False,False
FAM161A,11.62733251921255,False,False
RBFA,11.6248240633517,False,False
CCDC81,11.61932438268356,False,False
FAM40B,11.611652895041582,False,False
NHS,11.599859435496132,False,False
KIAA0355,11.594509939057913,False,False
TRERF1,11.589033809991696,False,False
LRCH1,11.588023768583827,False,False
CYP4V2,11.587891362248662,False,False
CCDC74B,11.58337319483922,False,False
KIAA1274,11.565373160332667,False,False
RHOF,11.56354665695804,False,False
ANKDD1A,11.551982908727235,False,False
ZNF594,11.55163877191751,False,False
C17orf51,11.549168167994294,False,False
ATP10D,11.544901896106024,False,False
CAND2,11.525017401246915,False,False
CD300LB,11.514697214911505,False,False
LYVE1,11.511670508591546,True,False
GSDMA,11.50732669696225,False,False
NT5DC1,11.50317284392509,False,False
PELI2,11.502559388122727,False,False
SYNJ2BP,11.502549026213284,False,False
C1orf212,11.497612572668466,False,False
FAM47E,11.482416392368792,False,False
B3GNT7,11.476959424968706,False,False
N4BP1,11.468143662490789,True,False
ZFP28,11.456166555543858,False,False
PI3,11.450484982629751,False,False
DHRS7B,11.447313706121111,False,False
DEM1,11.446412018224141,False,False
HLA-DMA,11.4457726918623,False,False
TXLNG,11.42893015697559,False,False
MAP3K6,11.425543465394018,False,False
NPHP4,11.403899089377829,False,False
MCART1,11.400456831713282,False,False
NOTCH2NL,11.392359656572037,False,False
CEP44,11.373191210770727,False,False
RSPO1,11.371113158695064,False,False
STS,11.367817122855039,False,False
RASGRP1,11.356931000924074,False,False
SGPP1,11.355332992361769,False,False
APOOL,11.350051322361418,False,False
SCML2,11.350037691101987,False,False
NEK5,11.343233304675348,False,False
C14orf45,11.335138228000607,False,False
STARD13,11.325947344749741,False,False
CTSO,11.323716059000363,False,False
C8ORFK29,11.316116901779136,False,False
DCT,11.312316938625118,False,False
ZMAT1,11.310729639962101,False,False
MORN3,11.294139451521215,False,False
CSNK1G1,11.293977291761706,False,False
ZNFX1,11.287049631540162,False,False
ACY1,11.280528383104656,False,False
FAM54A,11.27031397515528,False,False
GUCA1B,11.26611255921676,False,False
TLCD1,11.264381644851508,False,False
TRAM1L1,11.254876260659016,False,False
PANK1,11.250142502134729,False,False
ZNF791,11.239917315272953,False,False
NOS1,11.220879023522942,False,False
EMX1,11.22003666175387,True,False
PYROXD1,11.21337844977834,False,False
KLF16,11.21158320992853,False,False
APOF,11.195466867857434,False,False
ALG2,11.195144719912038,False,False
ZNF295,11.187973302452889,False,False
SLC10A3,11.186670320852487,False,False
FAM154B,11.18074780269269,False,False
ITPKC,11.177314337766546,False,False
NGB,11.173843541425414,True,False
ARMCX5,11.172754573580844,False,False
RINT1,11.168066938625117,False,False
CNKSR3,11.16207508626639,False,False
DRD2,11.160426976523846,False,False
TMEM191C,11.155899257816612,False,False
FAM190A,11.15451485010118,False,False
SENP5,11.153241010749671,False,False
ZSWIM1,11.139628190101885,False,False
ALG14,11.137138861400615,True,False
APITD1-CORT,11.13558313097285,True,False
ANKRD49,11.13369939759741,False,False
ZNF470,11.132316899439706,False,False
C1orf27,11.131956648068218,False,False
TMPRSS3,11.118662684960983,False,False
RHD,11.11592577230352,False,False
ERBB3,11.113273336959448,False,False
FRG2C,11.109526902831877,False,False
GLTPD2,11.10781105671942,False,False
RORB,11.104136592740755,True,False
TRIP11,11.092581797499152,False,False
C10orf67,11.087736075142422,False,False
MAP4K2,11.060000421096955,False,False
DIRC2,11.059232448444865,False,False
AMIGO3,11.058747515527953,True,False
CD37,11.054363301400148,False,False
SLC30A4,11.05249438888304,False,False
LIPT1,11.050344609958943,False,False
TTC23,11.048017143909885,False,False
ERCC8,11.047194952100222,False,False
NUP62CL,11.042576186967048,False,False
MICB,11.042570802189704,False,False
NIPAL2,11.034072770233124,False,False
B3GNT3,11.031287882935043,False,False
TMC7,11.030670845469112,False,False
AMT,11.016182040214758,False,False
SLC24A4,11.014025755342661,False,False
GOLPH3L,11.012781434887884,False,False
UBIAD1,11.00521792059983,False,False
GTF2H2C,10.996658306137487,False,False
C14orf43,10.986608481009695,False,False
VAMP8,10.985522349721023,False,False
NPAT,10.984868641728367,False,False
BEND4,10.96438142962417,False,False
LXN,10.961399499947365,False,False
PLXDC1,10.958701580283304,True,False
PLCH1,10.956619417248602,False,False
EPHX2,10.954605284766817,False,False
DPF3,10.954577071270661,False,False
CASS4,10.952372397094432,False,False
C2orf50,10.937422086535424,False,False
HIST2H4A,10.936562038109274,False,False
HIST2H4B,10.936562038109274,False,False
COBLL1,10.930361490683229,False,False
SLC19A2,10.92957757424758,False,False
WHAMM,10.928122164906245,False,False
FKTN,10.925598100969694,False,False
FZD8,10.92518434045689,False,False
EML6,10.923795031055901,False,False
ACAD10,10.922608644184766,False,False
ENTPD7,10.921884119380987,False,False
LAT,10.91406664385725,False,False
HIST2H2BF,10.909940522979024,False,False
TAF3,10.883855484787873,False,False
FSBP,10.87570795990221,False,False
MACROD2,10.865528566164857,False,False
LRRC6,10.86507255500579,False,False
C5orf44,10.863328139804189,False,False
VAMP4,10.856681866512263,False,False
POLL,10.83701670175808,False,False
RNGTT,10.836599780093811,False,False
PRRG3,10.835497586880491,True,False
LPAR4,10.8337023739341,False,False
SLC26A2,10.832444157279712,False,False
CACNB2,10.825362885566904,False,False
HES3,10.823933295902494,False,False
WNK3,10.819020329625342,False,False
SLIT3,10.805949447310242,False,False
CPEB3,10.805000538068334,False,False
POLR3B,10.796162590214175,False,False
ZNF138,10.79365701418863,False,False
DDI2,10.787348076405701,False,False
C15orf39,10.77160276988221,False,False
C1GALT1C1,10.759495058544177,False,False
EEA1,10.75065299505211,False,False
ATG2B,10.746818118866313,False,False
TTC32,10.743839587792866,False,False
KRBA2,10.742060760196981,False,False
TTPAL,10.74187902878666,False,False
RIMKLA,10.738791645904247,True,False
ATP6AP1L,10.734705094688328,False,False
TBC1D3C,10.728953621433835,False,False
NR1D2,10.72766909967131,False,False
LMLN,10.727113665765987,False,False
ATP7B,10.72710541752933,False,False
ALG13,10.71883764606801,False,False
AQP11,10.718265104513925,False,False
RSC1A1,10.711140546373302,True,False
ZNF431,10.710750209963622,False,False
INO80,10.707993330876935,False,False
ONECUT1,10.703866325695103,False,False
KCNT1,10.699060874828927,False,False
HIST1H3E,10.698073591957048,False,False
C10orf46,10.695359088091143,False,False
GBP1,10.689509069375724,False,False
C3orf71,10.686104792902178,False,False
KCNC2,10.683954729737634,True,False
REL,10.683297065773006,False,False
DPT,10.682063948251862,False,False
FAM167B,10.678840428232213,False,False
ARL11,10.661945886701524,False,False
SLC35E4,10.65675311553263,False,False
APOM,10.654376902831878,False,False
SP140L,10.652388429776233,False,False
C3orf19,10.645445649834485,False,False
TMEM132E,10.634879430583336,False,False
MDFIC,10.628198186943655,False,False
WDSUB1,10.610815812190758,False,False
FAM196A,10.61019869459943,False,False
ANKRD27,10.599832920424372,False,False
MARS2,10.596006931723808,False,False
SLC38A9,10.593097926097483,False,False
MICAL2,10.588498315027312,False,False
SULT1C2,10.58694345194231,False,False
FAM81B,10.57895031348329,False,False
MSRB3,10.575860743236131,False,False
LGI3,10.57458361523435,False,False
MANEA,10.572956398334327,False,False
ACADS,10.567427102852934,False,False
C19orf47,10.563743367722918,False,False
CPNE9,10.562613753494517,False,False
PDK3,10.547119168099561,False,False
RNF149,10.545810419810271,False,False
NANP,10.543218896141113,False,False
DCDC2,10.542861281304466,False,False
SLC47A1,10.533836424886829,False,False
DOCK10,10.533346462200699,False,False
MALL,10.510488692961836,False,False
UBN2,10.497367222280708,False,False
SPICE1,10.493741846510162,False,False
C9orf103,10.488813959364144,False,False
ERP44,10.475110880092641,False,False
C12orf77,10.467914850101184,False,False
OR4A5,10.432646957574498,False,False
SIRT5,10.425279171491736,False,False
ISG20,10.416319961165504,False,False
SDCCAG8,10.406947941303763,True,False
PRIC285,10.402374982746723,False,False
FBXO8,10.398361633973169,False,False
TRMT2B,10.38764485676855,False,False
CD84,10.377597892175784,False,False
FAM105B,10.370766995941093,False,False
B3GNT4,10.369782361301189,True,False
ADC,10.368844037384054,True,False
LRIG2,10.366094641541215,False,False
SPATA24,10.36567710285293,False,False
ARHGAP44,10.36284151606602,False,False
ZNF181,10.35698756126376,False,False
HIST2H2AC,10.354272987799884,False,False
ALDH1A1,10.328571824519539,False,False
SLC34A2,10.322737072323404,False,False
KIAA1751,10.31666819665228,False,False
GPATCH3,10.315018338772504,False,False
PGBD2,10.313530474552879,False,False
C19orf57,10.310756096548175,False,False
CYP8B1,10.308086664678154,False,False
CCDC129,10.305304640254532,False,False
PPAP2C,10.298951866278323,True,False
OMA1,10.298181193926846,False,False
PDE3B,10.29056803874092,False,False
RHBDL2,10.29010047373408,False,False
ZNF616,10.289231727316327,False,False
BHLHE23,10.285209119673414,False,False
FSIP1,10.261483466680705,False,False
ALG9,10.260744752079166,False,False
CTNS,10.258712542840767,False,False
MANSC1,10.2531693494052,False,False
FAM135A,10.245949478307658,False,False
ZBTB8B,10.242541993894095,False,False
ZNF675,10.237972884280214,False,False
TMEM213,10.226929351627659,False,False
ZSCAN12,10.226787210349627,False,False
PLA2G2D,10.225988263092018,False,False
MR1,10.220040919511991,False,False
ZNF673,10.210495762127007,False,False
FAM13A,10.2080056824695,False,False
UGGT2,10.207508709103882,False,False
ANKRD29,10.204478197705022,False,False
C14orf182,10.195481108537743,False,False
CTNND1,10.192135457533542,False,False
C3orf27,10.154217875565845,False,False
POLR1B,10.151414081599233,False,False
FAM153B,10.140459456550985,False,False
UPRT,10.138541535366295,False,False
BHLHA15,10.128356222877263,False,False
CDKL3,10.123096042858315,False,False
RNMTL1,10.117683920529647,False,False
CHRFAM7A,10.108644197049982,False,False
TAF5,10.108438577745027,False,False
TSPAN15,10.095476960147852,False,False
TRAF3IP1,10.09387115427355,False,False
LRP2BP,10.093495704226177,False,False
FKBPL,10.092617896620695,False,False
AQP3,10.08373401410675,False,False
RFX1,10.083545248037806,True,False
FAM180A,10.071346547004962,False,False
C14orf101,10.068436140061529,False,False
KNDC1,10.062476808085064,False,False
CRYBB2,10.038097086827854,False,False
ABCC4,10.0316552321297,False,False
ATG10,10.029096393772445,False,False
MTO1,10.02759047911476,True,False
CILP2,10.020454053058216,False,False
TSPAN33,10.01686992607409,False,False
ARNTL2,10.016843593477676,False,False
RASA2,10.016091867565004,False,False
TMEM86B,10.011990780900913,False,False
PRKG1,10.011205016317506,False,False
MOCS3,10.003779748160623,False,False
RGPD1,10.002229207752864,False,False
FUT6,10.001607979787345,False,False
TLL2,9.996892583429833,False,False
RIOK1,9.993684135172126,False,False
CEP120,9.991216497643027,False,False
C12orf29,9.985877439730498,False,False
TRIM52,9.980757872173678,False,False
NOX4,9.969509453041839,False,False
KCNE3,9.962934550420513,False,False
CDHR1,9.961886135382674,False,False
FAM126B,9.953544752079168,False,False
C2orf48,9.948875063456969,False,False
SATB2,9.948007542899253,True,False
WDPCP,9.934442219648853,False,False
HAS3,9.924788235603748,False,False
C14orf102,9.921839089494803,False,False
ZNF716,9.9216159648384,False,False
CSAG3,9.918390640535264,False,False
CD8A,9.916869965259503,False,False
SLC22A18,9.915537809243078,False,False
RDH5,9.912255547952416,False,False
ZNF177,9.908491396755213,False,False
ZNF491,9.906858514346538,False,False
SLX4,9.8929886988104,False,False
CCDC102A,9.869326102747658,False,False
OLFML2A,9.842744883671966,False,False
MMP1,9.831612734088967,False,False
ATXN7,9.831269378648045,False,False
NPHP3,9.829265478237476,False,False
TECPR2,9.827014453568212,False,False
XRCC4,9.826176072335098,False,False
AKR1B15,9.819742672912936,False,False
FOXD4L5,9.818366918739981,False,False
MAP7D3,9.81798777883052,False,False
TMEM102,9.79952755553216,False,False
CEP72,9.79423495631119,False,False
STK35,9.79070549648501,False,False
SYT14,9.781930840088428,False,False
PNPO,9.777522705314007,False,False
HHIPL1,9.766261983132727,False,False
MCTS1,9.758844725760609,False,False
PLEKHH1,9.758820805113988,False,False
EXD3,9.75873866313413,False,False
RRP8,9.753750692470552,False,False
TARSL2,9.750973952813746,False,False
ENPP6,9.749904420933198,False,False
ZNF79,9.748631325519646,False,False
WNT11,9.747778569089144,False,False
ANKS6,9.747658184487257,False,False
HIST2H3D,9.744906528172553,False,False
PLD6,9.733371517469676,False,False
PLEKHA3,9.727671226210946,False,False
GALNT9,9.71455275292136,False,False
HCFC2,9.712410401094852,False,False
C1orf124,9.7043286714391,False,False
THAP10,9.703698457147537,False,False
SYT10,9.6986927887146,False,False
KDM6A,9.691609079318292,False,False
ZNF304,9.687297628990185,False,False
IYD,9.686144965551927,False,False
ZNF773,9.682709469417835,False,False
MTRR,9.67785002631856,False,False
BCAP29,9.67482672386567,False,False
SPHAR,9.672265549005157,False,False
AEBP2,9.665922389491291,False,False
GLB1L,9.663840956942837,False,False
ZBED3,9.663534950462621,False,False
ZMYM1,9.637945194230971,False,False
CRLF3,9.634824638850874,False,False
P2RY1,9.63365392672913,False,False
SOCS1,9.632476988220983,False,False
ZNF101,9.63059734474974,False,False
CDH12,9.614463793849644,False,False
CLDN15,9.602827397620803,False,False
MOSPD2,9.600658184487255,False,False
SPDYE3,9.581832808131848,False,False
SLC35F4,9.575352876911019,False,False
ANKRD20A4,9.574577923407144,False,False
ESAM,9.573935319507317,True,False
TTC7B,9.573819726053037,False,False
DNAJC28,9.571851694330395,False,False
ATF1,9.569573344562585,False,False
EMILIN3,9.565213549964325,False,False
ZNF498,9.56419611655028,False,False
ZFYVE26,9.56258256424653,False,False
FCGR2A,9.554815746686781,False,False
PGAP3,9.548363921933305,False,False
FADS6,9.539279045162647,False,False
FAM163B,9.539178024002526,True,False
WIPF1,9.537865357172102,False,False
LNX2,9.533280518417143,False,False
TNRC6B,9.531225771133803,False,False
ZBTB34,9.526778977904108,False,False
TUSC5,9.519568715420338,False,False
GLB1L3,9.516545491923127,False,False
PCSK6,9.508627046121815,False,False
SLC9A5,9.504411956814169,False,False
DCDC1,9.504029025277516,False,False
ST6GAL1,9.49447260179434,False,False
C1orf228,9.49211760302254,False,False
ACTR5,9.479714564691022,False,False
FAM200A,9.472569369875192,False,False
TMEM161B,9.457652948848416,False,False
FIBCD1,9.457225310851435,False,False
C3orf33,9.456815302780408,False,False
SPATA5,9.453732398147173,False,False
ST6GALNAC4,9.448132236141815,True,False
MORN1,9.444461090056263,False,False
ZNF107,9.440084372039161,False,False
SPDYE6,9.431082130867575,False,False
AIM1,9.427218823034005,False,False
CNTN3,9.42160825876408,True,False
KLHL14,9.412163072721105,False,False
PTPN4,9.408329104233193,False,False
MOB3B,9.407229160964313,False,False
SGMS1,9.40530236633096,False,False
C4orf19,9.393849230913197,False,False
KCNS2,9.392179518896725,False,False
PALM2-AKAP2,9.391917966218667,True,False
SCYL3,9.38336012738183,False,False
IFITM10,9.374223076113275,False,False
IL17D,9.37375336117252,False,False
FAM22D,9.363167117006467,False,False
GALM,9.354506158543003,False,False
CEP76,9.34841487641974,False,False
RGPD8,9.346017241580986,False,False
BMP8A,9.345121370085742,False,False
TMEM67,9.341251596074441,False,False
TPCN1,9.340808763495572,False,False
SCLT1,9.339615262425285,False,False
C16orf91,9.325086103215543,False,False
HOXA2,9.32420080534793,False,False
NTRK1,9.319561074849982,False,False
C4orf32,9.314041798551894,False,False
SIX1,9.305819557614255,False,False
FBXO6,9.30529731843118,False,False
C16orf70,9.30520851785568,False,False
MMP10,9.303456507117707,False,False
C16orf52,9.298650429284955,False,False
PHOSPHO2,9.291575050005264,False,False
HIST1H2BH,9.285381750125744,False,False
TTC30A,9.275467829362155,False,False
THAP9,9.269572822870241,False,False
BVES,9.267740663344682,False,False
C9orf171,9.267246499046681,False,False
CLIP4,9.265752542372882,False,False
KLHL11,9.263291612567405,False,False
LOC100507003,9.253614369348822,False,False
SSX7,9.252209306242769,False,False
PLA2G7,9.249958517855683,False,False
DTWD2,9.243022105250844,False,False
C9orf95,9.242128903042426,False,False
MFSD9,9.239693130271023,False,False
HLA-F,9.239072349136165,False,False
CCDC150,9.236067674959937,False,False
CEACAM5,9.234880897404409,False,False
AVPI1,9.21941933829292,False,False
PCDHA1,9.215530923722966,True,False
GCC2,9.214246152226549,False,False
LOC100144595,9.209552521318033,False,False
FLJ25363,9.204592516171294,False,False
ZNF717,9.195524458130096,False,False
TMEM110-MUSTN1,9.192529139324607,False,False
ZBTB37,9.192139877297025,False,False
C3orf15,9.188257854627972,False,False
ZNF202,9.187096862242807,False,False
FCGR2B,9.17763874384438,False,False
CEPT1,9.177310122118119,False,False
APLF,9.174841988630382,False,False
SMARCD2,9.17133881929092,False,False
RIC8B,9.169461714683417,False,False
CEP164,9.162699105168965,False,False
PCGF5,9.157959696927161,False,False
PPAPDC3,9.155316096431203,False,False
CDH22,9.153834913616638,False,False
FOLR1,9.152243307482655,False,False
KCNH7,9.150082308664071,False,False
PALB2,9.143657463358718,False,False
UBOX5,9.13940971622744,False,False
PABPC1L2A,9.12998278005872,False,False
C6orf162,9.126593995274357,False,False
NSUN4,9.11856736089179,False,False
POF1B,9.114714739563228,False,False
ZNF114,9.106258921406932,False,False
PILRA,9.10595117907148,False,False
RELB,9.09849966955586,False,False
ZNF419,9.090563832450199,False,False
C8orf44,9.088103987554247,False,False
TYW1,9.087356374355195,False,False
ABCC6,9.083761453837246,False,False
ZNF34,9.079499215122059,False,False
POLK,9.07340881086898,False,False
DCAF17,9.055731120234878,False,False
SLC35A3,9.055183799464272,False,False
TBC1D3,9.0513971675381,False,False
TRIM68,9.051317912411832,False,False
COX15,9.047783404685871,False,False
TNFAIP6,9.043237877671332,False,False
C1orf114,9.033677625130132,False,False
MAP3K3,9.031044928705946,False,False
SSX3,9.029985722473713,False,False
KRTAP15-1,9.027973118222967,False,False
TMEM200A,9.02715368225895,False,False
PDGFRA,9.025028508264027,True,False
UTP15,9.017182051911897,False,False
HSPA2,9.013115091062215,False,False
TRADD,9.011538657870418,False,False
CERKL,8.983535820729665,False,False
CYB5RL,8.979679508369301,False,False
CTU1,8.978680869331274,False,False
SV2B,8.965972757951128,False,False
CYP2R1,8.965832261290663,False,False
FOXS1,8.96573340877987,False,False
KCNS1,8.965431755974313,False,False
SLC47A2,8.96452363406674,False,False
JAKMIP3,8.958969782199295,False,False
FLT4,8.953373076113275,False,False
BEND7,8.942141093799346,False,False
KCNB1,8.939966059585219,True,False
JRKL,8.93112239183072,False,False
SIRPB1,8.924625151185507,False,False
IGSF1,8.923249743247828,False,False
USP18,8.92076673334035,False,False
FAM118A,8.91875584389,False,False
POP4,8.917168490835293,False,False
GCC1,8.91665288977787,False,False
PPTC7,8.916363177995343,False,False
GALNT6,8.913306442198591,False,False
ZNF566,8.905646957574481,False,False
C8orf84,8.894817781988747,False,False
FAM101B,8.892139998362401,False,False
CYP21A2,8.890172991893884,False,False
MTM1,8.886323552771637,False,False
IFT88,8.885917533424571,False,False
NMNAT3,8.88541512264449,False,False
CCDC134,8.884647581616779,False,False
NAALAD2,8.883265015030823,False,False
BTBD19,8.881060774233545,False,False
ZXDB,8.880552483887193,False,False
A1BG,8.880401232878315,False,False
B3GALT4,8.87729780269268,False,False
C22orf42,8.875495278450362,False,False
ST3GAL1,8.875292379314782,False,False
TSNARE1,8.870066538583009,False,False
FAM175A,8.864682294042648,False,False
SRL,8.858398004468304,False,False
SLC30A10,8.856617674959937,False,False
PI4K2B,8.851868217707128,False,False
WDR31,8.850412186662922,False,False
ZNF354B,8.84642388087635,False,False
NMI,8.82761084090723,False,False
ZNF610,8.826560933899474,False,False
NFKBIE,8.825790851083738,False,False
NRTN,8.822680076850194,False,False
FLRT1,8.822605205811138,True,False
TEF,8.821120310325062,False,False
POLG2,8.80801547531319,False,False
PPIAL4D,8.807251247499737,False,False
PPIAL4F,8.807251247499737,False,False
WFDC8,8.801816981904532,False,False
FAM123B,8.791731300955655,False,False
KRTAP19-8,8.785615983553827,False,False
SIGLEC14,8.78546531213812,False,False
EBLN2,8.78464141254635,False,False
TMEM186,8.783402999730965,False,False
THUMPD2,8.781749431519106,True,False
ENTPD5,8.781381960674224,False,False
GJD2,8.780001450445075,False,False
PCDHGC5,8.779931041279198,True,False
TMEM220,8.775769665227918,False,False
ATG4A,8.770334150378401,False,False
ZMYM6NB,8.767957411306453,True,False
STYX,8.76632385631236,False,False
AAED1,8.76558352575125,False,False
ICA1,8.75391570633166,True,False
NT5DC3,8.739113742967096,True,False
GDPD3,8.734491689768513,False,False
PSTPIP2,8.731117587231404,False,False
SNTB2,8.729519966429216,False,False
XRN1,8.726825907405457,False,False
RASSF9,8.724258073949306,False,False
ITPR2,8.722323236948919,False,False
CEACAM8,8.721332327379493,False,False
C15orf52,8.703984071422724,False,False
TMEM185B,8.69737249125639,False,False
GULP1,8.692826429097801,False,False
SPAG8,8.689258661730474,False,False
UBTFL1,8.67635965657204,False,False
SYTL5,8.675739126340781,False,False
GORAB,8.670038456094794,False,False
ACOT13,8.669551326455416,False,False
EMB,8.65469718508381,False,False
QRSL1,8.650448358891579,False,False
MAP3K14,8.644017712390779,False,False
LAMC2,8.642894995379631,False,False
IL12B,8.626102252283868,False,False
FAM179B,8.618722012843458,False,False
APOL1,8.613853833152028,False,False
TRPV1,8.607384950462622,False,False
LYPD5,8.586627633902985,False,False
ST3GAL6,8.572587694611128,False,False
CNNM2,8.569829088442056,False,False
DFFB,8.569420243651379,False,False
DOCK11,8.563412217075483,False,False
DMXL1,8.562717217601854,False,False
MFSD4,8.561584985554035,False,False
RUNX1,8.55726982079985,False,False
ADAT3,8.548032372998327,False,False
HIST1H3H,8.539932398147174,False,False
HEMK1,8.537963065702824,False,False
FAM157A,8.534516417517635,False,False
ZNF10,8.526841833643307,False,False
ICAM5,8.526697039454444,True,False
BGLAP,8.52087767425811,False,False
RBM20,8.515301189598905,False,False
SLC14A1,8.512645962732918,False,False
AUH,8.488291717841644,False,False
PLA2G4C,8.47973230632464,False,False
USP37,8.476173686119006,False,False
TWISTNB,8.470307974523633,False,False
STK3,8.464916878384859,False,False
GRM1,8.46047752161046,False,False
LIPE,8.453928750394779,True,False
FANK1,8.450048634359172,False,False
ZNF460,8.447202875156448,True,False
TMSB4Y,8.441280976944942,False,False
HSD17B13,8.440575272250879,False,False
ADCK5,8.43599406779661,False,False
KANSL1L,8.435208565229088,False,False
KCNJ3,8.418803357663379,False,False
INADL,8.418330683346786,False,False
ZFYVE28,8.408737301587305,False,False
C12orf73,8.406094791849435,False,False
C17orf97,8.400895760372437,False,False
ZNF222,8.398824384438127,False,False
GGT1,8.398438656700707,False,False
HYDIN,8.397610511632804,False,False
TRIM43,8.392234792551267,False,False
EML3,8.39097773391351,False,False
CBR3,8.382226835573336,False,False
ZBTB25,8.379537488156647,False,False
C7orf71,8.37721171117427,False,False
ZNF652,8.368555258448259,False,False
CNGA3,8.362937310360154,False,False
NFKB1,8.359852131803349,False,False
NDST3,8.358552863459312,False,False
ATG4C,8.356492798657168,False,False
ITGBL1,8.352244657332351,False,False
LIN54,8.350578318770395,False,False
SLC6A7,8.349997820238388,True,False
MRVI1,8.347959493396967,False,False
UCN,8.332901610695863,False,False
C18orf25,8.3257127025067,False,False
ATR,8.324989336889264,False,False
ATG5,8.321708437145432,False,False
MFSD11,8.319490870384017,False,False
CRYAA,8.31786298674714,False,False
CCDC152,8.31575493151326,True,False
CCDC149,8.31200983261396,False,False
TTC27,8.290726051280252,False,False
KANK1,8.28165657437625,False,False
SNTB1,8.281494554982396,False,False
ATG2A,8.2814865243125,False,False
RAB20,8.272057435285586,False,False
ANKRD5,8.263958433636287,False,False
FBXO16,8.259957558690388,False,False
LPPR5,8.259321949678913,True,False
PAPOLG,8.259062785556374,False,False
MPPED1,8.258056479044576,True,False
CCDC28A,8.254593695242773,False,False
RFFL,8.254312028751565,False,False
ACSBG1,8.24867380192067,True,False
KLK7,8.243681213811977,False,False
RARRES1,8.240326874173892,False,False
ZNF700,8.230965959574693,False,False
DAPK2,8.227743325613226,False,False
PEX3,8.226109737867143,False,False
ARHGAP42,8.214067455638604,False,False
WDR17,8.207645088371875,False,False
ZNF420,8.202963538267186,False,False
VWC2,8.20241156379034,False,False
PAOX,8.201566153747178,False,False
SPATA2,8.195963720157676,False,False
PPL,8.19301213285609,False,False
GEMIN8,8.186256893123252,False,False
RNF103-CHMP3,8.183372191809665,False,False
EDEM1,8.177674775707386,True,False
WDR67,8.17629143711034,False,False
LENG9,8.16794790796692,False,False
LYPD6,8.161534377302873,False,False
KIAA0825,8.15914865015031,False,False
C8orf37,8.157020849563112,False,False
DNAJC15,8.15479208103777,False,False
C6orf165,8.14508300347405,False,False
TMEM200B,8.143405219262847,True,False
ZNF345,8.139866370144228,False,False
JAK3,8.1334130850031,False,False
ZNF709,8.120460747914985,False,False
ZNF654,8.119574856417634,False,False
CDKN2A,8.119333593009792,False,False
CGB2,8.117647273397207,False,False
GPR78,8.10153743493467,False,False
ZNF180,8.096162209472341,False,False
IGSF5,8.091396135850557,False,False
POC5,8.090865822133322,False,False
DCAF10,8.083900245055036,False,False
MCOLN3,8.083671680644745,False,False
TC2N,8.081656500099426,False,False
ELK4,8.077976502789767,False,False
MTL5,8.074557810763707,False,False
MEGF6,8.071215260670714,False,False
UTP23,8.066063728930532,False,False
POLM,8.059449525681066,False,False
FBF1,8.057842786375174,False,False
PHC3,8.055146183808823,False,False
DEPDC5,8.054121952603198,True,False
HOMEZ,8.051558807359838,False,False
ROR2,8.049035077376567,False,False
HES7,8.046640130540055,False,False
IRF6,8.037558716707021,False,False
PARK2,8.033198757763975,False,False
TTC21B,8.031575979342854,False,False
ZNF506,8.031539591302009,False,False
PRR19,8.03153846837679,True,False
PTCHD1,8.03056968394334,False,False
RICTOR,8.026836610286463,False,False
HS3ST1,8.023390514206175,True,False
ZNF484,8.017911791884526,False,False
KMO,8.007331953655939,False,False
L3MBTL3,8.00650732182335,False,False
TGFBR3,8.004156900726393,False,False
NANOGNB,8.002698894620485,False,False
HLA-DRB5,7.99993191388567,False,False
ZNF382,7.998105026260074,False,False
DGAT2,7.98439029897884,False,False
PRR23A,7.980611948041316,False,False
KIAA2018,7.978998841983367,False,False
ZNF800,7.976326902831877,False,False
NEXN,7.9641213601431735,False,False
XRCC6BP1,7.956853268765133,False,False
TMEM136,7.955147550034506,False,False
PEX12,7.951185709022003,False,False
MOG,7.951095378460887,False,False
OTUB2,7.942575450047373,False,False
RIPPLY2,7.940073415915125,False,False
OGFOD2,7.938533745657438,False,False
ZNF721,7.9354582704612175,False,False
SFMBT1,7.922918644067797,False,False
RPP40,7.921413206068475,False,False
OTUD3,7.920861267267899,True,False
C5orf54,7.917941993894095,False,False
CHST5,7.90733754196348,False,False
PRND,7.90700015206279,False,False
BDH1,7.896946778023416,False,False
C7orf57,7.889544186522558,False,False
USP53,7.888987475289796,False,False
CD109,7.881992951304816,False,False
TBCEL,7.875646486764689,False,False
NAPEPLD,7.871735766337977,False,False
VWA3A,7.867832303400357,False,False
TSNAXIP1,7.865652626007416,False,False
OR4A47,7.864732203389834,False,False
ZNF568,7.858306107075599,False,False
FMNL3,7.855459522054953,False,False
GPR1,7.853432497572842,False,False
ZNF707,7.852337850767917,False,False
ABCB10,7.850299306359734,False,False
LIMS2,7.8502559848405085,False,False
KIAA1407,7.848785938285902,False,False
VTCN1,7.8435462849890625,False,False
KCNK1,7.840608445918283,True,False
TIGD7,7.816055994783077,False,False
TRIM61,7.813244430407878,False,False
PPARA,7.807828920003276,False,False
ADCY9,7.803497585125919,False,False
ZNF239,7.797838656700705,False,False
HIST1H2AG,7.7962555807044005,False,False
TMOD1,7.79495375946006,True,False
CA13,7.7832424933618745,False,False
KCNMB2,7.779454637330246,False,False
FARS2,7.777886390965131,False,False
EIF4E3,7.77543294147922,False,False
PCDHB5,7.764440029944672,False,False
SMTNL2,7.76266295691944,False,False
FAM110C,7.762493649623936,False,False
OR2M4,7.760542335450519,False,False
OR4D11,7.757509758921984,False,False
EGFL7,7.753317083669626,True,False
HCN1,7.7530321349615745,True,False
ZNF583,7.743501300136856,False,False
TNFRSF1B,7.732854438478905,False,False
KHDC1,7.732126095144518,False,False
WSCD2,7.731608235369806,False,False
THADA,7.726786545952207,False,False
OR2L8,7.726713680387405,False,False
OR4F6,7.708019565217397,False,False
ZFP112,7.706667654489946,False,False
SLFN13,7.69971971786504,False,False
RAB27B,7.699569403212035,False,False
ITIH4,7.698721023265607,False,False
CEP128,7.69530245815349,False,False
MTR,7.694001048648396,False,False
SLC44A3,7.686077781871775,False,False
BMP4,7.683241981027242,False,False
GPRC5A,7.680135045794294,False,False
ZNF223,7.6760953041840665,False,False
G6PC,7.672818317717654,False,False
LOC440335,7.669557101917161,False,False
MARCH3,7.665866495888457,True,False
FBXO46,7.663383215192242,False,False
CNIH3,7.657303726123217,True,False
HYAL4,7.647827453182207,False,False
CCDC96,7.64082757249301,False,False
SLC9A3,7.626328160859038,False,False
SIRPB2,7.625845607724786,False,False
TCAP,7.620050667906563,False,False
AMPD3,7.6131071112748705,False,False
UBAP1L,7.611731751880314,False,False
RIPK2,7.609363928951586,False,False
OR4K2,7.607377777777783,False,False
LOC284385,7.606479669204943,False,False
H2AFJ,7.604972423412991,False,False
FAM150B,7.600987250704752,False,False
PARP16,7.599926158309062,False,False
TNFRSF14,7.599631943128519,False,False
HIST1H1E,7.599252057526523,False,False
TYSND1,7.598884673240458,False,False
DCLK3,7.5932631060579485,False,False
LRG1,7.579076546069177,False,False
MAK16,7.573232202804973,False,False
RNFT1,7.568185882139639,False,False
SLAMF7,7.55735071586483,False,False
USP45,7.5548738025055275,False,False
RIMS2,7.549019704998187,False,False
ADAMTS4,7.543955607022963,False,False
ECM2,7.53238951761004,False,False
GGT6,7.5286294183013425,False,False
FOXC1,7.525894033874911,False,False
TNIP3,7.516126158309062,False,False
ZNF677,7.5103308307307195,False,False
VWA5B2,7.5015723245721775,False,False
DDX59,7.499467522897147,False,False
SLC25A30,7.494909590483209,False,False
ESCO1,7.487087846089061,False,False
SLA2,7.484653792796905,False,False
GNB1L,7.477698015580588,False,False
TMEM171,7.475414025452972,False,False
PIGL,7.471050236867039,False,False
KRBA1,7.469205715806342,False,False
CCDC65,7.463263838298769,False,False
ZNF77,7.451962332877145,False,False
TMEM116,7.449986235393198,False,False
MAP3K2,7.444473107695548,False,False
PGAM4,7.42307230702647,False,False
ADARB2,7.4214395410043155,False,False
C9orf66,7.420964585745869,False,False
PRDM14,7.418919154647855,False,False
NPFF,7.418653184545742,False,False
ZNF418,7.4177077704085805,False,False
FARP2,7.4153653817360885,False,False
VENTX,7.41400854826824,False,False
DYNC2H1,7.411736103215544,False,False
DCAF4,7.394592305622813,False,False
KCNAB1,7.389664601537004,True,False
C3orf35,7.3811284164414985,False,False
SH3BGRL2,7.376879914844837,False,False
RAD51D,7.373104892912704,True,False
PRSS3,7.370976950205283,False,False
EPHX4,7.364258109040719,False,False
GTPBP10,7.3538901597829,False,False
ZNF624,7.349312800762655,False,False
PCDHGA10,7.338294967306499,False,False
SLC2A11,7.335884673240457,False,False
TMEM86A,7.33538046636488,False,False
TMEM179,7.333282071797031,False,False
PCDHA11,7.322477997099109,True,False
CCDC146,7.319336882829771,False,False
LRRC32,7.317991872828719,True,False
FBXL4,7.303017395983204,False,False
HLA-DPB1,7.302814148857775,False,False
RGS14,7.302193246657543,False,False
TRAF6,7.302066059000363,False,False
ACSM2A,7.301048052426571,False,False
C21orf7,7.297504764829047,False,False
RARG,7.296591330081529,False,False
CNOT6L,7.295670365301611,False,False
HSD3B1,7.292124734182547,False,False
TGDS,7.289993415096327,False,False
USP44,7.286499231498052,False,False
PDE6B,7.285940904305717,False,False
FOXD4L4,7.2778236984010025,False,False
FOXD4L2,7.2778236984010025,False,False
DNAJC30,7.274972217543366,True,False
C19orf40,7.272228483115181,False,False
GHRL,7.270998711560285,False,False
C5orf63,7.260482455463147,False,False
UBD,7.259767175492157,False,False
ZNF680,7.257544937478799,False,False
BCL10,7.256089359698683,False,False
RFPL2,7.2552887251289615,False,False
TMEM110,7.251889383092958,False,False
AHRR,7.2488961323414145,False,False
ADRA2C,7.245681650700074,True,False
KIAA1671,7.242684561532793,False,False
USP31,7.240867043314501,False,False
PPP4R4,7.239310390567427,False,False
GPKOW,7.225674930109602,False,False
HSD17B2,7.225074426547823,False,False
HIST1H4A,7.219456277268954,False,False
SPSB2,7.216067499502872,False,False
PTPN14,7.215567374928357,False,False
HIVEP3,7.213001141640642,False,False
TSPY4,7.211538209285189,False,False
ALKBH3,7.199126031979975,False,False
C10orf107,7.195631392778187,False,False
ATG9B,7.194077611093565,False,False
TMCC3,7.189947893930356,False,False
MARVELD2,7.1817985314243575,False,False
PHKA2,7.1809786111988405,False,False
NOXA1,7.16801035664573,False,False
SLC22A5,7.165405591231826,False,False
EPG5,7.152050221075903,False,False
ZBTB20,7.151331261185387,False,False
AKAP5,7.140496473312982,False,False
LOH12CR1,7.138711684855715,False,False
GRM6,7.132599639728158,False,False
SGK3,7.128950421096958,False,False
ZNF549,7.12689134119381,False,False
TMEM187,7.125284131078125,False,False
TTLL3,7.1242588459603935,False,False
ADSSL1,7.119836893357195,False,False
C2orf81,7.117432822168415,False,False
SLC25A32,7.10299564164649,False,False
SOX7,7.093070791662281,False,False
CXorf21,7.0913430214876385,False,False
NFATC1,7.090327113380356,False,False
DHX37,7.089446555192945,False,False
B3GNT2,7.088210005731596,False,False
PARVB,7.0878660069481,True,False
SLC35F2,7.087587012083143,True,False
C20orf94,7.0824566983659105,False,False
SLC25A43,7.067447306149186,False,False
ZNF763,7.059027960837983,False,False
AKR1D1,7.058178176065317,False,False
GALNT14,7.052703276953129,False,False
PCSK4,7.051533450889567,False,False
PDE8A,7.048822077177715,False,False
RRP15,7.047336755915828,False,False
SNTN,7.045833487150693,False,False
LRTM2,7.0395480483325725,True,False
TRIM64B,7.021627242633727,False,False
LOC100129480,7.0212985998526145,False,False
WDR91,7.013581729070898,False,False
LRAT,7.007749688856137,False,False
PQLC3,6.998408593302221,False,False
TMCO7,6.997339021066544,False,False
MTHFSD,6.993108295025207,False,False
UTY,6.977215669485676,False,False
SREK1IP1,6.972439152659344,False,False
FLJ44635,6.960503496274458,False,False
ELL,6.958909743130857,False,False
KISS1R,6.956267270238973,False,False
MYOM2,6.952177826905757,True,False
ANKRD26,6.950666809956603,False,False
DYDC1,6.948503779345198,False,False
C10orf12,6.943314480471628,False,False
RNF207,6.942688851458046,True,False
MYOZ3,6.938090098957785,False,False
JMY,6.930180772829888,False,False
DTHD1,6.928203380472801,False,False
FASTKD2,6.926767741633623,False,False
THAP6,6.9217633201155655,False,False
OR1L3,6.913986976991729,False,False
TM4SF20,6.912583664362331,False,False
HOXC6,6.909942567053842,False,False
ZNF526,6.908976150121063,False,False
PLEKHM3,6.8925543507503715,False,False
TRIM39,6.886476026716264,False,False
ACER2,6.884640058017803,False,False
NYAP2,6.8840212770934945,False,False
EGR2,6.873541084441636,False,False
CD55,6.873365818624182,False,False
FICD,6.8676888567217595,False,False
AP5S1,6.866567867962711,False,False
HAPLN3,6.865193875963551,False,False
HMSD,6.864695732299306,False,False
HS3ST5,6.861018975096793,True,False
ZNF528,6.857418231158835,False,False
ZNF575,6.840070049478893,False,False
DRD4,6.835009365313307,False,False
TTC30B,6.827408695652175,False,False
AGAP8,6.827188303447146,False,False
TMEM31,6.822734615339626,False,False
TAS2R16,6.8210294978418755,False,False
OTUD6A,6.81714621480624,False,False
ZNF816,6.816564190967471,False,False
PAQR5,6.815023396614849,False,False
CLDN10,6.814538592951305,False,False
GALNT13,6.811364028962113,False,False
THSD4,6.808153426676492,False,False
SERAC1,6.807514550069598,False,False
GPR83,6.795963975155281,False,False
C22orf46,6.794943683545635,False,False
ZFPM1,6.7908255512276146,False,False
SLC25A16,6.790289614696284,True,False
PDGFRL,6.789066101110059,False,False
DACH2,6.780625476365932,False,False
HEY2,6.778067499502872,False,False
SPRR2E,6.7767018961060215,False,False
BCAM,6.774772486577534,False,False
NUDT17,6.770825191540631,False,False
ITGA4,6.760578604180558,False,False
WDR49,6.760354441988046,False,False
WDR53,6.759008590377935,False,False
TRIM39-RPP21,6.748616383595935,False,False
ZNF570,6.74780646910201,False,False
ZNF434,6.743540973903685,False,False
RHBDF2,6.741354879460998,False,False
FAM26F,6.734234632885333,True,False
TRIM14,6.724543783556163,False,False
ZNF174,6.721243567743973,False,False
KCNS3,6.707811727550268,False,False
TTLL11,6.706845036319613,False,False
OTUD7B,6.696784677334456,False,False
CXorf23,6.685341323063247,False,False
DAK,6.684647815559533,False,False
OCLN,6.682463204313903,False,False
TAT,6.675615938519847,False,False
PDE7B,6.673918117696599,False,False
POP1,6.673022245616497,False,False
ZNF576,6.672811922307611,False,False
TIRAP,6.668355268390824,False,False
OTUD1,6.667255454375314,False,False
BTD,6.661759037208596,False,False
C2orf76,6.652624700260846,False,False
ARL13B,6.651520375829035,False,False
MLYCD,6.651243960182942,False,False
WDR78,6.647675365243126,False,False
ZNF555,6.6458335614275175,False,False
MRAP2,6.635249909932039,False,False
ZNF81,6.634166141465182,False,False
C9orf102,6.629564890456305,False,False
RSPO3,6.623411116959679,True,False
ZNF718,6.621939610602286,False,False
B4GALT6,6.618513637692858,False,False
MTTP,6.6136250669661125,False,False
ERAP2,6.611566471324468,False,False
GBP6,6.599036422547401,False,False
ZNF780B,6.596017943409248,False,False
PRR22,6.595697746546419,False,False
CDYL2,6.580743407493186,False,False
CD3G,6.580171966639762,False,False
RAMP3,6.573036371664853,True,False
ZNF500,6.572946616602917,False,False
ADCK3,6.570526626779428,False,False
CLCF1,6.566364534278463,False,False
ZNF607,6.56012091389737,False,False
RPUSD2,6.556863885087318,False,False
CLOCK,6.555124703769987,False,False
OR1E2,6.546536924939464,False,False
UQCRHL,6.545335268039911,False,False
KLF2,6.544378445099484,True,False
LRGUK,6.543257519504977,False,False
ZSCAN5A,6.5395483150273135,False,False
OVGP1,6.5383825923196595,False,False
DERL3,6.522060544384789,False,False
ALX3,6.519782766022154,False,False
ST7L,6.506703947783977,False,False
LILRB3,6.503144820507421,False,False
LNP1,6.502691242352997,False,False
ZNF383,6.488855208735421,False,False
ENO3,6.48660164695699,False,False
SDCBP2,6.480820243651378,True,False
KCNIP3,6.4698671070639,False,False
C7orf46,6.4688931495713,False,False
SPATA6L,6.468793204547849,False,False
SERHL2,6.465239775531926,False,False
RPGRIP1L,6.455929255711127,False,False
APBA3,6.455055336819082,False,False
DZANK1,6.453337219707336,False,False
HIST1H4I,6.447334229334082,False,False
LOC81691,6.4435542320244235,False,False
TCEANC2,6.441197132446691,False,False
RBAK,6.441093003941935,False,False
VMO1,6.42970245815349,False,False
MFAP5,6.425834071422723,False,False
C4orf47,6.4208494256705375,False,False
KCTD18,6.416472449731551,False,False
WWOX,6.411300389514686,False,False
PRAMEF10,6.402356898386965,False,False
COL21A1,6.4022734720613865,False,False
CCDC135,6.397681436057597,False,False
HYAL1,6.395987135487946,False,False
DENND3,6.389556812413002,False,False
ZFX,6.38866744160204,False,False
HSFX1,6.385612258600321,False,False
SEC22A,6.383557972184206,False,False
MBP,6.382811997169291,True,False
CCDC111,6.3722495888456105,False,False
RIBC1,6.370930390333485,False,False
ZNF136,6.3629930267513535,False,False
ANKRD16,6.359827697067527,False,False
DHFRL1,6.353814948941995,False,False
PARP10,6.348162106537531,False,False
ABCC2,6.344838830403199,False,False
ZFY,6.342045644570773,False,False
RHBDD1,6.338928418780924,False,False
ZNF678,6.337000199436198,False,False
ZNF311,6.335393716297621,False,False
RANBP3L,6.334527660806401,False,False
CDH7,6.334171677135605,False,False
SLC2A4,6.329218553999836,False,False
GJD4,6.319636736615551,False,False
IGHMBP2,6.3193786767028115,False,False
PCDHB16,6.31933574528313,False,False
KTI12,6.31733761916459,False,False
LRRC34,6.313584590775638,False,False
KLLN,6.311965867752165,False,False
SEPSECS,6.30394531120235,False,False
RERG,6.301748385210138,False,False
EPM2A,6.295375013159281,False,False
CLDN18,6.29188175597431,False,False
TTC36,6.291548378776714,False,False
CCDC11,6.283137448971237,False,False
C20orf196,6.281940945830555,False,False
EREG,6.280709758921994,False,False
KIF13B,6.278526656607129,False,False
SWT1,6.27315736685733,False,False
NOS1AP,6.271361325168731,False,False
C10orf105,6.270087756605959,False,False
CDADC1,6.269031476997579,False,False
CYYR1,6.262156232234972,False,False
OAS1,6.253030992736075,False,False
ZSCAN23,6.252187048929127,False,False
METAP1D,6.251989035103111,False,False
TNNI3,6.249132561322245,True,False
GALK2,6.248737740814823,False,False
CTF1,6.244251518873331,False,False
CGA,6.2327075721421,False,False
TRIM64C,6.224383977260767,False,False
SPAG11B,6.223502048753665,False,False
FGD2,6.222999473628802,False,False
PGBD4,6.22006254985905,False,False
IGF1,6.216140609537847,False,False
GRHL1,6.204202908493293,False,False
ARHGAP18,6.19893195365594,False,False
PNMA6A,6.198597806201823,False,False
PTPN3,6.195078256775568,False,False
CCRL1,6.184448550139783,False,False
MED31,6.175389162017054,False,False
DHODH,6.175248872980782,False,False
GPR63,6.163316795920039,False,False
C8orf38,6.158552821349615,False,False
O3FAR1,6.156265413318362,False,False
ZNF14,6.152413796189071,False,False
TTC33,6.144338456679651,False,False
ZNF347,6.1407958785135275,False,False
ZNF287,6.140572287726194,False,False
ZNF200,6.139009998713314,False,False
FAM59A,6.1352931776444315,True,False
ZNF625,6.134329323554526,False,False
ALDH1A2,6.1300680755869035,False,False
ZNF267,6.127181446585021,False,False
P2RX7,6.114760575967063,False,False
ZNF488,6.113220170544267,False,False
RAD51B,6.110399226234341,False,False
CLPS,6.109848910411624,False,False
ZNF221,6.106716908212561,False,False
MUC12,6.102873081376986,False,False
GPER,6.100810139078968,False,False
MCEE,6.095570438993579,False,False
LGSN,6.093787391070405,False,False
WDR81,6.092659089845715,False,False
TNNT2,6.090810151360961,False,False
KLF5,6.088802252868723,False,False
CSF2RA,6.077734718859298,False,False
RILPL2,6.076040783240341,False,False
ABCB1,6.0749339047385105,True,False
FHDC1,6.073893193435564,False,False
HAPLN4,6.07272041793873,False,False
IQCD,6.070962822402358,False,False
FOXC2,6.070197389198863,False,False
HAVCR2,6.067924487957797,False,False
NKX6-2,6.062080476892305,False,False
ECE2,6.061913596168018,True,False
TRIM48,6.060108100852718,False,False
ARHGAP4,6.057598999309869,False,False
MAP3K8,6.04408714601537,False,False
COL22A1,6.043979534687861,False,False
ZNF642,6.042305768443462,False,False
TMEM156,6.0405243247827265,False,False
ELOVL7,6.040228862102444,False,False
SCUBE1,6.040208635411913,True,False
AASDH,6.039044358470482,False,False
EFHC2,6.038696007766899,False,False
KIAA0556,6.03691319378648,False,False
ETV7,6.034641372776081,False,False
ZNF324B,6.033565004503398,False,False
NLRX1,6.0307346089062,False,False
PPP1R32,6.028007500789555,False,False
HHAT,6.026672389491292,False,False
C12orf39,6.022416462551615,False,False
THNSL1,6.021361390087845,False,False
NOXO1,6.020114459416781,False,False
DOCK6,6.01913788410476,True,False
EGF,6.017559682890595,False,False
ZNRF2,6.017527504064756,False,False
NSL1,6.011784903674072,False,False
ACOT11,6.011644198804551,False,False
MFAP3L,6.011246725971155,False,False
SLC9A8,6.008119702073902,False,False
FAM120C,6.004580914950112,False,False
PIP5KL1,6.002507838836837,False,False
TFEB,5.991865233182441,False,False
ASB7,5.989089417599514,False,False
FLJ27352,5.9886376998748405,False,False
SLC4A11,5.958065337871823,False,False
NFXL1,5.956796535892667,False,False
FAM50B,5.9563845767390715,False,False
PRMT10,5.955125919687453,False,False
CEL,5.950483650910622,False,False
SCFD2,5.950288430361091,False,False
CXCL1,5.94600416885988,False,False
PRDM5,5.942207114199157,False,False
LRRC48,5.937723470891673,False,False
METTL21D,5.93503184662713,False,False
GK,5.931213733024529,False,False
KCNRG,5.928982323870351,True,False
VN1R4,5.92756576481735,False,False
F8,5.923420996947047,False,False
CNKSR1,5.920663792095076,False,False
MLPH,5.9201458521949695,False,False
SPINK1,5.9201128171386435,False,False
ITGA2,5.918809432571849,False,False
ALKBH8,5.916225328981998,False,False
TMEM242,5.913330228912985,False,False
LRRC15,5.911831065843188,False,False
SAMD3,5.908211463779814,False,False
CTAGE5,5.904576435531225,False,False
RAB43,5.890520024330048,False,False
SLC5A1,5.887342967680806,False,False
ANKRD23,5.884027481255337,False,False
ZRANB3,5.8763685539998365,False,False
ERN1,5.869570055912319,False,False
FAM76A,5.868754194593583,False,False
IGLL5,5.867638912283159,False,False
AP4E1,5.86475040004211,False,False
LY6K,5.863964399176521,False,False
ZNF614,5.862196592038928,False,False
PLAG1,5.848677592378146,False,False
AMBP,5.843171178837538,False,False
CCDC61,5.8351443994104635,False,False
RNF217,5.8299466499397585,False,False
RASGRF2,5.828403415564213,False,False
MAST3,5.82585733702963,False,False
ALKBH1,5.82575485431215,False,False
STYK1,5.825444657332351,False,False
AKNAD1,5.814706507117708,False,False
STX17,5.808593515106853,False,False
PRR23C,5.8075485419517845,False,False
HOGA1,5.8042317817080145,False,False
E2F8,5.803598304499889,False,False
WNT2B,5.7925572756196555,False,False
PIGR,5.785981104443741,False,False
EFCAB4A,5.7844839293025005,False,False
ALS2CR8,5.784473028155009,False,False
REG4,5.782407135253996,False,False
JMJD5,5.7803297007872185,False,False
KCNT2,5.7798695137499845,False,False
PDX1,5.770247125428401,False,False
NEU3,5.762273423518264,False,False
METTL4,5.757204082301061,False,False
LIAS,5.7523033845667975,False,False
ITPRIPL1,5.7500072054368285,True,False
MYPOP,5.746673619445321,False,False
TMEM180,5.738866208138869,False,False
IDO1,5.731536124270393,False,False
DNAJC16,5.728482411598881,False,False
ELF4,5.724691399094642,False,False
SEC14L5,5.720266248493992,False,False
RFT1,5.717942960077669,False,False
HOOK1,5.7168547215496375,False,False
RNF8,5.707900957995578,False,False
C7,5.704868494344434,False,False
CSTL1,5.700940845820034,False,False
ARHGAP10,5.6922974956428165,False,False
HTR1B,5.688348257126481,False,False
ATXN3,5.6868439601829435,False,False
EXOC8,5.684765812190756,False,False
DUS4L,5.677330320150658,False,False
CHRM4,5.672698553648922,False,False
ZDHHC3,5.671369786293293,False,False
KRTCAP3,5.6668696032330885,False,False
KIAA1683,5.665911741001977,False,False
C5orf34,5.664666383595933,False,False
GPR156,5.658926682925688,False,False
CREBRF,5.657710369512581,False,False
FCHO2,5.656628934624697,False,False
ASPRV1,5.651087541963481,False,False
AIM2,5.6489288796481505,False,False
CARD10,5.648652008398543,True,False
ZBTB24,5.645768827712859,False,False
LRRC10,5.643502757600217,False,False
C10orf88,5.6430796504895255,True,False
PTCD2,5.642811374881567,False,False
ZNF681,5.642188085880386,False,False
ITGAE,5.641958847714965,False,False
CPAMD8,5.6413292954813965,False,False
EPPK1,5.637153598039561,False,False
TMEM184A,5.636304245476133,False,False
CLEC17A,5.62889791030635,False,False
SGCD,5.628238549087039,False,False
ZNF595,5.623318050438058,False,False
PLAC8L1,5.6231140500169605,False,False
HBQ1,5.617464685756396,True,False
SP110,5.6148005222772,False,False
SNX16,5.602508790398989,False,False
PCDHB3,5.599358068685592,False,False
LEFTY2,5.5924044104057735,False,False
NAGPA,5.59045827572493,True,False
OTUD7A,5.590346335871613,False,False
GPATCH1,5.587271680644747,False,False
GRK4,5.58549799452574,False,False
NRG2,5.584699573639331,False,False
ZNF225,5.580655173644009,False,False
AOC2,5.565671168310114,False,False
FPR3,5.55824867646887,False,False
MMP13,5.558107700810612,False,False
ZNF565,5.554834724707864,False,False
PRDM11,5.553891556421144,False,False
CCDC170,5.553024931864173,False,False
C9orf169,5.5457406300078365,False,False
ANGPT2,5.538107487922705,False,False
ZDHHC15,5.53665154519189,False,False
PIGV,5.536225530172767,False,False
HIST1H2BJ,5.535890877987157,False,False
MAPK13,5.534697327204034,False,False
LCA5,5.533110437355979,False,False
PPCDC,5.531455419283901,False,False
PDE11A,5.5276688704074095,False,False
PPP1R3B,5.52657890772128,False,False
TIFA,5.525335766337978,True,False
UBXN10,5.519875302078582,False,False
LCNL1,5.515888814027208,False,False
MTERF,5.513836359382858,False,False
CEACAM19,5.513493172965575,False,False
TXNRD2,5.506772507632382,False,False
LTB4R,5.504419691546478,False,False
METTL11B,5.500942531962432,False,False
MBLAC1,5.499594151431145,False,False
CYP2U1,5.496405954427952,False,False
IL3RA,5.488793983577218,False,False
NPY5R,5.488497315506896,False,False
ZNF341,5.487073060322138,False,False
ZNF469,5.484315675334245,False,False
C5orf62,5.471332811640992,False,False
CEP112,5.465696295516487,False,False
ZNF479,5.463912913055174,False,False
PLCL1,5.463581322010504,False,False
OR4B1,5.46223986852418,False,False
RETNLB,5.445290821256043,False,False
GDAP2,5.434403694540945,False,False
NEK8,5.431363074475675,False,False
PTPRH,5.429866659648384,False,False
GPR68,5.427758795662701,False,False
C17orf96,5.426678230457008,False,False
BST2,5.4182272900071355,True,False
TRPS1,5.409981502731281,False,False
GJC3,5.406292686364645,False,False
TMEM100,5.397176781181645,False,False
MED26,5.397156211180124,False,False
OR4D10,5.393005029769225,False,False
STXBP4,5.390335530055795,False,False
DCUN1D3,5.389727947971132,False,False
KBTBD12,5.383845352142331,False,False
DDTL,5.38323993695243,True,False
CCBE1,5.3814819992747776,False,False
ZNF846,5.377001660993554,False,False
IQCJ,5.375635606672041,False,False
MYNN,5.364763671029699,False,False
ARMCX4,5.359914204419178,False,False
LRFN2,5.353609126691698,False,False
SLC25A19,5.352789757986221,False,False
PSG8,5.338271865459514,False,False
FANCB,5.330764953620849,False,False
RIIAD1,5.328497914985204,True,False
NCEH1,5.327772843925092,False,False
OLFML1,5.326048007977447,False,False
SMPD2,5.321828045057375,False,False
MMD2,5.321180753529612,True,False
TRMT1L,5.320082074721316,False,False
OR4Q3,5.31867431951902,False,False
CHI3L1,5.317733709981167,False,False
SIRT4,5.316173293095179,False,False
CCKBR,5.313570691651753,True,False
STAMBP,5.312211727550269,False,False
KIAA1984,5.30354935197857,False,False
EVC2,5.301416867857435,False,False
TNFAIP8L2-SCNM1,5.298693783556163,False,False
USP2,5.293081964183365,False,False
ABCD1,5.288905459639027,False,False
C19orf73,5.287804721549638,False,False
HPS3,5.2859706916517535,False,False
OR6C6,5.284149978945148,False,False
AFAP1L2,5.272469086219602,False,False
ROPN1L,5.271380440046322,False,False
SOX14,5.2618137026119705,False,False
PCDHB9,5.2562609023172016,False,False
KIF12,5.254129946427109,False,False
C3orf64,5.253338887719175,False,False
S100A2,5.248342728474343,False,False
CDHR3,5.248068117696599,False,False
OR5M1,5.247701652805555,False,False
IL37,5.246678916494132,False,False
KCNH6,5.2466523101846985,False,False
FANCM,5.245822042086302,False,False
PTPRCAP,5.242775824940637,False,False
METTL19,5.236608200278392,False,False
PTPLAD2,5.2334330771660165,False,False
ADORA2A,5.232827184732896,False,False
GRM8,5.232294098794025,False,False
C1orf158,5.228186754161256,False,False
CADPS2,5.210398578212912,False,False
FGGY,5.2089263337661285,False,False
ROM1,5.207606059702191,False,False
TNR,5.205045986712053,True,False
STEAP2,5.204793178229287,False,False
TBXA2R,5.2004069317238075,False,False
ACOX3,5.198819333029208,False,False
ZNF585A,5.196607142272286,False,False
DMKN,5.186859106221709,False,False
OR2T27,5.180232125603859,False,False
NFKBIZ,5.175544881332537,False,False
TRMT12,5.164226188136763,False,False
ZIM3,5.163807512486694,False,False
RHEBL1,5.16274154764829,False,False
C7orf10,5.1613983483641555,False,False
CAPSL,5.159861964417308,False,False
CD36,5.156962063842977,False,False
C14orf93,5.1556407580914945,False,False
CNNM1,5.153705087670047,False,False
MYB,5.141177075949516,False,False
CRYGC,5.139454219157575,False,False
ZNF391,5.135007814272847,False,False
MAST4,5.134851734685522,True,False
MUC6,5.129330720192765,False,False
METTL20,5.129081121989447,False,False
SH2D5,5.127496400790727,False,False
C8orf34,5.127453905089425,False,False
SLC2A13,5.125550294183013,False,False
GUCA1A,5.108206650992502,False,False
DENND4A,5.104635224760501,False,False
SLC24A5,5.104628623480835,True,False
THAP1,5.096359893439076,False,False
HSPBAP1,5.096097657063316,False,False
CALHM1,5.093206132224447,False,False
CDCP1,5.090733087693442,False,False
TRDMT1,5.089722710577723,False,False
OR2T33,5.087036235393206,False,False
HRH4,5.083380503210863,False,False
OR52H1,5.083217628171394,False,False
HIST1H1B,5.080996273291926,False,False
LCE2A,5.080047342995166,False,False
ODF4,5.079480467534589,False,False
SLC30A7,5.077085166859669,False,False
ZNF443,5.076476909265303,False,False
NUFIP1,5.074900160835643,False,False
KLK3,5.0742454995262625,False,False
ZNF611,5.068104196348155,False,False
LPCAT2,5.067478018153958,False,False
RESP18,5.059070264706227,False,False
PRM1,5.057105990104225,False,False
HMCN1,5.054243293446095,False,False
TRPC1,5.0538275654747284,False,False
ZNF530,5.052504034927653,False,False
DMC1,5.048856953363511,False,False
CTAGE6P,5.045755052578632,False,False
MCTP1,5.043635262776198,True,False
ZDBF2,5.0411988893567745,False,False
ACOT12,5.0396554374144635,False,False
GSDMC,5.039080960568951,False,False
GJB7,5.036545149781847,False,False
MOB3C,5.028658951234633,False,False
ZNF468,5.022414509714473,False,False
KIAA1217,5.014861043267712,False,False
FKBP6,5.011525421389386,False,False
ZNF433,5.000377426863645,False,False
IGFLR1,4.998939991344118,True,False
IL2RA,4.998722850943376,False,False
CCDC15,4.997314781672925,False,False
PRTG,4.99660515843773,False,False
GABRB1,4.995977750289504,False,False
INCA1,4.994560132060685,False,False
RSPO2,4.993881878209401,False,False
HBA1,4.9929966008117805,False,False
HECW2,4.991965655449111,False,False
SSTR3,4.991791030634803,False,False
TNFSF4,4.986711039173714,False,False
RS1,4.985807738826312,False,False
HIST1H3B,4.9763423307716605,False,False
ALG1L2,4.975204326186383,False,False
SMR3A,4.973100308219572,False,False
ADRA1B,4.971206277268953,True,False
VEGFC,4.9701056584903665,False,False
RUSC1-AS1,4.968833009907475,True,False
TRIM55,4.9678373986735425,False,False
GHR,4.967299559017908,False,False
TCF23,4.966875374015979,False,False
PLCD4,4.965260258974629,False,False
ARHGAP9,4.962552526581746,False,False
STAT4,4.961323849294078,False,False
TNFSF14,4.95262855329801,False,False
ADAT2,4.94043494695348,False,False
PRELID2,4.936334017031032,False,False
SCN2B,4.935951936461148,False,False
CALML4,4.932303974102537,False,False
ZNF823,4.930304240212421,False,False
LNPEP,4.928167910072405,False,False
TMEM63A,4.916639910633868,False,False
SLC25A26,4.915628435741774,False,False
DTX2,4.915409711548585,False,False
PDE5A,4.911312580271608,False,False
KIF27,4.905381567650397,False,False
CHIA,4.9048522417564415,False,False
GPR4,4.902004320922671,False,False
COL25A1,4.898800531050051,True,False
ARHGEF35,4.898509832029101,False,False
FOXA1,4.898146041688599,False,False
LMOD3,4.8946930249967835,False,False
ZMYM6,4.8907297078055,False,False
HTR2A,4.890183987203332,False,False
ARSD,4.887096999684177,False,False
CCR6,4.882399344960289,False,False
PBX4,4.872448730860558,False,False
COL8A2,4.871483787182276,False,False
MMP23B,4.869004622708823,False,False
INHBE,4.864322485992678,False,False
RBM47,4.859189393035525,False,False
STRN,4.855497711455007,False,False
DUSP9,4.85357385280322,False,False
ZNF586,4.852350608251161,False,False
C9orf135,4.843960847925513,False,False
ACSF3,4.840990777976629,False,False
VIPR2,4.839975059947832,False,False
EXPH5,4.83718890000117,False,False
PAPD5,4.83566431144799,False,False
TTC25,4.825221707548163,False,False
PTAFR,4.822678825256458,False,False
DNAJB13,4.81668158753553,False,False
KCNMB3,4.814221144330983,False,False
SCNN1B,4.812682182334982,False,False
ELTD1,4.805329092536056,False,False
ST8SIA3,4.802694428653308,False,False
KIAA0564,4.7989863775134225,False,False
FAM122A,4.790584045104163,False,False
GJC2,4.790370815641413,False,False
COMT,4.789973166766091,False,False
FAM188B,4.783213262214736,False,False
SPAG6,4.780910732123849,False,False
TBX18,4.779691591512557,False,False
NDUFC2-KCTD14,4.775694695348049,False,False
UBA7,4.773609575861786,False,False
AMMECR1,4.769614378121673,False,False
BCL3,4.766072987799885,False,False
FBXO33,4.75405471921021,False,False
DUS2L,4.753275837222632,False,False
ZNF70,4.752871549636803,False,False
R3HDML,4.751026176439626,False,False
DNAAF3,4.7424573159747805,False,False
VWA2,4.737398558912633,False,False
C14orf178,4.735826950205285,False,False
HSD11B2,4.734085752301412,False,False
CTRL,4.733324439414675,True,False
C12orf59,4.7272666766092355,False,False
ITGB3,4.724916450269619,False,False
CLEC4C,4.714619597969379,False,False
REG1B,4.710660406358563,False,False
FOXO4,4.703861016949153,True,False
CBLN4,4.701884432864278,True,False
BCO2,4.701291341193809,False,False
RGS9,4.698066543261864,False,False
SPAG1,4.689178498906317,False,False
TMEM62,4.682394420465312,False,False
ZNF836,4.678854268285551,False,False
RAB11FIP1,4.676637875331907,False,False
FRRS1,4.676470028424045,False,False
HIST1H2AI,4.675654068849352,False,False
CFB,4.672119912622382,False,False
CRHR1,4.668572245616497,True,False
ERCC4,4.665284778514698,False,False
SLC39A11,4.661522549157221,False,False
SEPT12,4.661060995894305,False,False
APOC4,4.660994937478799,False,False
PLEKHG6,4.6537794136224875,False,False
C19orf81,4.65000501397808,False,False
RGS10,4.649260727444994,False,False
CDH3,4.644331577008106,True,False
ZNHIT6,4.636638975447708,False,False
NR0B1,4.636455370155923,False,False
CDC42BPG,4.6336148278766185,False,False
NAA38,4.630193040787919,False,False
ZNF670,4.6283552637119705,False,False
ZNF529,4.619014560597022,False,False
DDX31,4.618314038319824,False,False
OR5H6,4.617095248037806,False,False
FPGT,4.610658235369805,False,False
HIST4H4,4.607276239604169,False,False
METTL18,4.6071191663449955,False,False
FGD3,4.605968485571581,True,False
CDH9,4.60497163678048,False,False
C2orf42,4.604399864313202,True,False
CTDSPL,4.604154652536525,False,False
DEFB135,4.60360594039139,False,False
HARBI1,4.602890484378473,False,False
MTRF1,4.601564518487326,False,False
HIST1H2AD,4.599582064193892,False,False
ACTC1,4.592684657449323,False,False
ZNF761,4.592516253757706,False,False
SPDYE2L,4.592282498157701,False,False
SPDYE2,4.592282498157701,False,False
ASB16,4.588537738475395,False,False
FAM81A,4.583143582950252,False,False
DAAM2,4.582719107274449,True,False
RYR3,4.579162506579641,True,False
LOC375190,4.572044421635026,False,False
PHKG1,4.5714932098115595,False,False
S100A3,4.570879416546771,False,False
HRH3,4.559850838099916,False,False
PDSS2,4.558955277163678,False,False
FCRLA,4.55705190546373,False,False
NAIF1,4.552601378507679,False,False
ZNF567,4.5475851592565295,False,False
KLK14,4.546552589161433,False,False
METTL12,4.545739383092957,False,False
NSUN3,4.542199401106549,False,False
SLC46A1,4.535854438478904,False,False
PGM5,4.530720710367174,False,False
RPE65,4.5306807506053275,False,False
CRB3,4.525548025523154,False,False
TAS2R43,4.518594825186276,False,False
MUC20,4.517594683066055,False,False
SIDT1,4.514464979939408,False,False
ENPP1,4.494682376507467,False,False
SSC5D,4.494129618322396,False,False
SLC30A8,4.494024252845331,False,False
CXorf69,4.4915506316454366,False,False
CCDC108,4.4890244265478225,False,False
MYRIP,4.4830931372893055,False,False
BARX2,4.478533202910247,False,False
FREM2,4.477361956814168,False,False
UNC80,4.476721175913254,False,False
ATP9B,4.476134311798902,False,False
LAMB3,4.47469579546385,False,False
C8orf47,4.4724089670257685,False,False
SHH,4.464494995379631,False,False
C17orf39,4.461545325238914,False,False
ATP6V1E2,4.461524261618183,False,False
ALDH1A3,4.4592382543191675,False,False
BTNL8,4.459224138798233,False,False
PLIN4,4.458911958568739,False,False
DPYD,4.453950352668702,False,False
LCTL,4.4526341468692605,False,False
RSPO4,4.450184227579512,False,False
ZNF749,4.448252424231789,False,False
STEAP4,4.445926563614883,False,False
ILDR1,4.443829834719444,False,False
IPPK,4.441691925465839,False,False
ZNF615,4.438901510685335,False,False
MEOX2,4.438179113590903,False,False
ARID3A,4.437799392333696,False,False
SYCP2L,4.43688235018891,False,False
NALCN,4.4329754336713805,False,False
LINS,4.428805561404125,False,False
SLC31A2,4.424425018422991,False,False
OR2A7,4.424003705653226,False,False
RBP7,4.423592846615438,False,False
DDX28,4.420750776689944,False,False
USP6,4.4161757494941,False,False
DNAJC25,4.411128076639646,False,False
ZBTB7A,4.404241441204338,False,False
DEFB110,4.394809549543224,False,False
ZNF837,4.389344376016188,False,False
SLC39A8,4.38871372717596,False,False
LGI4,4.380115966008117,False,False
ZNF16,4.378089514100899,False,False
RC3H1,4.371300115801664,False,False
ORM1,4.368338372460258,False,False
SNRNP48,4.360540363313097,False,False
P2RX4,4.360296831245394,False,False
CGNL1,4.3511430940098945,False,False
IRAK2,4.346945098899299,False,False
POC1B,4.342299201085495,False,False
ZCWPW1,4.335189830508474,False,False
RD3,4.317420469990994,False,False
CLDN19,4.316360489993099,False,False
ZNF699,4.314690861611164,False,False
IL27RA,4.312755761425179,True,False
LEF1,4.312317687241931,False,False
GGT5,4.311332290533506,False,False
CSNK2A1P,4.303002403176941,True,False
PIGA,4.301965769496205,True,False
TMPRSS5,4.301581287503947,False,False
GOLT1A,4.295970270554796,False,False
APOBR,4.295195974430056,False,False
ZKSCAN4,4.295066280661121,False,False
NPHP1,4.2932550426360665,False,False
HYAL3,4.291332690575616,False,False
C17orf48,4.289963930706155,False,False
ATP8B1,4.288642098583477,False,False
ANO5,4.280532034951047,False,False
WARS2,4.28036608590378,False,False
LCE6A,4.278516941549406,False,False
THRB,4.2759788217473185,True,False
MTF1,4.272926754863085,False,False
AIRE,4.265718957551087,False,False
SLITRK4,4.264683122199998,False,False
KCNB2,4.262287193388778,False,False
IGFN1,4.26067008749459,False,False
RASGRP4,4.260639735176803,False,False
SYNPO2,4.260623443988255,False,False
TTC22,4.253469970523213,False,False
C8orf48,4.251845983787768,False,False
PUS7L,4.24551509047736,False,False
HERC5,4.244331730825467,False,False
SPOPL,4.243902589161432,False,False
ZNF705D,4.240309785240552,False,False
SLC7A4,4.2395585810202245,False,False
HIST1H2BC,4.232486288030319,False,False
MIA,4.231664996315402,False,False
TPCN2,4.22552546174451,False,False
CTLA4,4.225230303189811,False,False
MNS1,4.220486650641589,False,False
TRIML2,4.219714159385197,False,False
MAP3K1,4.214554447251757,False,False
LAG3,4.212147443005696,False,False
ZCCHC2,4.206564751845223,False,False
TFB1M,4.205074130025383,False,False
B3GNTL1,4.201482657238774,False,False
SUSD5,4.200183223965096,False,False
TCTEX1D4,4.199485403726707,False,False
HIST1H4C,4.198441162227603,False,False
ARHGEF37,4.1979506363242916,False,False
ZNF701,4.1953373805429806,False,False
PTGER4,4.1928817980840085,False,False
CLEC18C,4.190868033477208,False,False
FOXI2,4.188458200863251,False,False
ZNF75D,4.188162590214174,False,False
ZNF805,4.187620329625342,False,False
STXBP2,4.1871745756863294,False,False
GABRG1,4.186979645225813,True,False
ARMC2,4.186634864488661,False,False
KLHL15,4.1860360277690045,False,False
CDC14B,4.184445846346399,False,False
WDR38,4.182056132224445,False,False
FOXD4L3,4.180950442151807,False,False
CCR10,4.180708079213017,False,False
ZNF44,4.179559774128272,False,False
TTC29,4.170117491314874,False,False
ERMAP,4.165822591851774,False,False
FAM46C,4.164550174872208,False,False
ATXN7L1,4.163801217087179,False,False
ARHGEF38,4.161811267267898,False,False
FUT10,4.161323842275795,False,False
KLHDC1,4.160811107601972,False,False
C9orf174,4.160487314454153,False,False
PCDHAC1,4.15815234352154,True,False
STARD6,4.156947873460362,False,False
WDR63,4.156491184452164,False,False
FZD4,4.151350441566948,False,False
BICC1,4.149724507258074,False,False
TNFAIP3,4.146035161595957,False,False
SPOCD1,4.140720207390252,False,False
ZNF28,4.132888491186207,True,False
FAM176A,4.131514121954358,False,False
TCP10L,4.130262198944919,False,False
SYCE2,4.129851869787462,False,False
AQP6,4.1277438519844205,False,False
SERPINA5,4.114867170228446,False,False
GNGT2,4.110709321449038,False,False
HLA-DQA1,4.10266910727445,False,False
MUM1L1,4.102041187961305,False,False
TBC1D4,4.099771950848627,False,False
SYT12,4.099431193926846,False,False
DMRTA2,4.098665101589641,True,False
PVALB,4.094245384894317,False,False
PABPC5,4.087657468622428,False,False
GHDC,4.077237314454153,False,False
SH2D3A,4.076179025277515,False,False
ZNF556,4.073730551753986,False,False
CSMD1,4.066505658490367,True,False
FBXL22,4.065843461884875,False,False
KSR2,4.063587250704753,False,False
COX10,4.0601432150752705,False,False
CCDC37,4.05909796820718,False,False
RNF144B,4.053015723877368,False,False
ISPD,4.052745788445568,False,False
MBD3L2,4.047364379876244,False,False
LOC401052,4.0425463200804765,False,False
ZNF236,4.035996818378543,True,False
LOC100509575,4.035066743867771,False,False
SLC18A2,4.032568696704916,False,False
RANBP17,4.030316555543859,False,False
METTL15,4.029410888280639,False,False
IL10RA,4.0285840451041635,False,False
ZNF628,4.025831140120013,False,False
ALDH3B1,4.0243993519785715,False,False
FERMT3,4.017052831292182,False,False
RASL11A,4.0163816869612,False,False
ZNF552,4.013443230281551,False,False
ZNF90,4.011359647799184,False,False
C19orf75,4.0109808400884335,False,False
SOX10,4.00939642067586,True,False
CDRT4,4.0040861774923675,False,False
ERN2,3.9943199752020666,False,False
SLC35D1,3.9939152542372884,False,False
C5orf58,3.991819703243616,False,False
MFSD8,3.989858874618381,False,False
TRPM1,3.9813364313202566,False,False
ZBTB49,3.9804505275409103,False,False
C16orf93,3.977649432688821,False,False
HRASLS5,3.9761961522265494,False,False
TLR10,3.9752143436151166,False,False
CEP85L,3.972418413634184,False,False
LPIN3,3.9721762975049995,False,False
CTBS,3.9717770110304005,False,False
ZNF449,3.970020760080008,False,False
ZNF577,3.9678528734018776,False,False
KANK3,3.9677313378016406,True,False
KCNK12,3.9592965762477923,True,False
MLIP,3.957215220315588,False,False
PER2,3.954876829139911,False,False
SLC22A4,3.9529793504579427,False,False
DOCK5,3.951605407001906,False,False
ZNF439,3.947040942321414,False,False
PABPC1L2B,3.942692836088009,False,False
RIBC2,3.9423307886210246,False,False
ZNF350,3.9416390620065274,False,False
MS4A10,3.941156126960731,False,False
HS3ST3A1,3.9403684136341837,False,False
NR1H3,3.9375136499748513,False,False
FLVCR2,3.932738861985472,False,False
PLEKHF2,3.9272020265291077,False,False
LY6G6C,3.9266825186276915,False,False
ERO1LB,3.926270508591548,False,False
ZNF407,3.925994439180732,False,False
TNFAIP8,3.924108507328257,False,False
OR56B1,3.92400069773426,False,False
PEX7,3.9161757986220773,False,False
ARHGEF5,3.9064331666491197,False,False
FBXO4,3.9057994525739548,False,False
OR6B3,3.905633729866301,False,False
SLC45A4,3.90509705173644,False,False
OR52L1,3.904438457849366,False,False
ZNF492,3.9039319062825317,False,False
CLDN3,3.9008090793182912,False,False
THSD7B,3.900627521610462,True,False
ZNF182,3.894928655063106,False,False
PNMA6D,3.8937683311693636,False,False
C1QTNF3,3.890314493923338,False,False
MCF2,3.8819962288428016,False,False
LEKR1,3.8804171439098853,False,False
C5orf64,3.8792785392614446,False,False
KLRC3,3.8779931782292847,False,False
TMEM229A,3.8757314717338667,False,False
ADAMTS9,3.864727555532162,False,False
ZNF596,3.861342230761133,False,False
SLC5A5,3.860350574914318,False,False
PRL,3.858494141488579,False,False
ZNF343,3.856309967131043,False,False
KCNA1,3.8560976219719034,False,False
CASC1,3.8533884806587833,False,False
GPR88,3.8514073528207646,True,False
LRRIQ1,3.848953131908621,False,False
VCPIP1,3.847862496052216,False,False
OR2L2,3.8447660695277857,False,False
DHRS12,3.8403307763390298,False,False
IDI2,3.837939451521213,False,False
PCDHA3,3.8318229550478997,True,False
CYP2C8,3.8301009416195857,False,False
SCIN,3.8273049215706925,False,False
SCN11A,3.8250132224444697,False,False
ENO4,3.82452465639658,False,False
LILRB1,3.8223597431308547,False,False
C19orf76,3.814304808693313,False,False
SEMA3E,3.8131089284252138,True,False
ZNF404,3.810458396790305,False,False
PLA2G12B,3.805706252704963,False,False
EIF5A2,3.80492089693652,False,False
CCL27,3.8016096951725915,True,False
DDC,3.799281429039314,False,False
ZSWIM3,3.798940098957784,False,False
AGMO,3.7965780819033594,False,False
DHDH,3.7960626288147297,False,False
ERCC6,3.790438570141886,False,False
DHRS9,3.7866832508685127,False,False
HIST2H3C,3.7865248037805155,False,False
HIST2H3A,3.7865248037805155,False,False
PSPN,3.786336713806132,False,False
NEURL2,3.785575407937679,False,False
TNFSF15,3.7847493116234467,False,False
GPR35,3.780607007170345,False,False
AKR1B10,3.7799485448760692,False,False
TSSK4,3.7768291849434443,False,False
CLEC3B,3.775432008047631,True,False
DCAF12L2,3.7749962148062366,False,False
TMEM74,3.7724927091740654,False,False
KCNQ4,3.772380449988888,False,False
CCDC30,3.770201563322455,False,False
TMEM99,3.7699388947374577,False,False
CCDC151,3.765912164438362,False,False
HTR1D,3.7655466025663533,False,False
IL1R1,3.7639245984957475,False,False
PAPPA,3.761511672573721,False,False
MYCT1,3.761468952287375,False,False
LCLAT1,3.758242338959657,False,False
CENPP,3.757918354563638,False,False
GBP2,3.7561184598378783,False,False
CMTM8,3.7477352733036224,False,False
CTAGE4,3.7431799938005166,False,False
FASTKD3,3.7400717759764186,False,False
CUBN,3.7388963469838936,False,False
SGPP2,3.7347640061526945,False,False
GIN1,3.7322075774058097,False,False
ARHGAP24,3.7314290656326397,False,False
TMC6,3.723678328712964,True,False
DPPA3,3.7223724228281347,False,False
GLRA1,3.7216322536875226,False,False
KRTAP1-1,3.7204443678281955,False,False
DNHD1,3.7188771899966078,False,False
ABHD15,3.7179484185469813,False,False
ACPP,3.717288784199504,False,False
OR4N2,3.716847778128693,False,False
IFI30,3.7152777725140655,True,False
CAMKMT,3.7119870541928393,False,False
GPR39,3.710979876244283,True,False
MCHR2,3.7105224971049613,False,False
RDH13,3.706615643751974,False,False
TNN,3.704611285398463,False,False
CNGB1,3.7032750634569727,False,False
SLC26A1,3.703022570796926,False,False
CHST9,3.6986672240352787,False,False
PGBD3,3.698203301517119,False,False
DDIT4L,3.697820048894036,False,False
ZNF256,3.6978096670994605,False,False
OR10A3,3.697111418160979,False,False
PHF15,3.696787229649905,False,False
DCUN1D5,3.687364406194804,False,False
FYCO1,3.686762863927197,False,False
CEBPA,3.6796398199810505,False,False
OXSM,3.678346258670504,False,False
HIST1H2BN,3.677561991905581,False,False
TICAM1,3.6774177492367617,True,False
LACC1,3.675819475734288,False,False
FOXD4,3.6730123200102933,False,False
BCDIN3D,3.665626976523845,False,False
MTHFS,3.658869961165503,True,False
TMEM92,3.6549753827888316,False,False
ZNF175,3.6548030699137923,False,False
TRPM4,3.646868929477957,False,False
PURA,3.6447160385303716,False,False
ZNF613,3.6437160806400675,False,False
LOC100287177,3.643588157817781,False,False
PDZK1,3.6419587073493123,False,False
PRDM15,3.6419166228024,False,False
C19orf44,3.63681778900703,False,False
KIF17,3.6287179545215285,True,False
ZC3H12A,3.626539277818718,False,False
TRIM77P,3.625090821256042,False,False
FAM47E-STBD1,3.611255837456574,False,False
OASL,3.6094538401703087,False,False
SLC15A1,3.6066681504485842,False,False
TMED7-TICAM2,3.600326242528453,False,False
FBXO15,3.5990025505608783,False,False
CD302,3.59568491888035,False,False
NTSR1,3.5939067931127253,False,False
ZNF284,3.593575109075809,False,False
PROKR1,3.593394277760233,False,False
CSAG2,3.589207495525847,False,False
OR11H1,3.587769340047488,False,False
ZNF132,3.587416083564352,False,False
ZNF429,3.585819038261338,False,False
ABHD14B,3.5798373401878556,False,False
CARTPT,3.576662804271795,True,False
SLC24A1,3.572877171281186,False,False
DLX2,3.5708170965364787,True,False
CYB561D1,3.567467848662433,False,False
ZNF155,3.5669753143605756,False,False
KIAA1614,3.566471844404674,False,False
OR3A3,3.565317638113949,False,False
SLC27A5,3.5608952199646744,False,False
CASP14,3.5597283760863716,False,False
TREML4,3.5597152542372856,False,False
NLRP3,3.557209603934917,False,False
LDB3,3.556427614602704,False,False
PEX11G,3.5529917043899353,False,False
FAM86B2,3.5525788866664327,False,False
TMEM133,3.549092370541929,False,False
C2orf27A,3.5471065702822515,False,False
COL15A1,3.5444430992736073,True,False
ODF3B,3.5431178907721286,True,False
HAPLN2,3.5394687627937444,False,False
PPIAL4A,3.537341699126224,False,False
TAL1,3.53304137277608,False,False
NIPSNAP3B,3.527157894983098,False,False
RYR2,3.5248948941993894,True,False
PRAMEF15,3.5247342995169113,False,False
NFATC2,3.521183708226597,False,False
HHIP,3.5211057772163157,False,False
NFAM1,3.5177625902141756,False,False
SPANXN2,3.5172253126060076,False,False
CD101,3.517035685627727,False,False
STAP2,3.5150858195599537,False,False
LGALS12,3.514967096536478,False,False
ZNF416,3.514037573545753,False,False
WFDC10A,3.5140088061901222,False,False
PSG7,3.5136779239919975,False,False
OTOS,3.51052534945199,False,False
C10orf25,3.5015787392824977,False,False
KRTAP13-4,3.4994121445532262,False,False
OR8B4,3.4974193681206196,False,False
SFTPD,3.494465696389094,False,False
KCNK18,3.4880667187189296,False,False
ZNF569,3.4864551876805745,False,False
WFIKKN1,3.484060425073984,False,False
SLC16A13,3.4836333064299163,False,False
S100A5,3.4830023628218165,False,False
MAP7,3.4819660063632423,False,False
RSAD2,3.4771557900831658,False,False
GPR3,3.4750574376250136,False,False
CCDC42,3.474521407516585,False,False
OR5M9,3.473252173913043,False,False
ALG10,3.469813396146963,False,False
PIGZ,3.466980386824345,False,False
OR5M8,3.46571584377303,False,False
CASP1,3.4653106905990074,False,False
FGL2,3.4570037477629225,False,False
SLC7A7,3.4547951550455602,False,False
FAM22G,3.453271477114549,False,False
ZIM2,3.448841396755214,True,False
C2orf53,3.444024800271378,False,False
CNFN,3.4379720438408716,False,False
LEP,3.4368766566071267,False,False
BDKRB2,3.4368240077902934,False,False
PGA4,3.434204316243816,False,False
CEACAM7,3.4338191014258794,False,False
VILL,3.433188735656385,False,False
CALHM2,3.4282585933022194,False,False
CAPN3,3.4238830876934414,False,False
GALNTL2,3.422691719596215,False,False
MEF2B,3.42036012738183,True,False
ZBBX,3.419874073879121,False,False
EDA,3.41740131066428,False,False
KCNMB1,3.41480260846171,False,False
VSTM2B,3.414482088757881,True,False
ZNF18,3.4142134780269267,False,False
MTRNR2L7,3.410465316816978,False,False
CD2AP,3.409732725667029,False,False
HIST1H2AM,3.4094438338538557,False,False
C5orf28,3.407273465627961,False,False
PRSS45,3.40690531634909,False,False
MMP8,3.3994677784796057,False,False
DGKE,3.3971399773075523,False,False
NPAS2,3.394030799148448,False,False
RPS6KA6,3.391854649027383,False,False
ST8SIA6,3.389199357242283,False,False
ZNF26,3.3874609356540453,False,False
CORO7-PAM16,3.3853887777660807,False,False
RSPH3,3.384603380472798,False,False
OR4D9,3.3822618357487895,False,False
OR1Q1,3.3819294691838886,False,False
PTHLH,3.381771398158869,False,False
OR51G2,3.38045434782609,False,False
OR5D13,3.38045434782609,False,False
USP43,3.3788563848826194,False,False
NUDT18,3.3763393526803993,False,False
C10orf10,3.3760731702752342,True,False
DEFA3,3.374699105168965,False,False
SLC2A14,3.3723673860406365,False,False
CCDC157,3.37111658537156,False,False
AGTR1,3.3691346907861646,False,False
RNF135,3.362380274531822,False,False
UGT2A1,3.3602256687838477,False,False
OR2V2,3.35898521540279,False,False
LIPT2,3.3582758869354667,False,False
TEP1,3.355783790691418,False,False
SHROOM4,3.3548995870910385,False,False
ABHD16B,3.353918239931689,False,False
LRRTM3,3.351222342117884,True,False
SAMD15,3.350710269502053,False,False
CMPK2,3.348740600180136,False,False
OR52R1,3.3445254494625134,False,False
LRRC25,3.3432267817665013,False,False
PNLDC1,3.3394078914739564,False,False
ZNF880,3.338041087950778,False,False
ANKRD18A,3.3369909581125494,True,False
TLR3,3.336744057269187,False,False
DKKL1,3.3362526423834082,False,False
C20orf26,3.334692114959469,False,False
MYH7,3.3311563281515006,False,False
ATP2A3,3.3296340573861576,False,False
STX11,3.3285914423740515,False,False
ZNF501,3.3260624323028156,False,False
DUSP28,3.323516220420863,False,False
HMX3,3.3202216285924826,False,False
RPS6KA5,3.318541737141921,False,False
TMEM217,3.313036968218877,False,False
VWA7,3.311217753915617,False,False
DSC2,3.308337834976781,False,False
TMEM79,3.307990058017803,False,False
C11orf88,3.307492323168521,False,False
SLC26A3,3.3069606461498866,False,False
KCNJ2,3.301931960674223,False,False
F10,3.299675252950603,False,False
VIP,3.297387278777883,False,False
CLDN16,3.2958665175281596,False,False
ZNF30,3.2953969657624778,False,False
APOC2,3.281437005064858,False,False
LST1,3.269647006117604,False,False
TBX3,3.2617641488577744,False,False
FNDC8,3.2585863593828592,False,False
RAB37,3.2572896825396827,False,False
C22orf43,3.256220254763659,False,False
OR13C8,3.251888505222774,False,False
ARMC12,3.2496527663730688,False,False
PAPPA2,3.249503482237896,False,False
SPEF2,3.2454345469113703,False,False
CD27,3.24450979869226,False,False
ABHD13,3.2430935355768447,False,False
TBC1D8,3.238353473465043,False,False
HNF1B,3.2319093284673235,False,False
OR51G1,3.2311331046542926,False,False
OR14J1,3.2309247055245587,False,False
HERC6,3.2286460943257183,False,False
ABCB5,3.228479107742335,False,False
SLC13A5,3.225376584669731,False,False
FSTL4,3.2240512083143256,False,False
GGN,3.218564857119463,False,False
C2orf88,3.21825378402405,False,False
DISP1,3.2156388719280393,False,False
OVOL1,3.2148082020329602,False,False
SLC6A2,3.2131466990677393,False,False
ZP3,3.2111239686048823,False,False
C16orf86,3.2094671860195807,False,False
RBKS,3.208454003345382,False,False
HDX,3.207964527260179,False,False
INO80D,3.207095893719807,False,False
ZNF630,3.2011228603010844,False,False
KCNJ14,3.197522812927677,False,False
C6orf25,3.1973879735878636,False,False
SERINC4,3.1966642833748584,False,False
C8orf4,3.1930393123252743,True,False
DEPDC4,3.190724382683557,False,False
SLC24A2,3.181164541296745,False,False
HLF,3.1777114854195183,True,False
GPR139,3.175479397831351,False,False
RBM11,3.1623338082371246,False,False
TMEM45B,3.159572485992677,False,False
TMEM143,3.1571233509960113,False,False
WDR52,3.152716618708402,False,False
ZNF208,3.1507750318747005,False,False
SFTPA1,3.150603584002993,False,False
LDHD,3.1497460837982945,False,False
RAB27A,3.147277977798833,False,False
GJD3,3.146756666783638,False,False
YSK4,3.145460390567429,False,False
C20orf141,3.1401175492157054,False,False
ZNF41,3.137647350013452,False,False
C1QTNF2,3.1314247844802385,False,False
THEM5,3.1307882092851878,False,False
SHE,3.1290907212455115,False,False
MERTK,3.128658790398989,False,False
TNFSF10,3.1277430706156193,False,False
PNMA5,3.1277221368331167,False,False
FUK,3.1245643237299836,False,False
LRRC43,3.1187751108303803,False,False
LRP1B,3.1151538664888703,True,False
GRXCR2,3.1130331643096962,False,False
LRRC19,3.1116063825431906,False,False
PLEKHH2,3.106638077107533,False,False
FBXO48,3.1060310658431898,False,False
MMP25,3.104480918459253,False,False
SHC4,3.1021437584073177,False,False
TRIM66,3.098461311717023,False,False
CLDN14,3.0911774765764823,False,False
CST5,3.0905625603864726,False,False
PPYR1,3.086925365243127,False,False
SLC9A9,3.084215601642278,False,False
ARX,3.078872026295165,True,False
PIH1D2,3.075370785813712,False,False
CLRN1,3.0746623884385484,False,False
LRRC8C,3.0740537436689244,False,False
COL6A5,3.0732831298031376,False,False
OR2W3,3.069238361932835,False,False
LGR5,3.0687806201822423,False,False
OAZ3,3.0676555216338564,False,False
ALDH8A1,3.0650442830239437,False,False
FCRL6,3.0622275724930144,False,False
SRPK3,3.06033022423413,True,False
C1orf56,3.055280682177072,False,False
DEPDC7,3.052496120644278,False,False
C11orf93,3.0515664596273298,False,False
SPR,3.049789175468763,False,False
ITSN2,3.048036027769005,False,False
PCDHA9,3.0469688856136905,True,False
TMEM87B,3.0454095776163568,False,False
C20orf132,3.0443448409774123,False,False
ZC2HC1C,3.042737177012785,False,False
MMP28,3.039325224877474,False,False
RECK,3.0391110251371494,False,False
CD1D,3.0353693961937527,False,False
FZD5,3.0344091986290964,False,False
SLC16A12,3.034034673240459,False,False
ZNF547,3.0339506784339867,False,False
FBXO32,3.030853034822379,True,False
POPDC3,3.0270365143699336,False,False
YPEL2,3.0270318308359947,False,False
KREMEN2,3.019491993894094,False,False
P2RY8,3.0185127095249795,False,False
C1QL3,3.0175395567954517,True,False
PYY,3.0139201296042857,False,False
HP,3.01138604356014,False,False
ARAP2,3.008052282111567,False,False
MOCS1,3.0054412727655544,False,False
STBD1,3.002589767343931,False,False
C4orf29,2.994244239159678,False,False
ECHDC3,2.9926909739036858,False,False
TFCP2L1,2.99056445941678,False,False
FNDC9,2.9869445953375204,False,False
RREB1,2.986788254319168,False,False
TTC39A,2.985996110116854,False,False
NPR3,2.9768755237393414,True,False
LOC100506888,2.9718279029371537,False,False
KIAA1804,2.9711405668432933,False,False
KLHL6,2.9663262214736053,False,False
HIST1H2AJ,2.957796151641693,False,False
ZNF790,2.957328732264215,False,False
ASPDH,2.955695893719807,True,False
C1orf162,2.946446648185188,False,False
ATP1B4,2.944334994326889,False,False
MYO1D,2.9424395199494677,False,False
ANPEP,2.9368647764092124,False,False
VSIG10L,2.9329384356248025,False,False
DNAJC27,2.9297059579370925,False,False
C19orf18,2.9272549584166754,False,False
C20orf195,2.9253633066638596,False,False
TUBB1,2.9248548104478833,False,False
GYPB,2.924216427460197,False,False
DPPA2,2.920089268461008,False,False
GLYATL2,2.9196530634803666,False,False
TREM1,2.9169029541121283,False,False
ZNF17,2.9128396883882512,False,False
RG9MTD2,2.910218532944988,False,False
ADPRHL1,2.9078647606180765,False,False
THSD1,2.9034886461732814,True,False
FRG2,2.8956676702810826,False,False
LOC100288255,2.8956676702810826,False,False
SH3BP1,2.893999204594635,True,False
KIAA1239,2.889892709174066,False,False
GPR142,2.8869820665333186,False,False
ZHX1-C8ORF76,2.884037136657659,True,False
GPC5,2.8807440672117535,False,False
LCE1E,2.865775974079144,False,False
LYPD3,2.8582954796411326,False,False
FOXO1,2.85384647331298,True,False
KCNK4,2.8530324852908495,False,False
SH3TC2,2.8526965604566543,False,False
NWD1,2.8510386567007053,False,False
ZNF323,2.850659021417459,False,False
SLC24A6,2.8499073142202103,False,False
OR52N4,2.8491666257266854,False,False
C4orf40,2.8475437373524715,False,False
KRTAP17-1,2.8471395567954545,False,False
AK8,2.846994039138623,False,False
TSPYL5,2.844212911300605,True,False
ANKMY1,2.8437380472798304,False,False
CACNA1D,2.8430215391093805,False,False
IFIH1,2.839840605443848,False,False
LTB4R2,2.838028718812507,False,False
C1QTNF5,2.8365788164836068,False,False
MFRP,2.8365788164836068,False,False
ACCS,2.8347178860932734,False,False
DYNLRB2,2.8331732024423624,False,False
FAM105A,2.8323697049981873,True,False
TEX33,2.8309863143488814,False,False
C8orf31,2.82651509047736,False,False
ETV6,2.8250582985343486,False,False
OR8G5,2.8243895199494684,False,False
CATSPER2,2.8215111883122206,False,False
TACR1,2.821221719245301,False,False
ERP27,2.820888589442164,False,False
SPAG4,2.820778218175012,False,False
PRKAA2,2.8196884262670925,False,False
CCDC83,2.8163528424044664,False,False
NRIP2,2.8162555268975673,False,False
OR4C13,2.813664009661836,False,False
KIF6,2.8128198172907095,False,False
CXorf41,2.811719182136132,False,False
PABPC4L,2.810539056157958,False,False
GNAT3,2.8094860774818393,False,False
NHLRC1,2.805706374355196,False,False
HGC6.3,2.80538486624323,False,False
CHRM5,2.8045150202945326,False,False
TGFA,2.8042381420266467,True,False
ZNF20,2.803735525961797,False,False
SMR3B,2.80104688914623,False,False
AZU1,2.7973942619690964,False,False
BCL2L15,2.792314859458891,False,False
FAM185A,2.7916624814307935,False,False
PIGB,2.791409465323835,False,False
OR10Q1,2.790538188230338,False,False
CGB5,2.79024851504837,False,False
ZNF296,2.784528918833562,False,False
ZNF214,2.7788375250026314,False,False
LOC158434,2.777766436233052,False,False
ALS2CL,2.774904043700506,False,False
ZNF813,2.774130620182241,False,False
TXNRD3,2.773520710367174,False,False
OR2J2,2.7695763600846903,False,False
SLC4A1,2.7694635856405942,False,False
DIEXF,2.7692392041267504,False,False
PROL1,2.767585764583406,False,False
PNPLA1,2.765973728228702,False,False
PCDHB11,2.7653186136552383,False,False
OR13C3,2.7628593442584637,False,False
OR10J3,2.762783574879226,False,False
CDH17,2.758823766829256,False,False
EAF2,2.7586731264109674,False,False
HSD17B6,2.7580516802938315,True,False
TAF1L,2.755895591933653,False,False
EPOR,2.755804189914728,False,False
IRX4,2.7554175439519955,False,False
HGF,2.7525396778608275,False,False
HIST1H2BO,2.75164991168661,False,False
BNC2,2.750561574902621,False,False
OR9G9,2.7501978342749496,False,False
OR9G1,2.7501978342749496,False,False
KCNA3,2.7491809833783676,False,False
TBC1D22A,2.7480406896632394,False,False
MRO,2.747632294042647,False,False
SLC44A4,2.745198074651132,False,False
RAB40A,2.7395372407621856,False,False
HESX1,2.7375324349931573,False,False
SLC36A2,2.737413407844101,False,False
C3orf43,2.736325940742299,False,False
HIST1H3G,2.735330621936812,False,False
TRPM8,2.733763242914459,False,False
MPP7,2.733597668175598,False,False
FGF18,2.733059864196231,False,False
B3GALT5,2.72941137254214,False,False
TPPP2,2.728084455673695,False,False
LOC100289187,2.727556103566457,False,False
LOC389493,2.727404101601338,False,False
KRTAP5-6,2.7263131253582222,False,False
C19orf77,2.7229027739762084,False,False
HRASLS,2.720628609444269,False,False
C12orf26,2.7201757448152435,False,False
AFP,2.7192795662701346,False,False
SLC6A13,2.719104395199494,False,False
ZC3H12B,2.7171987887613906,False,False
UGT2B10,2.714900062579686,False,False
MEIG1,2.7141359277584765,False,False
TIGD2,2.7132965996420677,False,False
SCARF1,2.712636569931338,False,False
PLEKHF1,2.7124553087459495,False,False
ADCY7,2.7119415774759914,False,False
XIRP1,2.710938628042718,False,False
SMAGP,2.709540040472097,False,False
PEX5L,2.708596542910949,True,False
LMOD2,2.7085872857961664,False,False
PDYN,2.706040998467675,True,False
CDKL1,2.7041715759553635,True,False
LIPH,2.704140951094267,False,False
GABPB2,2.7029074738861403,False,False
B4GALT1,2.7019183609970634,False,False
LPXN,2.7012704664818514,False,False
MSS51,2.699976140763356,False,False
SYTL4,2.6992384040425303,False,False
AURKC,2.69521868091378,False,False
RNF32,2.693482334397773,False,False
EPSTI1,2.6923635517188944,False,False
KIAA1328,2.692152647647121,False,False
GLUD2,2.690594914669381,True,False
NPPB,2.6874176281713864,False,False
PITX1,2.6848970628487208,False,False
GAN,2.683267291293821,False,False
ZNF774,2.681873634066744,False,False
KLB,2.681272959726754,False,False
ERMP1,2.681175389807114,False,False
HKDC1,2.681055405247336,False,False
OR51M1,2.6796816770186322,False,False
MS4A3,2.679405954427951,False,False
ZNF502,2.678171891778082,True,False
SIX4,2.6749059269396778,False,False
HPX,2.6705726918623016,False,False
DCAF4L1,2.6695322835152213,False,False
FABP6,2.668828160274181,True,False
SDPR,2.665823529962218,True,False
OXNAD1,2.663535885648782,False,False
FHIT,2.66077947678703,False,False
PLAC4,2.659696569229511,False,False
PRH1,2.6577446046952313,False,False
FRG2B,2.655790340503679,False,False
LOC339862,2.6548928150331625,False,False
C11orf94,2.653620254763659,False,False
FGD5,2.650845004152483,False,False
UCN2,2.6502050373723556,False,False
OR4C12,2.649599999999999,False,False
FAM70B,2.6494448567685485,False,False
MYO5C,2.6491689189505325,False,False
ST8SIA5,2.6402766162520033,True,False
HSFX2,2.639559637856617,False,False
CSN3,2.638263633014003,False,False
EBI3,2.6369665227918726,False,False
HTR3A,2.6367637692856567,False,False
TMIE,2.6351464838404044,False,False
NGF,2.629365494028611,False,False
TEX26,2.628320291609643,False,False
ATP7A,2.627170261197085,False,False
C7orf61,2.625110222128645,False,False
PYDC2,2.62371622568457,False,False
VSIG10,2.6235966832766024,False,False
GAPDHS,2.6226951146904347,False,False
RNF113B,2.6177691546478568,False,False
ANKRD42,2.615545674398475,False,False
MSTN,2.6132164490999052,True,False
ZNF519,2.6116197400896004,False,False
ACTL8,2.610141316044961,False,False
DEGS2,2.6088305605268394,False,False
ASTE1,2.607739949234422,False,False
PTH1R,2.6069652624252844,False,False
C16orf95,2.6057648805137386,False,False
GALNT4,2.6051698401001273,False,False
KLF9,2.6043423986150587,False,False
FLT3LG,2.6042548268238765,False,False
GPR116,2.6029473886140067,False,False
ATG7,2.5979287252459327,False,False
PTTG2,2.5978178083073082,False,False
C10orf53,2.5975035173293106,False,False
TSSK6,2.5919538109274662,False,False
TASP1,2.588728577861997,False,False
CLTCL1,2.588615291083272,False,False
FBXO43,2.58700474728334,False,False
ZNF599,2.5869290551052155,False,False
DENND1B,2.5855920722649173,False,False
FZD9,2.585587246025897,False,False
IRX6,2.5833385245230494,False,False
KRTAP8-1,2.5820186031278167,False,False
PLAC1,2.5801584845188383,False,False
ZG16,2.579516854405726,False,False
TRIM38,2.5793968470365303,False,False
UFSP1,2.5781721280602636,False,False
GPR135,2.5760032056005895,False,False
HLA-G,2.5753088073598387,False,False
C1orf74,2.5728737182861354,False,False
LOC643802,2.5726577166017486,False,False
TTC21A,2.571780030646501,False,False
RXRG,2.569524144646805,True,False
PCDHA10,2.5683572773742265,True,False
SQRDL,2.5666254091073912,False,False
GNAT2,2.5660738019206706,False,False
SSH3,2.5644568527681275,False,False
C16orf46,2.5628078914739563,False,False
PRM3,2.5625310640886183,False,False
LURAP1L,2.562232277081798,False,False
TTLL9,2.558064404440233,False,False
ZNF879,2.5558407440549296,False,False
FAM65C,2.55111150939865,False,False
ZNF366,2.548565454258342,False,False
CRYBA1,2.548123402463419,False,False
POC1B-GALNT4,2.547973960416886,False,False
C5,2.5459610233825782,False,False
BFSP1,2.545700441566948,False,False
DNAI2,2.5456005895357405,False,False
MRM1,2.544967164379876,False,False
HIST3H2BB,2.539283099390579,False,False
OBFC1,2.5389356259723246,False,False
PARS2,2.5382467745142763,False,False
NLRC3,2.5370242861821724,False,False
SHROOM1,2.518046844697102,False,False
MKX,2.517589009369407,False,False
TAS2R20,2.515194552058111,False,False
RGN,2.5142782567755666,False,False
PARP12,2.5141167187189293,False,False
SFRP5,2.5130710022107587,False,False
WNT8B,2.512356505947994,False,False
CCDC126,2.5102722859716224,False,False
PHKA1,2.5071359417950427,False,False
ZNF705G,2.5052660677732157,False,False
CLMN,2.5047858932519214,False,False
MOGAT3,2.5032148325554733,False,False
INPP5D,2.5026992712683205,True,False
NR1I3,2.502211633973167,True,False
CBX7,2.5017563322454994,False,False
TBL1Y,2.4915766133277186,False,False
NODAL,2.4887768659858938,False,False
PHACTR2,2.4874657519504977,False,False
PROK2,2.4843999046683276,False,False
CMKLR1,2.4835099671310434,False,False
TRIM54,2.482905026260073,False,False
CRHR2,2.4821173837012087,False,False
L1TD1,2.4807904668327656,False,False
KISS1,2.480063633014002,False,False
UBE3D,2.479170485782129,False,False
DSCR4,2.478069806763286,False,False
GSTO2,2.476587461253232,False,False
HTR4,2.475957838836838,False,False
ZNF438,2.4734883092957154,False,False
BRDT,2.47185888807009,False,False
STXBP5L,2.4685890351031103,False,False
STEAP1B,2.4679499368354563,False,False
TBC1D3B,2.4672502415458935,False,False
TAS2R19,2.4603597478097115,False,False
OR4N4,2.4602354405726907,False,False
CXCL2,2.460222126305693,False,False
ZSCAN22,2.45947843457206,False,False
HPGDS,2.458759195704812,False,False
ZNF843,2.456283141500275,False,False
CRYGD,2.455757303692786,True,False
TRIM6,2.4557386093272977,False,False
KLC3,2.4539506924705523,False,False
ZNF385C,2.4496679071481204,False,False
IKBKE,2.446154689967365,False,False
SOX15,2.4378744669029486,False,False
TNFSF13,2.4377008574001944,True,False
ZNF720,2.4376790398989363,False,False
ARHGAP6,2.436298694014575,False,False
DCHS2,2.433216301131113,False,False
TSHB,2.4296663227708186,False,False
RWDD2B,2.4261968207179705,False,False
GLRA3,2.4218125486893354,False,False
CCDC42B,2.419782987682914,False,False
SYTL3,2.415910922202337,False,False
FAM216B,2.413901489630486,False,False
ZNF235,2.4114441572797136,False,False
KRTAP2-4,2.4107072633376605,False,False
MMP7,2.410056254459533,False,False
ZNF99,2.4043283953866483,False,False
OSBPL10,2.403974818401937,False,False
PIP,2.4035031155326294,False,False
INHA,2.4025136119591535,False,False
LOC100507050,2.401077786550631,False,False
ESYT3,2.4006250511749774,False,False
PGLYRP1,2.396178779637622,False,False
SLC46A3,2.3942894462575004,False,False
TFAP2C,2.3933751184335197,True,False
ZNF573,2.392369529541121,False,False
HAVCR1,2.391666280661122,False,False
CCDC122,2.389040619480413,False,False
ARSJ,2.3863523084301272,False,False
HPDL,2.3829156572036823,False,False
CILP,2.3750052315448413,False,False
OLR1,2.3747006679065628,False,False
TGM1,2.3723514896304874,False,False
EHF,2.371675718496685,False,False
KRT14,2.366561130411389,False,False
C1orf182,2.3659387631446585,False,False
BIN2,2.365697172801816,False,False
LETM2,2.3628205126855457,False,False
SPINK2,2.3614400252658165,False,False
SLC27A2,2.3584469575744818,False,False
CD300A,2.3573972938671908,False,False
LYN,2.3563479945257395,True,False
DDX60L,2.3562489414090373,False,False
VDR,2.3549144962627646,False,False
BMP2,2.353288617515294,False,False
RTDR1,2.338821599934496,True,False
TAL2,2.3374902808482765,False,False
TNMD,2.3372653168169752,False,False
IRF8,2.334244241499105,False,False
CHI3L2,2.330999062474412,False,False
SLC2A12,2.330319462867436,False,False
RNASEL,2.3293582271818085,False,False
ZNF2,2.328536129534103,False,False
ELF3,2.3278567615304535,False,False
SLC17A4,2.3264928477851483,False,False
XKR3,2.324626129066219,False,False
FAM151B,2.323319638909359,False,False
HLA-DQA2,2.320325688084125,False,False
IGIP,2.3179262127007525,False,False
CYP4F11,2.317577439145642,False,False
HOXD1,2.3151672643904044,False,False
C1orf53,2.31468366260776,False,False
CCL18,2.3143213443520354,False,False
IQCF2,2.313690009474683,False,False
OTX1,2.309566464891041,False,False
ZNF597,2.3095347048227297,False,False
LIN28B,2.308926193400475,False,False
ZNF385B,2.3086331713279766,False,False
CD300C,2.306039056742814,False,False
CLCN5,2.3059963393807537,False,False
PPFIBP2,2.305517027523365,False,False
C6orf170,2.303437882935046,False,False
EFCAB3,2.3010421096957576,False,False
CLRN3,2.2995192312641106,False,False
OR10H1,2.2988466183574894,False,False
ALG6,2.2977899825712647,False,False
KCNJ6,2.297317903054123,False,False
ACTA1,2.2938688522768476,False,False
CASQ2,2.2928884145699544,False,False
OR2C3,2.289373073773848,False,False
S100Z,2.2851925161712945,False,False
ERVV-1,2.2820821191704392,False,False
LGALS14,2.2809053333099403,False,False
TFAP2E,2.2771196523610673,False,False
POLR3G,2.276785619538899,False,False
ZNF812,2.272227116304641,False,False
QRFP,2.26774777286498,False,False
DGKB,2.2661958919652356,False,False
TAAR5,2.2648947731340123,False,False
BIRC3,2.2607094688329754,False,False
CHSY3,2.259814359406253,False,False
C13orf35,2.259280762302466,False,False
HCRTR2,2.257923679100724,True,False
DNAH7,2.2569762530558775,False,False
FRMPD2,2.255749164239511,False,False
AMTN,2.255005857926564,False,False
PRF1,2.2547342457100745,False,False
CCDC121,2.254575824940637,False,False
C1orf94,2.2533545899568375,False,False
HAAO,2.2517186440677963,False,False
MAGIX,2.245425354715701,False,False
GRHL3,2.2436609444268987,False,False
WNT1,2.242990619480413,False,False
BBS12,2.2418220865354246,False,False
TRIM64,2.2412140699020964,False,False
ZBTB42,2.2411430092056475,False,False
MARCH11,2.239483150857985,False,False
TRIM49L2,2.237416907042847,False,False
FILIP1,2.237009303903335,False,False
CCDC88B,2.2369337667122853,False,False
CRIP3,2.2369094126867153,False,False
TRIM49L1,2.2339525540700182,False,False
PRSS42,2.232095762127009,False,False
PCTP,2.2304489905370155,False,False
NOD1,2.2274384672070746,False,False
SPIN2A,2.226851617129288,False,False
FAM20A,2.22521856101812,False,False
EDARADD,2.22443729807816,True,False
DMRTC1B,2.2242246131171703,False,False
DMRTC1,2.2242246131171703,False,False
NSUN7,2.2228670152413708,False,False
GUCA2B,2.22175961446234,False,False
ZNF705A,2.2216224707863996,False,False
CRYBA2,2.2216160859037797,False,False
TNP2,2.2204141909674684,False,False
ABI3BP,2.2203803938426265,False,False
ADAMTS6,2.219080439461464,False,False
CDH5,2.2151358786304987,True,False
FBXW10,2.2126043682960774,False,False
C9,2.211396844697103,False,False
GPR22,2.211157974523634,True,False
HFE,2.210430934250389,False,False
PYDC1,2.206430520171714,False,False
CATSPERG,2.2061966902948846,False,False
NBEAL1,2.2056917622907677,False,False
HLA-DMB,2.2043211051455707,False,False
C3orf67,2.2042511521680646,False,False
SFTPA2,2.2025899357827137,False,False
DSG3,2.202007738826309,False,False
SLC22A10,2.200206200067843,False,False
PSTK,2.1998791358154657,False,False
ANXA9,2.198672636885754,False,False
TMEM232,2.1973477892409723,False,False
CH25H,2.195019059316185,False,False
TAS2R30,2.1949408358774605,False,False
OR11H2,2.192794444444445,False,False
TMEM207,2.191083211683101,False,False
MLH3,2.1899340983261397,False,False
PRRG2,2.1848742844276003,False,False
LCN10,2.1836308623129934,False,False
DENND1C,2.1835646465709844,False,False
EXD1,2.182961648009732,False,False
LILRB2,2.182122368436443,False,False
CARD6,2.181594642710928,False,False
IL23A,2.1804436776970673,False,False
CTRB2,2.1782613778058524,False,False
CHADL,2.1741061638067163,True,False
KCP,2.173067401246914,False,False
SAMD13,2.1700148068217704,False,False
ARPM1,2.1639036319612597,False,False
DNAH1,2.1636894620486364,False,False
CLDN20,2.1613448205074213,False,False
ZNF845,2.1596395252131804,False,False
DNAJC5G,2.1595514785182073,False,False
TBC1D2,2.157857552841819,False,False
KIAA1919,2.157091551742289,False,False
C10orf111,2.157025066966113,False,False
S1PR5,2.1569645746335877,False,False
MEF2BNB-MEF2B,2.1566363313097288,False,False
HFM1,2.1551103741914353,False,False
XKR6,2.153431999274778,False,False
NOSTRIN,2.1527913160449637,False,False
LAT2,2.1518643909885258,False,False
HELQ,2.1516876893474164,False,False
KIAA0040,2.1503494525739555,False,False
TMEM52,2.148925889859751,True,False
PLD1,2.147762674433566,False,False
CRYGS,2.142665736159362,False,False
COL4A6,2.1416060105742125,False,False
MYH14,2.137206468517154,False,False
H3F3C,2.1349858610847927,False,False
ZNF765,2.1331074475675806,False,False
OPLAH,2.131317062614778,False,False
AGAP11,2.1286813401410676,False,False
ELMO3,2.1273201436408513,False,False
BCAS1,2.1257927670748975,False,False
GPR75,2.1238480939514104,False,False
LCE3D,2.1191893719806774,False,False
TNFSF8,2.1172994326888217,False,False
ANKRD55,2.1170468049268343,False,False
SRRM5,2.1157548543121494,True,False
MFI2,2.112724745879683,False,False
CHRNA1,2.1117598530839503,False,False
ARHGAP15,2.10726450094162,False,False
OR2A42,2.104163409598672,False,False
OR2A1,2.104163409598672,False,False
ZDHHC23,2.104042362353932,False,False
GANC,2.0998843135534733,False,False
SCNN1G,2.0989730457007174,False,False
ZNF732,2.0980627604075286,False,False
ICAM3,2.0974676334350986,False,False
UPK2,2.0970827344398826,False,False
PTPDC1,2.0960524031769427,False,False
ACACB,2.0907767531085146,False,False
CDNF,2.0893008205542105,False,False
C9orf167,2.087458411411728,False,False
C8orf73,2.0864346615433207,False,False
CASQ1,2.08595661765566,True,False
LRRC30,2.07755721654911,False,False
SFTA3,2.0766194593582963,False,False
SELPLG,2.0744187019686278,False,False
SLC25A41,2.0727170275233653,False,False
KIF19,2.0723569106689594,False,False
S100A1,2.0707463575113176,True,False
TCEANC,2.069265244879578,False,False
SETD9,2.0692181118480306,False,False
IL1F10,2.0671306242762384,False,False
CHRNA9,2.0671030213706705,False,False
TAS2R5,2.0668876893474164,False,False
KCNH1,2.0586734281971206,False,False
RD3L,2.058595499526268,False,False
CGN,2.057821649647331,False,False
LIMS3,2.052255196453429,False,False
LIMS3L,2.052255196453429,False,False
AGXT,2.0503139488367204,False,False
SYNPO2L,2.0466927255500584,False,False
PCK1,2.04382171749073,False,False
PLA2G10,2.0437614725526667,False,False
ANKRD24,2.0437575984606564,False,False
FDXACB1,2.043069649436783,False,False
FAM209A,2.0423502240001876,False,False
C7orf65,2.0417899246704336,False,False
C2orf77,2.04176958042367,False,False
LOC730159,2.041626363593828,False,False
AKR1E2,2.03871885929513,False,False
KIR2DS4,2.0371029558666978,False,False
C3orf25,2.0352734773250982,False,False
PNMT,2.0350940496660463,True,False
RHOD,2.0342453269934846,False,False
KIAA0226L,2.03158471418044,False,False
PRKCG,2.030032730930741,True,False
ZSCAN20,2.027638127990081,False,False
NPAS1,2.0270141166906455,True,False
UNC45B,2.024406103566457,False,False
CORO6,2.0227927179469183,False,False
CYP2F1,2.019105740370332,False,False
PPP1R3D,2.0176097250002925,False,False
CCL11,2.0169762080218967,False,False
IL36B,2.016367404756056,False,False
CYLC2,2.0153196102513706,False,False
GJB2,2.0132301979155702,False,False
SERPINA7,2.011232787661859,False,False
OR4C46,2.0066369682188756,False,False
LAMA3,2.006323028739867,False,False
SERPINB12,2.004325255290032,False,False
CALCB,2.004220338983051,False,False
ZNF169,2.0027246546420097,False,False
RBP5,2.002475718496684,False,False
GBA3,2.001153600378985,False,False
ITGA9,2.000366333298242,False,False
OR8H1,1.9937509661835766,False,False
C5AR1,1.9931491923126412,False,False
C9orf139,1.9930541951784397,False,False
OR8G2,1.9925416991262246,False,False
KLF1,1.9924624726579405,False,False
C19orf38,1.9908229971575955,False,False
CD163,1.9905845574387948,False,False
C10orf95,1.9900109958943044,True,False
NRL,1.9890885824238809,False,False
VMAC,1.9870216332713384,False,False
MPP4,1.9838270864769392,False,False
TUBA3D,1.9830093442584598,False,False
HVCN1,1.9811596127077704,False,False
AZGP1,1.979314458831923,False,False
PHLDB3,1.9788423793147818,False,False
TRDN,1.9771461393596979,False,False
C15orf62,1.9738069510240843,False,False
CD180,1.9723018873331715,False,False
SLC36A3,1.972294483044999,False,False
OR7A17,1.972183411704154,False,False
GNRH1,1.9700008591547649,False,False
MTHFD2L,1.9692183645062054,False,False
WISP3,1.9675794253196248,False,False
RGNEF,1.9665622796551683,False,False
OR8U1,1.9660891304347845,False,False
MATN1,1.9649466166029166,False,False
OR8B12,1.9608939145641087,False,False
ANKRD53,1.9600506766794163,False,False
HHEX,1.9597920722649165,False,False
STOML3,1.9592735194347946,False,False
KRTAP9-2,1.9586440677966104,False,False
NLRC5,1.958338229755179,False,False
DAZL,1.958038004000421,False,False
ANKRD33B,1.9563222210525084,False,False
XYLB,1.9552236966464307,False,False
C2CD4D,1.9529763232387034,False,False
VSX1,1.9509989221087602,False,False
MSANTD1,1.9504426460095214,False,False
GPR45,1.9473499368354563,False,False
IL9R,1.9459462867436335,False,False
HIST1H4L,1.9449396620696893,False,False
OR8B8,1.9417013399071263,False,False
VAX2,1.939848274672188,False,False
TMEM71,1.9383650957410723,False,False
ADAMTS17,1.9371079932390547,False,False
FAM71F2,1.9370704822729878,False,False
RGPD6,1.931935603162906,False,False
OR2M5,1.9290521739130415,False,False
OR6C68,1.9283678890175573,False,False
KCNH3,1.9279338836836628,True,False
OR6C65,1.927687198067634,False,False
MB21D1,1.9270235445836403,False,False
LOC100130357,1.9247399422161398,False,False
OR2K2,1.922531716788902,False,False
ADH1C,1.9213114111426934,False,False
TMEM155,1.920934957480904,True,False
PCDH11Y,1.9194472149115114,False,False
OR6V1,1.9178982869541816,False,False
TMPRSS11BNL,1.9174537530266356,False,False
OR4E2,1.914386761764394,False,False
OR5D18,1.9140640096618342,False,False
OR1J2,1.9140640096618342,False,False
ZNF461,1.9137187312114725,False,False
NPHS1,1.9128781766501737,False,False
OR56A1,1.9119587564772913,False,False
TACR3,1.911414095635798,False,False
SNTG1,1.9075828590143988,False,False
SPRR1A,1.9072705314009666,False,False
SOWAHA,1.9053845837573544,False,False
OR8D4,1.904280624276238,False,False
GPR112,1.9013387333169578,False,False
VWC2L,1.900695846346399,False,False
LRRC29,1.9006433495923547,False,False
ATP2C2,1.8975638540899042,True,False
SLC13A3,1.8974551736440097,False,False
C17orf78,1.8959548215601645,False,False
ELL3,1.8921062667415283,False,False
QRFPR,1.89175432092267,False,False
IL8,1.8873275344773135,False,False
OR5J2,1.8869625603864713,False,False
UCP3,1.885228435741774,False,False
HRH2,1.8843227971365406,False,False
TAGAP,1.8833312869190915,False,False
KAZALD1,1.88173481185154,False,False
PTGS1,1.8806606215858976,False,False
ARMC4,1.8791393088161323,False,False
OR5AP2,1.8777950363196112,False,False
TMC5,1.875546118304851,False,False
SAMD9L,1.8749334035161598,False,False
C3orf32,1.870959123182557,False,False
PLA2G4A,1.8661610695862723,False,False
OR2F2,1.865995073165597,False,False
OR2G2,1.86571009170556,False,False
PRX,1.864141154624463,False,False
SMPDL3A,1.8635951603092722,False,False
C4orf26,1.861874501994362,False,False
HTR5A,1.860002487396334,False,False
MBD3L3,1.8561816922249124,False,False
FAM75A1,1.8546601379092518,False,False
RBAK-LOC389458,1.8543447848311518,False,False
OR13C4,1.8538564650080118,False,False
PTER,1.8507610251371491,True,False
CCDC68,1.8471605549122116,False,False
TMEM139,1.8466700383666117,False,False
IL12A,1.8461507082616881,False,False
OR7C2,1.8428887227895334,False,False
CNGA1,1.842763928951586,False,False
KLRK1,1.8423393860172417,False,False
CTSF,1.839747500906528,True,False
DPPA5,1.8354317086009049,False,False
KBTBD10,1.8315901861014612,False,False
FAM83B,1.8285207758711437,False,False
ARSG,1.8278240194874316,False,False
RHCG,1.8270941391491502,False,False
WTH3DI,1.823603621433835,False,False
KIF9,1.821966759658911,False,False
TEX34,1.82136437519739,False,False
RAPGEF3,1.8193135306640464,False,False
ZFAND4,1.8191213654068847,False,False
VHLL,1.8173544612883228,False,False
WIF1,1.8161363909651307,True,False
CCR9,1.8154309506263813,False,False
TRIM71,1.81473160449638,False,False
MASP2,1.8132931776444303,False,False
MYO3B,1.8129731720298048,False,False
LOC554223,1.8126872980781599,False,False
TNFRSF11A,1.8113732930951796,False,False
DCDC2B,1.8098433940414778,False,False
ALX4,1.8090359663590319,False,False
CIB3,1.8088751658069266,False,False
PLA2R1,1.8078449620427883,False,False
PMCH,1.8071019873436969,False,False
ACCSL,1.806809295130484,False,False
APOL3,1.8053770461218144,False,False
OR56A4,1.8043110883016944,False,False
RNF39,1.804076279374437,False,False
DNAI1,1.8039655870208562,False,False
TRPM6,1.8021125592167595,False,False
TNNI1,1.8011676597536586,False,False
STARD5,1.8004257951129363,False,False
ARHGAP28,1.7990971008644185,False,False
IQCA1,1.7989341030049952,False,False
CTNNA3,1.7985333590670358,False,False
ECHDC2,1.7963551742288664,False,False
CHRM2,1.7925462095425249,False,False
PPP1R3G,1.7910375366997695,False,False
LCN12,1.7889172176018537,False,False
C3orf80,1.7875228392462366,False,False
NLRP9,1.7846628955094685,False,False
SBSN,1.783820805113987,False,False
TREML1,1.7798191365172953,False,False
TAS2R4,1.7787150647436574,False,False
APOBEC3H,1.7782878881987578,False,False
VCX2,1.7763556491326582,False,False
C17orf109,1.7752036313764021,False,False
MAK,1.7700348931466467,False,False
ZNF396,1.7697169017791343,False,False
DOCK2,1.7688263986852413,False,False
TNFSF11,1.7676703892807442,False,False
C7orf31,1.7665915833245602,False,False
FAM135B,1.7663243826835575,False,False
ADAM8,1.76474858406148,False,False
NPL,1.7646263635938282,False,False
CCDC154,1.762994130376297,False,False
ADHFE1,1.762669638324502,False,False
ANGPTL1,1.756845004152484,False,False
KIF25,1.756368232913406,False,False
KCNA5,1.755028604180557,False,False
PEAR1,1.7520573159747812,False,False
ZNF165,1.7513140804295189,False,False
CD38,1.7507120989343912,False,False
GPR146,1.7498315079949938,False,False
TPSG1,1.7481658116059002,False,False
PYGM,1.7479275321378858,False,False
C17orf67,1.7475688177702915,False,False
LOC147646,1.746127318665124,False,False
NRN1L,1.7459021581219076,False,False
EPHA6,1.7453593740861613,False,False
LOC154872,1.7445668134657453,False,False
SEC16B,1.7445140868629445,False,False
KBTBD8,1.7415914774654642,False,False
TRIM34,1.7412725807394929,False,False
ST20-MTHFS,1.7405247757073843,False,False
C3orf52,1.7393274713127698,False,False
KLK10,1.7367150185399634,False,False
BMPER,1.7351749657858724,False,False
MT1B,1.7336076739071928,False,False
OTOF,1.7284129797288605,False,False
TLR6,1.7281041191470443,False,False
OR10A4,1.7272704191084438,False,False
HPGD,1.7271659923266778,False,False
ANXA3,1.7269799821033793,False,False
NCF4,1.7266409265302785,False,False
ACR,1.7235719789217578,False,False
OR1F1,1.723186256448047,False,False
OOEP,1.7211552637119683,False,False
LILRA5,1.7211150553859473,False,False
CACNA1I,1.719593139043876,True,False
RFPL3,1.7176195441625433,False,False
HIST1H2BI,1.7169289866769601,False,False
SERTM1,1.716588950883719,False,False
PTK6,1.7158069744183597,False,False
SSX2,1.7151092933759116,False,False
C2orf62,1.7147787252459321,False,False
OR6S1,1.7139695576142526,False,False
MET,1.7139319138856726,False,False
SSX2B,1.713826239604171,False,False
LACE1,1.7113232369489184,False,False
GPR149,1.7094623112374399,False,False
NUDT13,1.7086045297165786,False,False
VN1R1,1.708424849399352,False,False
ATP6V1G3,1.7039107601969796,False,False
OR2AG1,1.7035550876700467,False,False
KLHL38,1.7019695383139732,False,False
PHF7,1.7016066650290675,False,False
BEST4,1.701475965891147,False,False
NARR,1.7003682802868143,False,False
NLRP5,1.7001138675416132,False,False
C12orf60,1.7000116199366013,False,False
SFN,1.6993441584494278,False,False
UPK3A,1.6990520265291085,False,False
EGR3,1.6989072229825357,True,False
SELV,1.6969963270987594,False,False
ACADL,1.6949861646255162,False,False
FOXH1,1.6944386052332991,True,False
IL5RA,1.692599569545332,False,False
C10orf120,1.6913026897568166,False,False
CD1E,1.6905885368050444,False,False
RILP,1.6891426074089668,False,False
MAMSTR,1.687707347557053,False,False
PSG1,1.6873192154729753,False,False
ADAMTS18,1.683967217601853,False,False
NTF4,1.6802705179492572,False,False
LOC256021,1.67758153489841,False,False
C1orf173,1.6753998315612169,True,False
FBXL8,1.6743318086114332,False,False
CHIC1,1.6735880174521294,False,False
DIAPH2,1.6734045899568377,False,False
PLEK,1.670345573218233,False,False
OR10H2,1.665670531400967,False,False
PRSS1,1.6655217367910051,False,False
AMY1B,1.664230869331274,False,False
GLP2R,1.6639545595442777,False,False
DDO,1.6632808295610062,False,False
GALNT8,1.6629064954205708,True,False
SEMG2,1.6617676597536601,False,False
OR4X2,1.6606000000000012,False,False
MYO3A,1.6602902720754236,False,False
HIST1H2AH,1.6581171731527293,False,False
GPR158,1.657118641728369,False,False
FBXL21,1.6557281497467573,False,False
ADPRH,1.6556787989378998,False,False
PIWIL2,1.6543157694962043,False,False
TNFRSF18,1.6514480079774478,False,False
SECTM1,1.6459057795557424,False,False
POU6F2,1.644463527739762,False,False
PCDHB6,1.6435632224444676,False,False
ASB11,1.6432808412581426,False,False
ZSCAN4,1.6407256793112726,False,False
LYPD6B,1.6376861260249618,False,False
SETDB2,1.6371452603197998,False,False
RIN3,1.635693067106479,False,False
FLJ45513,1.635325665274707,False,False
SPINK6,1.6341439730497944,False,False
GHRH,1.632414657098408,False,False
UGT2B4,1.6274039770268216,False,False
HTR7,1.626781243054825,False,False
HOXD3,1.6247983834555682,False,False
DPCR1,1.6247978062018216,False,False
SCN1B,1.6243454427951483,False,False
PLS1,1.6242351668596695,False,False
FAM159A,1.6218028634593114,False,False
REPS2,1.6184394620486366,False,False
BANF2,1.617348811570809,False,False
ZNF781,1.6152276830309622,False,False
IFNA5,1.614721723339298,False,False
CCDC169-SOHLH2,1.6145923389596566,False,False
DGKG,1.6140308430127146,True,False
LRRC56,1.6129436993367725,False,False
PRR18,1.6116009714472868,False,False
LLGL2,1.610950434548666,False,False
C4orf36,1.6107592337205086,False,False
CTXN3,1.6097899948532588,False,False
ZNF157,1.6075054847878727,False,False
CABLES1,1.6067609742546003,False,False
CT45A2,1.6066607882701118,False,False
TRIM72,1.6065786550631067,False,False
SPINK4,1.605767159701019,False,False
EFCAB9,1.603357532371828,False,False
MUC2,1.602146104853144,False,False
TAS1R3,1.601264748920939,False,False
FAM71B,1.6005186230129484,False,False
TYW1B,1.6002210337930307,False,False
GLP1R,1.5995756565018535,False,False
DNAJC25-GNG10,1.5988630972850943,False,False
SLC29A3,1.5984206179597853,False,False
CC2D2B,1.598370106794868,False,False
BIRC8,1.59584195119954,False,False
ITGAX,1.5924335380332433,False,False
OR7A5,1.5921054473570324,False,False
ZNF684,1.5918288217473187,False,False
GPT,1.590267522897147,False,False
SPDYA,1.5900159712718294,True,False
TBX15,1.589653089214069,False,False
LOC100506012,1.5889985735340566,False,False
SYTL1,1.5885663028856845,False,False
SPATA4,1.5842615339626396,False,False
BSX,1.5840077271291702,False,False
OR12D2,1.583526055374249,False,False
CBY3,1.5813828309412687,False,False
NPNT,1.5802249880104338,True,False
ZNF782,1.5794727632148415,False,False
FAM162B,1.5781120919161078,False,False
OR52N5,1.5780521739130435,False,False
CLEC3A,1.576858312570916,False,False
OR4A15,1.5743499999999995,False,False
CXCL5,1.5736428232211577,False,False
MYOM1,1.573233416967868,False,False
COL23A1,1.5713681440151595,True,False
FBXL13,1.5704032687651337,False,False
RAB41,1.5699768075002045,False,False
MITF,1.569581314992221,False,False
ADAMTSL2,1.5686444233895964,False,False
ADAM32,1.5664959639026328,False,False
OR11G2,1.5661420757740563,False,False
FOLH1,1.5656176065316816,False,False
KRTAP3-3,1.564498792270531,False,False
KRTAP25-1,1.562040821256041,False,False
PRAMEF14,1.5591254266530992,False,False
RTBDN,1.5587838836836625,False,False
SPAM1,1.5576784293083503,False,False
PIK3AP1,1.5565681492788712,False,False
DNAH10,1.5563299902913756,True,False
CCDC89,1.5540142172860292,False,False
CCT8L2,1.550528655063106,False,False
CCL3L3,1.5487072142096825,False,False
TMEM144,1.5479206863880408,False,False
TRIM17,1.5472750184229918,False,False
PRAMEF22,1.546179216525716,False,False
DEFB125,1.5457441952954107,False,False
PLG,1.5438532365980038,False,False
TMIGD2,1.5437174328291867,False,False
FAM82A1,1.5425064088617513,False,False
KIR2DL1,1.5401348241335346,False,False
TBX5,1.5394419950638063,False,False
LRMP,1.5389752704963104,False,False
TNFSF18,1.537169655870208,False,False
FCGR3B,1.5354424161607672,False,False
STAC3,1.5354363038214551,False,False
BAIAP2L1,1.5338473359768863,False,False
DEPTOR,1.5318204629727106,False,False
CAPN9,1.5306778988431533,False,False
EYS,1.5292423722964987,False,False
ABCD2,1.5265660595852193,False,False
SLC10A7,1.526534832906388,False,False
PCDH15,1.5264070212069105,False,False
TM6SF2,1.5260027260179432,False,False
PODN,1.5254996432372998,False,False
AKAP3,1.5253120381092744,False,False
WDR87,1.525196156905405,False,False
C9orf117,1.523353738405212,False,False
PCDHB8,1.5228963586810305,False,False
C8orf45,1.5227145646910196,False,False
GRAMD1C,1.5205469324256353,False,False
LOC100653515,1.5200584599548488,False,False
ZNF543,1.5197280444725179,False,False
KL,1.5181812377911124,False,False
LOC391322,1.517549494683651,False,False
OR51B2,1.5167371699945016,False,False
ZNF799,1.514593415096326,False,False
CTXN2,1.5143927360774816,False,False
CAMK1G,1.512330009591653,False,False
ARMS2,1.5115953989308812,False,False
ACSBG2,1.5089322033898307,False,False
GCK,1.5062003158227182,False,False
TBXAS1,1.505871844404674,False,False
RBP4,1.5036525137148942,False,False
SIGLEC6,1.5016987472365497,False,False
PRLHR,1.4988938373629976,False,False
HCST,1.4968782866032688,False,False
PCDH20,1.496670348925618,False,False
PCDHB4,1.496308056403598,False,False
C7orf72,1.495792951304817,False,False
C12orf66,1.4955203822624603,False,False
FES,1.4950199208103778,False,False
PAQR9,1.4942713788585928,False,False
STON1-GTF2A1L,1.4937722614076334,True,False
KRTAP19-1,1.4913232158940701,False,False
IL7R,1.489106105321028,False,False
OTX2,1.487509735527716,False,False
HCAR3,1.4868106800715855,False,False
PNPLA7,1.4864522698295728,False,False
CD8B,1.4855682802868153,False,False
OR51T1,1.4845038331520282,False,False
GNMT,1.4844820396299026,False,False
CD1A,1.4833849995906025,False,False
VANGL1,1.4831692716192348,False,False
PRPS1L1,1.4828196073270874,False,False
XRRA1,1.4818571685908457,False,False
LEAP2,1.4794662174965787,False,False
FOLR3,1.4787274496730656,False,False
C11orf9,1.4781686335403725,False,False
PRAMEF12,1.4766485554034932,False,False
ALOXE3,1.475054361277795,False,False
SPINT4,1.472454347826085,False,False
KRT16,1.4720362312992017,False,False
DEFB132,1.470338417494237,False,False
PKP2,1.4699325192125485,False,False
C1orf111,1.4684266185914308,False,False
FNDC1,1.4641455574270976,False,False
LHX9,1.4627723549847351,True,False
PPARG,1.4624196862827668,False,False
ABCB11,1.4618399106338682,False,False
SHISA8,1.4616544016329203,False,False
ACP5,1.4614252687417393,False,False
CCDC63,1.4591382087003306,False,False
SLC26A5,1.4588990747564057,False,False
SPATA25,1.4583072370191017,False,False
OR8S1,1.4580868541717853,False,False
C2orf63,1.457753178697173,False,False
HIST1H3D,1.4563479079669204,False,False
GLIS1,1.4556116064848932,False,False
CYP1A1,1.455324455205811,False,False
FSIP2,1.4527855610532103,False,False
C22orf24,1.4525200664397424,False,False
LYG1,1.4521208156414125,False,False
SERPINI2,1.4507419354084055,False,False
GPR133,1.4489037348960712,False,False
CLEC5A,1.4481225438935104,False,False
FGB,1.4478545700717038,False,False
DMGDH,1.447703194488309,False,False
C1orf38,1.4468301294873147,False,False
ZP4,1.443126439040369,False,False
PCDHGB2,1.441451385525962,True,False
ITGB1BP2,1.4401543577686542,False,False
SCXB,1.4363360353721446,False,False
SCXA,1.4363360353721446,False,False
TMEM105,1.4359430986887511,False,False
C17orf102,1.4358597372822883,False,False
PCDHB13,1.434703953047689,False,False
SSX4,1.433396600811781,False,False
ATP13A4,1.4331185627726897,False,False
KCND1,1.4314693388777768,False,False
SLC10A6,1.4308453363511942,False,False
SYPL2,1.4297349457837665,False,False
CST4,1.4277940654571828,False,False
CYP2E1,1.4273083114012,False,False
MYOT,1.4246656396579758,False,False
C17orf99,1.4237670608602075,False,False
RNF133,1.4213872460258974,False,False
RFESD,1.4211129224128853,False,False
KIF16B,1.4193308400884304,False,False
SLC46A2,1.4176143570668258,False,False
SLC16A8,1.417410579476202,True,False
PDE6H,1.4167556421143732,False,False
CCDC141,1.413682243160099,False,False
HSD3B2,1.4108724105461394,False,False
KLHL3,1.4105150045033978,False,False
HIST1H2AL,1.4091446310137912,False,False
GDF9,1.4085142974114235,False,False
LAYN,1.4084143225602692,False,False
GNRH2,1.4067232106303589,False,False
CD160,1.4061811395351556,False,False
TAS2R7,1.4052419623118244,False,False
APCDD1L,1.4049551718894389,False,False
B3GNT6,1.4043001696084974,False,False
OR4F17,1.403442236024845,False,False
OR4F5,1.4030714209682895,False,False
ZNF808,1.4016513106642805,False,False
C20orf201,1.399510212770935,False,False
DDX60,1.3992435513679804,False,False
SEPT1,1.398602311939268,False,False
NTN3,1.3980459726754864,False,False
C11orf42,1.3969124217753914,False,False
RGS22,1.3964817115251902,False,False
LOC100507203,1.3952043162438166,False,False
MUC15,1.3942852417213494,False,False
FSCN2,1.3939073428781978,False,False
BPIFC,1.3924042349487082,False,False
HLA-DQB1,1.3914554005684807,False,False
GATA2,1.3902464891041162,False,False
SH2D4A,1.388282172977272,False,False
ONECUT2,1.3877257494940989,False,False
C6orf222,1.3873978430478067,False,False
KCNJ13,1.3828949550245053,False,False
C1QTNF9B-AS1,1.381473418254553,False,False
MYOZ1,1.3809354300452685,False,False
FAM218A,1.3805996052216023,False,False
C15orf58,1.3789360400509996,False,False
SLC35G3,1.3779968113602592,False,False
KRTAP4-2,1.3777222754441996,False,False
C14orf176,1.3728413897369314,False,False
ZNF563,1.3722356300663225,False,False
FOXQ1,1.3701916043794085,False,False
SLC6A12,1.3701405832192863,False,False
ZSCAN1,1.3695635447006116,False,False
ALX1,1.3686315501046893,False,False
NR3C2,1.3681430442970601,False,False
HOXA1,1.366732629165643,False,False
CD274,1.3648057017697774,False,False
MPEG1,1.3646645173176122,False,False
TCP10L2,1.363747657648174,False,False
PVRL4,1.3620024540594915,False,False
FRMPD1,1.3618196652279186,False,False
HBE1,1.3616494467253863,True,False
ZFP3,1.361621024435321,False,False
CD40LG,1.3584755477184747,False,False
MRGPRX1,1.3582564948357136,False,False
GALNT12,1.3571890210665447,False,False
CDSN,1.356220427881296,False,False
L3MBTL4,1.3560062743446681,False,False
TOMM20L,1.3558485314243605,True,False
AP1M2,1.3555180785111884,False,False
TNNC1,1.3547402773391353,False,False
VCX,1.3533889725234234,False,False
OTOR,1.3531034687861898,False,False
ZPLD1,1.3530141745914779,False,False
GPSM3,1.3516304008609095,False,False
ZNF19,1.3512153659449533,False,False
SIGLEC7,1.3511234124059845,False,False
MRC1,1.3497293779462165,False,False
C2orf73,1.349463934215296,False,False
CISH,1.3491630727211052,False,False
NLRP8,1.3481695014679906,False,False
BAGE5,1.348067322291236,False,False
RAB40AL,1.348020833187119,False,False
LHX4,1.3475233024528899,False,False
LDHC,1.3473414423740515,False,False
GPR65,1.3470912148647234,False,False
TNFSF13B,1.3462905668432927,False,False
ZNF571,1.3450782871881253,False,False
FHAD1,1.3424284497783394,False,False
HIST1H3F,1.342230309623235,False,False
UBASH3A,1.3411519949468371,False,False
EFHB,1.3409534524101954,False,False
ZBED2,1.3404856558000267,False,False
GPR180,1.3400753605642701,False,False
TAS2R14,1.3391868038740917,False,False
C10orf116,1.3356739703594527,True,False
CEACAM20,1.3347822466692398,False,False
C2orf89,1.3343890754582348,False,False
WNT9B,1.3325009609198628,False,False
RASSF5,1.3298703822624602,False,False
TAPBPL,1.329534077271292,False,False
S100P,1.3284688382402827,False,False
VTN,1.3267183943339065,False,False
TMEM194B,1.3261205489466728,False,False
COLQ,1.324962464469944,False,False
C4orf6,1.322234218806658,False,False
C15orf33,1.3193645676153045,False,False
HNF4G,1.318874434150963,False,False
MATN3,1.3177163871050754,False,False
CDK18,1.3160037530266344,False,False
F7,1.3145213654068844,False,False
TRIM15,1.314148505105801,False,False
ZNF546,1.3129256512381422,False,False
TNFRSF8,1.312543551952837,False,False
HNF4A,1.3113028371407522,False,False
TNP1,1.311086826098655,False,False
MMP27,1.3108725128960936,False,False
LONRF3,1.310844533927548,False,False
OR6B2,1.3076494818167972,False,False
GPR160,1.3069577054894668,False,False
P2RX6,1.3063470359453038,False,False
SLC7A13,1.3057635990923033,False,False
ZNF283,1.3049567913581548,False,False
HIST1H3C,1.304893762501316,False,False
SPTSSB,1.3039782743212736,False,False
H2BFWT,1.3028483027453182,False,False
GPA33,1.3028313085587955,False,False
KCNA4,1.302198968312454,False,False
LOC283710,1.3015990344012829,False,False
CELA3B,1.3014045531108551,False,False
GPR126,1.3007696862827667,True,False
IGSF10,1.2999821086430152,False,False
LSR,1.2993638728053245,False,False
CAPN14,1.2992382408674599,False,False
KDM4D,1.299087651331719,False,False
AMZ1,1.295683487735551,False,False
IFNA14,1.2948738563123607,False,False
HORMAD1,1.2921293873039281,False,False
ADORA3,1.291936103800402,False,False
GYPA,1.2913916950322255,False,False
C7orf66,1.2912198944918176,False,False
A2LD1,1.2896997578692493,False,False
FMN1,1.2877071019171606,False,False
GSC,1.2868858856487817,False,False
GABRD,1.286811248552479,False,False
GSTM5,1.285590462153911,False,False
CCDC73,1.2844451468575637,False,False
HBD,1.2839477728649809,False,False
CD40,1.283750118725948,False,False
SLC26A8,1.2831612918318889,False,False
ARSE,1.2828216075376357,False,False
TRPC7,1.2812010065387005,False,False
FOXN4,1.2791931478167293,False,False
PYROXD2,1.2784217174907297,False,False
GLT6D1,1.2778369629551662,False,False
NDST4,1.2768712121743808,False,False
GTSF1L,1.2765145412967447,False,False
SUMO4,1.2758811763811395,False,False
MDH1B,1.2756300341556421,False,False
KCNV1,1.2748386988104012,False,False
MLXIPL,1.2738656396579757,False,False
C1QTNF1,1.2733876881777026,False,False
TCEAL6,1.2726367857435286,True,False
PCDP1,1.2726120907463943,False,False
FOXD4L6,1.271716501737025,False,False
BIK,1.2711833929887357,False,False
CD93,1.269899631540163,True,False
NKG7,1.2698480658782796,False,False
RUNX2,1.269188951468576,False,False
DNAH9,1.2682193733843328,False,False
EID3,1.2638452310769555,False,False
HIST1H3I,1.2634187598694602,False,False
CCDC13,1.2629576639646276,False,False
ETV2,1.2628041244107566,False,False
NKX3-1,1.2621401106549226,False,False
MIPOL1,1.2612253126060053,False,False
LY75,1.2605368945269086,False,False
ITPKA,1.258912374401984,False,False
ISM1,1.2568943988256074,False,False
BCL2A1,1.25602569861155,False,False
UGT3A2,1.2558679399001065,False,False
SAMD7,1.2542651185504892,False,False
KIR2DL3,1.25328055877227,False,False
SLC22A3,1.251305873717701,False,False
P4HA3,1.251161633973167,False,False
ATP6V1B1,1.2502978325203826,False,False
KRT19,1.2502783146763985,True,False
TMCO5A,1.2490521739130411,False,False
DLEU7,1.2483049163069795,False,False
SIM1,1.2448208752968148,False,False
C11orf86,1.2420785304885886,False,False
OR4F29,1.239676237264741,False,False
OR4F16,1.239676237264741,False,False
OR4F3,1.239676237264741,False,False
C2orf78,1.2393283199401108,False,False
RAET1G,1.2393118761039175,False,False
COLEC11,1.239267385455779,False,False
BARHL2,1.2385193365383491,False,False
TTC39B,1.2384242393936205,False,False
HCRT,1.2370068124130025,False,False
GDF6,1.2359892719701489,False,False
CD4,1.2358003158227182,False,False
CER1,1.2350704594635697,False,False
C2orf51,1.2350467680808517,False,False
KRTAP5-8,1.2338006836976991,False,False
C1orf110,1.2337499789451527,False,False
PRSS37,1.2327136798025522,False,False
FAM154A,1.232315558947726,False,False
JPH1,1.2294462955164873,False,False
CAPN13,1.2290240545788447,False,False
MAP4K1,1.2285887473535226,False,False
DEFB121,1.2271777777777768,False,False
ADAP2,1.2270018276777672,False,False
TBX19,1.2248222877261934,False,False
AKR7A3,1.224026161818203,False,False
TMEM182,1.2221892649518662,False,False
RHOH,1.221508505573686,False,False
ADAM18,1.2213436572270764,False,False
FREM1,1.2207069896246387,False,False
CCDC39,1.2195289188335614,False,False
NAT8B,1.2192655226865983,False,False
SAMD9,1.218417052087354,False,False
CCL24,1.2182410990630592,False,False
INHBC,1.2176767922939258,False,False
SLC13A1,1.2175632060684753,False,False
SCGB1C1,1.2170209033699455,False,False
IRAK3,1.2162356932308662,False,False
HTR2C,1.215331232527401,False,False
SP8,1.2142605636850663,False,False
AKR1C4,1.2130794656747492,False,False
C17orf110,1.2124899983624007,False,False
SYK,1.2115898334327588,False,False
C14orf28,1.2099274713127697,False,False
SLC28A2,1.207841524838872,False,False
SLC18A1,1.2059552795031054,False,False
ZNF582,1.204223443988256,False,False
CDH26,1.2026173913043476,False,False
MATN4,1.2009997262869778,False,False
BMP3,1.2004724549952626,False,False
CXCR6,1.2001580406124621,False,False
NOTCH4,1.1995699015101007,False,False
RNF43,1.1993364354142542,False,False
OPN5,1.195956287796376,False,False
TCF24,1.1938988788293505,False,False
LOC388588,1.1930553701559228,False,False
CXCL11,1.192049425670537,False,False
AVIL,1.1911625603864735,False,False
GNA14,1.190880218970418,False,False
FXYD6-FXYD2,1.1907974693242565,False,False
ADH1A,1.1906620655975482,False,False
RDH16,1.1884604443742615,False,False
C7orf58,1.1884106379618906,False,False
IL17F,1.1872602127709349,False,False
ALPK3,1.1867703085704928,False,False
CDRT15,1.185548069387421,False,False
FGF8,1.1800835719549425,False,False
UBQLN3,1.1800564533108748,False,False
PPEF1,1.1798557158063423,False,False
GAL3ST1,1.1795000368459838,False,False
KLK11,1.1793247879893787,False,False
GBP3,1.1791124960522166,False,False
RASL10A,1.1777940303657695,True,False
FCRL5,1.1751433671380613,False,False
SPDYE1,1.1749099601127602,False,False
PROKR2,1.1746493788819872,True,False
GPR17,1.1746267653905085,True,False
ALOX15B,1.1744519054637335,False,False
MOV10L1,1.174317907148121,False,False
MLKL,1.1742972131569411,False,False
FBP2,1.1713963575113169,False,False
GZMB,1.171328704191085,False,False
C19orf80,1.1712943567159124,False,False
HIST1H2AB,1.171183699453743,False,False
GPBAR1,1.1704596109531997,False,False
F2,1.169996110116854,False,False
DAO,1.1699419149384145,False,False
PLEKHG4,1.1684023002421309,False,False
CCDC171,1.16817081798084,False,False
CCDC153,1.1681323981471736,False,False
TECTA,1.1680123972114023,False,False
LIPN,1.167667553894563,False,False
FGFR4,1.1659873366787148,False,False
IL28RA,1.1652848510369513,False,False
HIST1H2BL,1.1651897983413457,False,False
KANK4,1.162996360435601,False,False
HOXD4,1.1620910932144906,False,False
ETV3L,1.1615713560491743,False,False
EMCN,1.1614877314571124,True,False
POMC,1.1605761080113695,False,False
PLLP,1.1603832450199436,True,False
AOX1,1.1599381040109482,False,False
LOC100129216,1.1598240844065457,False,False
RNF183,1.159413396146963,False,False
KCTD4,1.1583006000631644,False,False
KRT12,1.1575861979623596,False,False
VWA5B1,1.1575141781006186,False,False
CD14,1.1558071375934311,True,False
KLK12,1.1545723649273025,False,False
OPN4,1.153783904738512,False,False
PCDHGB3,1.1529222210525087,False,False
CORIN,1.152528208232446,False,False
TICAM2,1.1512562006527003,True,False
FAM22F,1.1501935151068534,False,False
LCP2,1.1491143237299832,False,False
CNGB3,1.1459554736755913,False,False
SRGN,1.1458253827888318,True,False
GLYAT,1.1455559585219492,False,False
GAGE1,1.144332377092325,False,False
PRR9,1.1442506766794167,False,False
PRLR,1.143904221497,False,False
SDR42E1,1.1428358663485045,False,False
TP63,1.1426769671661339,False,False
KNG1,1.1426003134832907,False,False
NHSL2,1.1424010925126622,False,False
CCDC36,1.1421974640605443,False,False
MIP,1.139179095460341,False,False
LOC100129083,1.1380554374144647,False,False
HPD,1.1352196611339207,False,False
DAPP1,1.1350298399831564,False,False
PPY,1.134101800189494,False,False
LRP5L,1.1338543805780723,False,False
HTR1F,1.1337213507854624,False,False
SYDE2,1.1332665385830087,False,False
TPTE,1.133226571218023,False,False
TPK1,1.1319777058403806,False,False
RASGRP3,1.1312424886830192,False,False
SCGB1D1,1.1306526891719602,False,False
C8B,1.1300783287129637,False,False
SLC26A4,1.1298446409563585,False,False
PRICKLE3,1.12892703559439,False,False
KLF17,1.1281983419307293,False,False
C7orf33,1.1277141172755023,False,False
PRKCH,1.1272888304032003,True,False
SCGB1A1,1.1256152437098639,False,False
PYCARD,1.1253120591641226,False,False
TIGD6,1.1253001064439532,False,False
POTEB,1.125112627645016,False,False
COL17A1,1.1238022908844205,False,False
TXLNB,1.1218003000315824,False,False
PIK3CG,1.1209727550268451,False,False
N4BP2L1,1.1201597688645588,False,False
GRTP1,1.1160665994081247,False,False
MAP3K5,1.1158471839140964,True,False
PCDHGB5,1.113859042472307,False,False
PHOX2B,1.1112670924424788,False,False
POPDC2,1.1101662941128305,False,False
IFNB1,1.1097178626989972,False,False
SERPINB13,1.1097059298639615,False,False
RLN2,1.1095120234878526,False,False
FMR1NB,1.1092118866313412,False,False
ZNF792,1.1081267127533894,False,False
ANXA2R,1.1080849101074963,False,False
RNF128,1.107285592635482,False,False
SLC38A4,1.1068304453100326,False,False
BCL2L10,1.1064105654396368,False,False
SLC7A2,1.105037361242704,False,False
CLEC4A,1.1035324519540073,False,False
TMPRSS11F,1.102288524523049,False,False
GAS2,1.099619726053035,False,False
IGFL4,1.0979802347615537,False,False
CYP24A1,1.0977675807979783,False,False
ARHGAP36,1.0976394263723666,False,False
C1orf227,1.0969966996525942,False,False
ACE,1.096192193330292,False,False
GCG,1.0961825244762606,False,False
ORM2,1.0948627604075285,False,False
CLIC6,1.0947802926623849,False,False
MRGPRX2,1.0928971733866726,False,False
GMFG,1.092346541741236,False,False
TMEM154,1.0922072264916773,False,False
CLDN9,1.091629882092851,False,False
OR1E1,1.0909095091881011,False,False
LOXHD1,1.0907869717280174,False,False
DLX1,1.0902966891251709,True,False
NOX3,1.0885068533529838,False,False
OR4M2,1.0881756184861557,False,False
APOA2,1.0862479682071802,False,False
FOXL1,1.0855527698822096,False,False
DEFB105A,1.084611538056638,False,False
DEFB105B,1.084611538056638,False,False
CCL26,1.0838846036424887,False,False
BDKRB1,1.0836598431413837,False,False
PEBP4,1.083633398252447,False,False
AGPAT9,1.083333722263162,False,False
ACSM1,1.0824199067738127,False,False
ATP13A5,1.082094141488578,False,False
NMBR,1.0798076335520699,False,False
FRMPD4,1.079228604180557,False,False
H2AFB2,1.078667436338328,False,False
EPGN,1.0780255301727657,False,False
DLGAP2,1.0777977658466973,False,False
HCAR2,1.0774199576563614,False,False
STRC,1.076066215157151,False,False
FAM75D4,1.0759447199120378,False,False
C15orf32,1.0750462183153782,False,False
STEAP1,1.0743609461814694,False,False
C4orf49,1.0742542770584038,False,False
SYCE3,1.0735736791007242,False,False
KRTAP24-1,1.0733487922705314,False,False
LOC100130301,1.073172381303295,False,False
PRAMEF19,1.0723280602636545,False,False
PRAMEF18,1.0723280602636545,False,False
DOK7,1.0714484103589852,False,False
MUC22,1.0708331292182807,False,False
FGF22,1.0702000888982464,False,False
ACRV1,1.0700723684364435,False,False
PPP1R14D,1.0691950988992986,False,False
TPH1,1.0689166859669437,False,False
MUC21,1.068898694014575,False,False
TCTE1,1.0677437040156272,True,False
ZFP2,1.067294232141395,False,False
LRRC31,1.0670371249605226,False,False
TYR,1.065596123568563,False,False
GRXCR1,1.0641809874723662,False,False
LGALS7B,1.0641070247160516,False,False
AFAP1L1,1.0639505468411878,False,False
GRIN2C,1.0622988694716404,False,False
FIGF,1.062001364471114,False,False
NPY2R,1.061967727597057,False,False
SERPINA4,1.0618777953234844,False,False
LGALS16,1.060469607327088,False,False
RXFP1,1.0604161911780183,False,False
STARD8,1.0599640014738394,False,False
LOC100132146,1.0581538313974561,False,False
MFSD7,1.057646739422863,False,False
SCARA5,1.0569442286322537,False,False
KCTD14,1.0567411306453305,False,False
TMEM14E,1.054882841468693,False,False
CCL13,1.0547459761846267,False,False
ZNF230,1.0545186019581008,False,False
SLC5A7,1.0528217192453007,False,False
ANKRD22,1.0526360347872872,False,False
MS4A2,1.0505368945269093,False,False
CHRNA6,1.049791133569615,False,False
BAIAP2L2,1.0495756448047162,False,False
SGMS2,1.048848641377455,False,False
SLC5A10,1.0477825455311087,False,False
CLNK,1.0463745844591819,False,False
TEX15,1.046189715876525,False,False
LOC730755,1.0456996853469958,False,False
NBPF4,1.0449939151489627,False,False
CGB,1.0432449620427884,False,False
SH3RF2,1.0431171538524522,False,False
C10orf90,1.0409951690821264,False,False
GSTA5,1.0399428413517215,False,False
HTR3E,1.0395063322454983,False,False
GNG13,1.039063195541051,False,False
CASP5,1.0372466364880513,False,False
LCE1F,1.037000966183574,False,False
GSX2,1.036447210232656,False,False
GPR143,1.0359355838626287,False,False
DEFA5,1.0358090214174596,False,False
C2,1.0355668859879987,False,False
C8orf44-SGK3,1.0350936730182125,False,False
AMY2A,1.032816443836193,False,False
CNTD1,1.0312622855037368,True,False
C15orf43,1.029548560667204,False,False
FAM109B,1.0291601811886633,True,False
PFN4,1.0290062000678433,False,False
COLEC10,1.0277696997344752,False,False
ASIP,1.0269079230562281,False,False
GALR1,1.0265195400685452,False,False
MED12L,1.0258367617643962,False,False
PTCHD3,1.025497926097484,False,False
HMHA1,1.0253349101074967,False,False
TRAT1,1.0250618339942226,False,False
OSTN,1.024736124270391,True,False
AGXT2L1,1.0241136727842697,True,False
TARM1,1.0240486396228838,False,False
MEP1A,1.02326690821256,False,False
IL23R,1.0232171012153326,False,False
TTN,1.0229039741025372,False,False
HIST1H2BF,1.0221407686189188,False,False
RGSL1,1.021123658045877,False,False
CSTA,1.020823593126762,False,False
IFNA1,1.0204954889988416,False,False
POU5F2,1.0176781655378935,False,False
MRGPRG,1.017545505959691,False,False
KPRP,1.0171545104163002,False,False
ZNF280B,1.015944988361348,False,False
COL10A1,1.0149793779462166,False,False
ADAM21,1.014964106163222,False,False
ENPEP,1.0142988291165151,False,False
TAF7L,1.0135336819080372,False,False
G6PC2,1.013454247230702,False,False
PRG3,1.0133481518522425,False,False
FAM55D,1.0121496397281586,False,False
TTC18,1.0116457574481525,False,False
BATF,1.008053533120445,False,False
FTCD,1.0079406727023899,False,False
RGAG1,1.0079039875542455,False,False
IRF5,1.0070329139909464,False,False
C20orf197,1.0067687241931904,False,False
LYZL4,1.0065292095074332,False,False
OVCH1,1.006248599267759,False,False
SLC10A2,1.005927519855891,False,False
CAPS2,1.004719341802061,False,False
ARHGAP8,1.0037037424992103,True,False
KATNAL2,1.003029839983156,False,False
PPP3R2,1.0023488326256564,False,False
C19orf46,1.0020510416301132,False,False
TTC23L,1.002021885929513,False,False
C14orf177,1.0015375209086335,False,False
KCNN4,1.0014510790609539,False,False
TTLL2,1.0013472464937834,False,False
HIST1H4D,1.001308016048473,False,False
C12orf12,1.0004620252424232,False,False
CRLF1,1.0004046718368016,True,False
SLC22A6,1.0002836561743342,False,False
FAM180B,1.000159179913675,False,False
CCDC67,0.999887846089062,False,False
KLK1,0.9998522370775871,False,False
AGFG2,0.9994064474623061,False,False
NME9,0.9990631411493609,False,False
RGS9BP,0.9985587652501435,False,False
TAS2R3,0.9972162806611224,False,False
AMBN,0.9951934519423098,False,False
AGPHD1,0.9951903475219613,False,False
LGALS9,0.9947297499151958,False,False
GIMAP1,0.9938921617480202,False,False
XAGE3,0.992908316080055,False,False
DSC1,0.9925963744721668,False,False
KRTAP10-8,0.9919255529821851,False,False
FAM83A,0.9904018996151644,False,False
TAS2R31,0.9903641272180699,False,False
EXOC3L1,0.987858511422255,False,False
THEMIS,0.9877514381630815,False,False
HMX2,0.98669413914915,False,False
IL16,0.9848800674924847,False,False
NLRP11,0.984784274952919,False,False
PRAMEF4,0.9846282608695645,False,False
PCDHB7,0.9837234124059842,False,False
TMEM221,0.9832462060333838,False,False
ZFP92,0.9832353352984523,False,False
NAT1,0.9825172012258602,False,False
VSX2,0.9816731544840983,False,False
MYOM3,0.9814321981261185,False,False
PSG9,0.9808561743341403,False,False
ACVRL1,0.9807924255184757,True,False
OCM,0.9807359470587548,False,False
IL1RN,0.9788479799043175,False,False
OCSTAMP,0.9775579932390537,False,False
C3AR1,0.9772594354961341,False,False
ABCG2,0.9763189926425002,False,False
AANAT,0.9753505678960362,False,False
FMO4,0.97514064638383,False,False
MYLK4,0.974929499011592,False,False
RNF222,0.974911680176861,False,False
OMP,0.9740306821770709,False,False
TCTE3,0.9736551753985802,False,False
SPRY3,0.9735246920728499,False,False
MYOCD,0.9734144465499289,False,False
RIMBP3B,0.9730257600215226,False,False
PRAP1,0.9724827244973154,False,False
RASEF,0.9702138382987684,False,False
DUSP21,0.9697376612742863,False,False
IL24,0.9691611444479529,False,False
C6orf223,0.9690192119638322,False,False
KCNH5,0.96810303833152,False,False
USP51,0.967710800552105,False,False
MME,0.9672753020785814,False,False
POU2F3,0.9670253827888313,False,False
ART1,0.966894409937889,False,False
GABRR1,0.9663449866067776,False,False
CD28,0.9661264179855192,False,False
PON1,0.9653945444549716,False,False
DFNB59,0.9645690072639225,False,False
LMOD1,0.9635412055070124,False,False
ARHGEF16,0.9622823507737657,False,False
ITPR3,0.9622087494590073,False,False
PRB2,0.9594860722181291,False,False
TNFRSF13C,0.9592973745774409,False,False
TPO,0.959215433203495,False,False
GIPC2,0.9575087161221649,False,False
CST8,0.9575074879227056,False,False
FCGR3A,0.9566589161432199,False,False
CLEC12B,0.9561248178170798,False,False
NFKBID,0.9556168906668538,False,False
CALML3,0.9552118146939444,False,False
ELF5,0.9549987062965692,False,False
HRC,0.9549669889228105,False,False
LPA,0.9538128276660699,False,False
APOBEC1,0.9536640096618362,False,False
TYMP,0.9534784480237687,True,False
C6orf163,0.9502747072791289,False,False
NPBWR1,0.9501436414359405,False,False
DCDC5,0.9493406674386781,False,False
FLT3,0.9483789240972734,False,False
CCIN,0.9472932729761028,False,False
DLX4,0.9471593600495954,False,False
EDDM3B,0.9468536313764028,False,False
CARD16,0.946528198874735,False,False
S100A12,0.9458538261337449,False,False
HIST1H4B,0.9458013451708367,False,False
WAS,0.9436161677837432,False,False
XDH,0.943295451568001,False,False
GCET2,0.9430442198594008,False,False
SNTG2,0.9413688388251393,False,False
PAX1,0.9412943888830401,False,False
A4GNT,0.9382556526417984,False,False
SLC52A1,0.9373091582739702,False,False
ALPP,0.9369004012118236,False,False
ERAS,0.9368133698284029,False,False
SRCRB4D,0.9341267671450796,False,False
GCNT4,0.9338268829467429,False,False
CRLF2,0.9335780397936626,False,False
NMS,0.9328242510907584,False,False
GZMH,0.9323678451532917,False,False
MYZAP,0.9318366523961588,False,False
CXCL6,0.9318309295715338,False,False
ITGAL,0.931678913569849,False,False
BSPRY,0.931449973096583,False,False
PATE3,0.9313462446339388,False,False
C12orf71,0.9310200915885882,False,False
LOC149373,0.9308092038928076,False,False
HIST1H1D,0.930334004749038,False,False
PROC,0.9298239229860453,False,False
UCP1,0.9290088904095167,False,False
CCT6B,0.9280955305236809,False,False
HIST1H3J,0.926925171070639,False,False
MMEL1,0.9265391123042193,True,False
SVEP1,0.9256180767566177,False,False
ZNF804B,0.9245863143488784,False,False
KRT78,0.9245564427834512,False,False
HRCT1,0.9243031266449102,False,False
TBC1D8B,0.9237411306453311,False,False
OR10AG1,0.9236412002433003,False,False
C12orf61,0.9234521364822026,False,False
PRSS16,0.9223877630393841,False,False
FHL5,0.9216905949164232,False,False
FAM177B,0.9211720181071685,False,False
HOXA11,0.9210351715385239,False,False
TUBA3E,0.9185104636745387,False,False
C18orf42,0.9178397357616597,False,False
CLPSL1,0.9169204313904382,False,False
WNT10A,0.9165749657858723,False,False
ANKRD30A,0.9161389736931377,False,False
OR2H2,0.9154700547426043,False,False
GRAMD2,0.9149804008609091,False,False
CFP,0.9136429899053701,False,False
LOC440563,0.9134252547051731,False,False
SLC25A21,0.913117027523365,False,False
FAM133A,0.913084372039162,False,False
IL12RB2,0.9113868524172133,False,False
GPR171,0.9105587564772897,False,False
PAX5,0.9097936303236598,False,False
GHSR,0.9093523838766664,False,False
PRAMEF8,0.9081451690821266,False,False
RAB6C,0.9075705653226654,False,False
CR2,0.9070050163175081,False,False
LOC729059,0.9063735387350725,False,False
CMYA5,0.9058680755869037,False,False
KPNA7,0.9056732264214945,False,False
IL36A,0.9042752710811657,False,False
CYP19A1,0.9039073475570533,False,False
TSKS,0.9033959416780717,False,False
FAM75A6,0.9027967692505636,False,False
CTRC,0.9015058544174237,False,False
MTCP1,0.9013781760653168,False,False
MPZL2,0.901377209296885,False,False
GPD1,0.9011061842767075,False,False
CACNG1,0.9005755020996363,False,False
KIR3DL1,0.9003051876805748,False,False
LRRC39,0.8994208232445521,False,False
C15orf60,0.8990074586798612,False,False
KCNE1L,0.8987258337134904,True,False
LRRIQ4,0.89829005684809,False,False
CSH1,0.898258177468974,False,False
OR4X1,0.8982201758079805,False,False
OR5M11,0.8978705314009668,False,False
PLK5,0.8945705261372541,False,False
C6orf132,0.8943286240656909,False,False
ZNRF4,0.892223270870618,False,False
IL3,0.8913080441216025,False,False
LHX6,0.8911841065141364,True,False
CST7,0.8910285690891436,False,False
C20orf144,0.8899103958311401,False,False
INSC,0.8898084827642677,False,False
FFAR1,0.8890985062755155,False,False
C10orf47,0.8877358856487817,False,False
VRTN,0.8877323554526209,False,False
C18orf62,0.8874734814190968,False,False
TAS2R41,0.8868062532898204,False,False
PLCG2,0.8866061439215821,False,False
KLRC4,0.8864841872243864,False,False
OR52W1,0.8861998315612175,False,False
CPB1,0.8858035845878511,False,False
INSM2,0.8852984641658186,False,False
OR6F1,0.8848859488133257,False,False
CA5A,0.8845198915675332,False,False
CFC1,0.8841664906247444,False,False
KIR2DL4,0.8841630814939593,False,False
C17orf104,0.8839380946532382,False,False
CD5L,0.8831937706893129,False,False
TULP2,0.8822303821454885,False,False
AADACL3,0.881728844556737,False,False
SLC16A7,0.8808796136435416,False,False
C20orf202,0.8797662122328664,False,False
PRSS55,0.8784105116328038,False,False
SYCN,0.8776678229287289,False,False
CPA2,0.8765599583581898,False,False
CLYBL,0.8763012223508908,False,False
TRPV3,0.8753438256658598,False,False
CHAD,0.8749984629961048,False,False
ARTN,0.8748747476342539,False,False
PLCB2,0.8746224280918459,False,False
OR4S1,0.8744842942531967,False,False
OR14A16,0.874434211788375,False,False
OR5AC2,0.8738173913043483,False,False
OR2G3,0.8738173913043483,False,False
TEX14,0.8736569533635119,False,False
MYL1,0.8730315290498416,False,False
TBC1D26,0.8727922424582705,False,False
CHRNA10,0.8723658116059,False,False
NRK,0.8703777058403808,False,False
TTC40,0.8703464575218445,False,False
MAEL,0.8703004012118234,False,False
OR10G2,0.8700628955094691,False,False
GBP7,0.8695475412616535,False,False
WDR65,0.8689659081072861,False,False
OR4K14,0.8685616620462976,False,False
OR4C16,0.8683130434782608,False,False
MIA2,0.8682406779661007,False,False
OR2A12,0.8682368910177682,False,False
MUCL1,0.8677072563193783,False,False
OR1D2,0.8675872384227583,False,False
MYO7A,0.8673297499151957,False,False
WNT2,0.8667256553321403,False,False
PRAMEF11,0.8655937987624439,False,False
LOC649330,0.8652151010047843,False,False
OR5AN1,0.8632657852873398,False,False
SMTNL1,0.8622671906984359,False,False
ACAP1,0.8622520528476683,False,False
OR52J3,0.8621781129007745,False,False
OR2Y1,0.8619132850241548,False,False
MGAM,0.8617289445672645,False,False
ATP2A1,0.8591641225392146,False,False
PLA2G2E,0.8590331239545682,False,False
COL19A1,0.8588662134025804,False,False
CCDC60,0.8587430162239303,False,False
TMEM95,0.8571418704892912,False,False
OR6C74,0.8567117129288456,False,False
OR4L1,0.856650957995578,False,False
OR51B6,0.8565858838942101,False,False
OR51F1,0.8564466183574888,False,False
OR10K2,0.8564466183574888,False,False
WBSCR27,0.8557885490870384,False,False
EXTL1,0.8550135973377314,False,False
RASSF6,0.854939296534138,False,False
A1CF,0.8548464586915582,False,False
OR10G8,0.8546856417634595,False,False
POU5F1B,0.8538798399831566,False,False
PRKAG3,0.8532917125779323,False,False
C13orf33,0.8530004468306611,False,False
PRDM1,0.8527726339614695,False,False
OR10P1,0.8525558900936938,False,False
NXNL1,0.8514588301692574,False,False
OR8B3,0.8511258237709234,False,False
REP15,0.8510719841854698,False,False
OR51A4,0.8509973429951682,False,False
OR10Z1,0.8509973429951682,False,False
FPGT-TNNI3K,0.848661463779813,False,False
ABCA10,0.8482813255196454,False,False
OR1D5,0.8476248002713727,False,False
TAAR2,0.8473741545893723,False,False
TGM7,0.8471990694926949,False,False
OR4D6,0.8468490537015595,False,False
OR10T2,0.8463280321905237,False,False
NAT8,0.8461819466376578,False,False
HSPA12B,0.8434246599057211,True,False
CYS1,0.8433695435776865,False,False
ECT2L,0.8431716560807572,False,False
C22orf31,0.8428666976640816,False,False
OR8J3,0.8412716736264648,False,False
TMEM114,0.8412352417213509,False,False
ZNF878,0.8409514030716683,False,False
OR6K3,0.8405037793451948,False,False
CELA1,0.839576324993273,False,False
ABCA13,0.8393336590986187,False,False
FAM132A,0.8388576791709069,False,False
OPTC,0.8384527687124967,False,False
OR52A5,0.8348656753342464,False,False
OR10H4,0.833856038647343,False,False
DNAH6,0.833670639014633,False,False
RIPPLY1,0.831399326244868,False,False
CD207,0.8309613883332749,False,False
MYL7,0.8301524698506272,False,False
CYP4Z1,0.8300414669380397,False,False
HSF2BP,0.8298376092220234,False,False
CTAGE1,0.8294026295165573,False,False
OMD,0.8289304605163116,False,False
C14orf183,0.8276294095284877,False,False
OR13C9,0.8272109537846094,False,False
TPTE2,0.8265195821782411,False,False
IPCEF1,0.8244464048847248,True,False
DGKK,0.8229241423073774,False,False
PPP1R13L,0.8227257845855119,False,False
OR8H3,0.8222282608695646,False,False
AHSP,0.8218799411633967,True,False
LCE5A,0.8218332151922426,False,False
VSTM5,0.8201601010632698,False,False
MPZ,0.8200432729761027,False,False
LY9,0.8191923623539318,False,False
CLIC5,0.8189768355733352,False,False
GBGT1,0.8186395807745844,False,False
ULK4,0.8183658098513295,False,False
OR8K1,0.8177777777777779,False,False
AIF1,0.8170892988735665,False,False
LTC4S,0.8170600460867227,False,False
MYL4,0.8160263583301167,False,False
WNK4,0.8158315501046894,False,False
CLIC3,0.8153386093272976,False,False
TEKT4,0.814526584669732,False,False
OR7C1,0.8145003854206876,False,False
RUFY4,0.8140544320454776,False,False
GCM2,0.8138391509047735,False,False
OR2W1,0.8135877419845358,False,False
SLC5A8,0.8134151431144809,False,False
C6orf10,0.8133842562374993,False,False
SLC13A4,0.813169699734475,False,False
ACTL7A,0.812938435624803,False,False
XG,0.8123041261653272,False,False
CYP39A1,0.8099325782830942,False,False
BMP6,0.8093144962627645,False,False
SPINK5,0.8083463200804764,False,False
KRT20,0.8082418459253016,False,False
OR51V1,0.8080292270531404,False,False
S100A14,0.8076025107906093,False,False
RTP1,0.8069092588693546,False,False
FCAMR,0.8068885455778967,False,False
YY2,0.8054470675275761,False,False
OR52B2,0.8050602987448969,False,False
INSL3,0.8027879197810298,False,False
GZMA,0.8013010422149701,False,False
FPR2,0.8008294814658858,False,False
TRIM40,0.800494267232808,False,False
AGR2,0.799890070299798,False,False
EDN3,0.7994107058052894,False,False
CD97,0.7992475471102221,False,False
ZNF233,0.7988575850089484,False,False
OR51S1,0.7976826168836482,False,False
TMEM88B,0.7974856821185855,False,False
OR4K5,0.7974611111111117,False,False
KCNJ18,0.796336269899755,False,False
OR8A1,0.7952842591617831,False,False
ZNF860,0.7932553795136329,False,False
C2orf16,0.7919348171152519,False,False
MYADML2,0.7896214665871262,False,False
ACOX2,0.7891653975272249,False,False
ANKRD20A2,0.7882765396357512,False,False
GGTLC2,0.7880284217052087,False,False
OR1S2,0.7871995958638925,False,False
GGTLC1,0.78643743142553,False,False
IL20RB,0.7858829116515188,False,False
KCNH4,0.7852488683019264,False,False
ACRBP,0.7850878460890621,False,False
LOC402160,0.7846395877928671,False,False
DEFB131,0.7835979132306325,False,False
DPP4,0.7832954112128764,False,False
OR10X1,0.7826086956521726,False,False
LACRT,0.7826086956521726,False,False
EFCAB4B,0.7824340720075796,False,False
B3GNT8,0.7823808664069901,False,False
IL1B,0.7806686230129491,False,False
ANKRD30B,0.7805569878700681,False,False
KIR3DL3,0.7794013223614189,False,False
TNNC2,0.7793987115602812,False,False
RASIP1,0.7787650027488273,True,False
ACSM5,0.7784981553613832,False,False
CARD9,0.7782405147910308,False,False
OR9G4,0.778216545016435,False,False
TXK,0.7781695453322567,False,False
UGT2B7,0.7780897620802187,False,False
KRT40,0.7779159940812481,False,False
OPN1MW,0.7772543963692092,False,False
SLC6A14,0.7767215496368041,False,False
RERGL,0.7766019066334469,False,False
IQCF5,0.7762991472786609,False,False
FAM166B,0.7756607338784198,False,False
CCDC147,0.7749477518101323,False,False
C16orf3,0.7743506450971448,False,False
RAG2,0.7735803821454895,False,False
A4GALT,0.7722906879086686,True,False
VPREB3,0.7720667859774709,False,False
TEX22,0.7719906405352612,False,False
MMP26,0.7702562281409729,False,False
CKLF-CMTM1,0.7699727175960042,False,False
MYBL1,0.7688963499081775,False,False
TMEM190,0.7686687768303095,False,False
OR4C3,0.7683736510275921,False,False
VNN2,0.768158169280977,False,False
FAM194B,0.7677738475395073,False,False
NRG4,0.7673887736720824,False,False
CRH,0.7667981009696927,False,False
ANXA8L1,0.7666089161432196,False,False
CNTF,0.7654867722918203,False,False
EFCAB6,0.7650542402124201,False,False
PCDHB12,0.7650027962007696,False,False
CBLN3,0.7643510737972419,False,False
CD3E,0.7637739019311973,False,False
OR10S1,0.763461504134938,False,False
TBC1D28,0.7626835836520801,False,False
RTP4,0.7626057690283193,False,False
IRF4,0.7625001064439528,False,False
SULT1A2,0.7624323191914939,False,False
C17orf98,0.7618190335824825,False,False
FUT4,0.7611366418687349,False,False
STH,0.7609996028821746,False,False
HOXC10,0.7604151413599094,False,False
AREG,0.760183860874244,False,False
PTPRB,0.7586912914809741,False,False
KLRC2,0.7582594407598454,False,False
APOB,0.7579642751868616,False,False
SLC22A20,0.756722591266917,False,False
C9orf128,0.7563007924810798,False,False
C16orf71,0.7557009346013032,False,False
MYLK2,0.7545423518265081,False,False
FERMT1,0.7540141745914777,False,False
VSIG8,0.7534099267759178,False,False
MUSK,0.7528272215788794,False,False
ARHGEF19,0.7524654694646219,False,False
DLL4,0.7521514662362119,False,False
EPHX3,0.7521127025066967,False,False
CXorf61,0.7507654589371971,False,False
FXYD2,0.7504732527400548,False,False
OR2C1,0.7502550964429006,False,False
ZCCHC16,0.7485374039372568,False,False
FAM48B2,0.747986605022751,False,False
OR2AK2,0.7474607063901463,False,False
FOXD4L1,0.7469603168754606,False,False
IQUB,0.7460679205998292,False,False
FLI1,0.7451853013767533,False,False
C14orf49,0.7450929624170964,False,False
FAM75D1,0.7440371928039209,False,False
OR9K2,0.7431596986817317,False,False
KEL,0.7431445251546948,False,False
BTG4,0.7428318349299932,False,False
IL17C,0.7424380513738287,False,False
TAS2R10,0.7419907107180874,False,False
TRAF1,0.7387832824507844,False,False
FMO5,0.7386950205284767,False,False
OSR2,0.7381698874735353,False,False
LOC100287718,0.7378244078324042,False,False
GRAPL,0.7365446257500793,False,False
BIRC7,0.7364329677977798,False,False
OR51I1,0.7360296130586848,False,False
ZSCAN5B,0.7357240738791218,False,False
IL19,0.7334548455392967,False,False
HIST1H2BE,0.7330657384987893,False,False
TAS2R39,0.7323475921442026,False,False
SAA1,0.7316189593056572,False,False
LDLRAD2,0.7308762846381492,False,False
MPZL3,0.7307527365453673,False,False
RNF224,0.7305799768396675,False,False
FAM9C,0.7286820133113429,False,False
ITLN2,0.7284615883543297,False,False
ART5,0.7282160911674914,False,False
CCR2,0.7280518680328926,False,False
PPP1R42,0.7279844825771132,True,False
ZNF442,0.72660517539858,False,False
UGT2A3,0.7264955936882243,False,False
DEFB104B,0.725432125603864,False,False
DEFB104A,0.725432125603864,False,False
MBOAT4,0.7251786041805571,False,False
TMPPE,0.7235970359453042,False,False
CCDC169,0.7230733603537217,False,False
USH1G,0.7221057631797501,False,False
CNDP1,0.7217677860827457,False,False
C5orf65,0.7206464733129804,False,False
CORT,0.7205588167175492,True,False
ANKRD35,0.720558169280977,False,False
HLA-DQB2,0.7204486606777321,False,False
SPANXN1,0.7187965008012537,False,False
SH2D2A,0.7174003626112693,False,False
PXT1,0.7158211437461257,False,False
PRKCQ,0.7149219496789136,False,False
CD244,0.7142210174170384,False,False
PCDHGA9,0.7133182627411072,False,False
CD79A,0.7132453848943162,False,False
SLC43A1,0.7122586055842135,False,False
CRYGA,0.7120215578248003,False,False
ZNF600,0.711852655835117,False,False
PKHD1,0.7116867880829562,False,False
HOXA13,0.7116081020224353,False,False
C11orf34,0.7101928793674183,False,False
OR51F2,0.7100748686996287,False,False
SLC17A3,0.7099959627329199,False,False
DMRTA1,0.7094696494367828,False,False
LYPD2,0.7088162964522582,False,False
C9orf131,0.7084324765179959,False,False
HIST1H2BM,0.7075661911780189,False,False
SPAG17,0.7064711121638536,False,False
ALB,0.706400776689944,False,False
SNAI3,0.7061309243078219,False,False
PSG4,0.7056380724286763,False,False
GABRA4,0.704921264811501,False,False
OSTBETA,0.7049114532523894,False,False
C8orf74,0.7046390830613741,False,False
CD2,0.7039652922529862,False,False
OR4K17,0.7038282608695644,False,False
SLURP1,0.7028228263793855,False,False
RFX8,0.7020040261547998,False,False
KYNU,0.701952545297166,False,False
FCGR2C,0.7017015451918917,False,False
SLCO2B1,0.7016598987027876,True,False
ACSM3,0.7005155753237181,False,False
OTP,0.6995028371407517,False,False
TEKT5,0.6989093799347293,False,False
ADRB2,0.6980846311307624,False,False
C3orf55,0.6974728105882492,False,False
SCIMP,0.6973121129709561,False,False
OR7G2,0.6972427091740656,False,False
FOXF1,0.6968677784796065,False,False
SLC17A9,0.6967300674924847,False,False
CCDC110,0.6957216391199076,False,False
CLDND2,0.6955582113906725,False,False
CYP27B1,0.6955451427635657,False,False
LRIT3,0.6954262162098933,False,False
HCLS1,0.6944000397702681,False,False
C2orf70,0.6943718970417943,False,False
C2orf84,0.6942019838345557,False,False
HCRTR1,0.6933738808763494,False,False
SGCZ,0.6929089167280769,False,False
TSPYL6,0.6924219350574908,False,False
C3orf45,0.6922203231919148,False,False
GDF3,0.6910373419424268,False,False
TRIM42,0.6896855247920842,False,False
GADL1,0.6886227392357097,False,False
TMEM56-RWDD3,0.6884953837246027,False,False
TXNDC3,0.6882798306254456,False,False
CD6,0.6868714507959901,False,False
LOC100507588,0.6852340503678751,False,False
CATSPERB,0.6848746230597363,False,False
SHBG,0.684590058017803,False,False
OR2S2,0.6844657010679486,False,False
OR4K15,0.6842020259442514,False,False
BPIFA2,0.6832204863669856,False,False
ISL2,0.682875998643132,False,False
C7orf34,0.6827465516838028,False,False
OR5V1,0.6822447392123139,False,False
MTNR1A,0.6814902369840103,False,False
ITGA8,0.6812661449743247,False,False
PLBD1,0.6807870840205401,False,False
LRRC36,0.6800038366611688,False,False
LMX1A,0.6797854838521014,False,False
C11orf53,0.6790153729632362,False,False
ENAM,0.6788615111532208,False,False
SSPO,0.6774992554771847,False,False
SLC22A1,0.6774700681943129,False,False
OR5B12,0.6768792293925677,False,False
FAM75C1,0.6752779970991096,False,False
SLC45A2,0.6744172439204126,False,False
SLC5A2,0.6742876191645906,True,False
C1QA,0.673634897825502,False,False
KRT31,0.6736016264869984,False,False
CD96,0.6724124621305166,False,False
CT45A3,0.6724102022435109,False,False
SLITRK6,0.6719779181434303,True,False
OSM,0.6719379420055908,False,False
HBA2,0.6713009135464552,False,False
ATP6V1C2,0.6708851879145172,True,False
EVI2A,0.6701525944251443,False,False
SLFNL1,0.6680031050052051,False,False
SLC2A5,0.6677923547507928,False,False
TRIM49,0.667198526160649,False,False
RNASE6,0.666772036822589,False,False
AMHR2,0.6662674228866206,False,False
COL28A1,0.6662433098220866,False,False
PGR,0.6631142763565756,False,False
BMP10,0.6627727181808616,False,False
IKZF2,0.662293916318677,False,False
NT5C1B,0.6620016680118374,False,False
ARSH,0.6619044419880451,False,False
IZUMO1,0.6616609216174806,False,False
ITGA2B,0.6595629434677335,False,False
LRRC46,0.6586209963621901,False,False
CCK,0.6585702705547951,True,False
XKRY,0.6585496888561375,False,False
XKRY2,0.6585496888561375,False,False
ACSM2B,0.6583771554900507,False,False
MPO,0.6583481097425461,False,False
FAM160A1,0.6579744236235392,False,False
GOLGA6D,0.6579235919570479,False,False
OR1I1,0.6575551718894377,False,False
UNC13C,0.6575413885672177,True,False
SARDH,0.6557384145699546,False,False
MEPE,0.6547755816401731,False,False
C1orf189,0.6544131803347721,False,False
GPR25,0.6532956995473217,False,False
AOC3,0.6529831397457042,False,False
ZNF454,0.6512464148272918,False,False
MTMR8,0.6499434443391703,False,False
LDHAL6B,0.6496446625960628,False,False
C9orf163,0.649418575054684,False,False
KRTAP10-2,0.6488688756711227,False,False
UBQLNL,0.6485195172591265,False,False
HIST1H3A,0.6478472587757774,False,False
SLC10A5,0.6474851153922635,False,False
OR8J1,0.6472871980676336,False,False
FLG2,0.6471770812132275,False,False
CPO,0.6466546583850931,False,False
C15orf56,0.6464964990466842,False,False
SERPINA9,0.6454612093670679,False,False
IQCH,0.6452481787556584,False,False
POM121L2,0.643740420044215,False,False
ZAR1,0.6433669976956639,False,False
XCL2,0.6426496099004573,False,False
LIPC,0.6422039401808373,False,False
ATP1A4,0.6405167327554946,False,False
WFIKKN2,0.6402314886947164,True,False
PDILT,0.6400065270028433,False,False
FDCSP,0.6397946830660536,False,False
ATOH7,0.6391921564843083,False,False
VAX1,0.6373712601326454,False,False
SGK2,0.6352208752968148,False,False
OR9Q2,0.634695893719807,False,False
INPP4B,0.6346867629341099,False,False
TMEM61,0.6342041951784404,False,False
TFDP3,0.6340621936812069,False,False
ALS2CR12,0.634011632218596,False,False
MYO1H,0.6337052718999664,False,False
CYP2J2,0.6329023265606905,False,False
IL18RAP,0.6320234860979513,False,False
LOC347411,0.6319740229965723,False,False
FAM71F1,0.6319309921512205,False,False
CCNB3,0.6316244774303728,False,False
HEMGN,0.6315735130013682,False,False
ARHGAP30,0.6313710548478788,False,False
LRRN4,0.629681120234878,False,False
CACNA2D4,0.6296464048847247,False,False
BNC1,0.6292933390649307,False,False
PAPOLB,0.6292592272870836,False,False
PRH2,0.6289036319612592,False,False
CCR1,0.6281985799674827,False,False
ADRA1D,0.6281334222315798,False,False
CLCA4,0.6267521048999303,False,False
CARD14,0.6267323958077459,False,False
DEF6,0.6258970891672806,False,False
ZMYND12,0.6256698365909863,False,False
IMPG1,0.6252651858090325,False,False
PHOX2A,0.6243147962943468,False,False
RAB25,0.6242719023055058,False,False
SLCO4A1,0.6241295463849996,False,False
OR51Q1,0.6236013170977063,False,False
LANCL3,0.6229917002959374,False,False
TESK2,0.6227263899123884,False,False
SOD3,0.6225795188967259,True,False
PLEK2,0.62242519154063,False,False
REG3A,0.6223055105215753,False,False
TGM6,0.6217122276029059,False,False
TSPY8,0.6216685756395414,False,False
S100A7A,0.6214611064322568,False,False
POLN,0.6203449953796307,False,False
FBXO40,0.6199062614778162,False,False
FSHR,0.6189231971786506,False,False
LOC100130880,0.617582346679768,False,False
TMC4,0.617383687171749,False,False
ENTPD2,0.6162231603326666,False,False
TPSB2,0.6160890666853819,False,False
HRNR,0.6160833257301935,False,False
GNA15,0.615827572493011,False,False
TEKT3,0.6158118497853574,False,False
SLPI,0.6151747879893791,False,False
KIAA1383,0.6145661905931619,False,False
CEACAM6,0.6139288603478729,False,False
PTGDR2,0.6138418201915992,False,False
GPR157,0.6130491893883568,False,False
KCNK13,0.6128839246236447,False,False
MUC16,0.6128397404405144,False,False
ALLC,0.6126034629376189,False,False
CDRT1,0.6113952375103813,False,False
GP5,0.6105101221181176,False,False
ASB17,0.610243330876934,False,False
DNAH11,0.6099547297376331,False,False
PION,0.6098825116094092,False,False
C22orf15,0.6097776397515527,False,False
GLRA4,0.6092535845878513,False,False
ABCC11,0.6077845416476588,False,False
TRIM74,0.6076681855399984,False,False
TRIM73,0.6076681855399984,False,False
SLC25A35,0.6072534962744617,True,False
FAM75E1,0.6072061322244445,False,False
C17orf57,0.6070865734404791,False,False
PDC,0.6065859827350244,False,False
IGFL2,0.6062843854908704,False,False
PSCA,0.6057254354259513,False,False
ERG,0.6046776812763919,False,False
C8orf87,0.6042568510135574,False,False
C12orf50,0.6038944409353034,False,False
IMPG2,0.6033448813325377,False,False
RBMY1D,0.6029822747423712,False,False
SHOX2,0.6028504152483889,False,False
TEX29,0.6022033225719665,False,False
AMICA1,0.6010031558877539,False,False
FAM78A,0.6008846644676048,False,False
SLAMF8,0.6007421038471888,False,False
CHST13,0.6006260354891159,False,False
IL6,0.600151639938707,False,False
CGB7,0.6001247762922414,False,False
ATP10A,0.598693067691336,True,False
SLC28A1,0.5986339924670431,False,False
SLC35G1,0.598139357944111,False,False
TSPAN8,0.5980064059374667,False,False
NPC1L1,0.5978185733001136,False,False
PROK1,0.5972164912096013,False,False
STX19,0.5963681492788715,False,False
FAM179A,0.5963594951515364,False,False
KRTAP21-2,0.5948973763320118,False,False
HNF1A,0.5947807400779028,False,False
ISM2,0.594364396252237,False,False
C3orf36,0.5943464604461293,False,False
HTN3,0.5938705314009662,False,False
IP6K3,0.5928835415423848,False,False
ANO7,0.5927603426091635,False,False
STAT5A,0.5920471377104024,False,False
MSGN1,0.5919929097799774,False,False
FAM83H,0.5915209437250706,False,False
FOXI3,0.5912079797873461,False,False
GRAP,0.5911479483220455,False,False
C14orf39,0.5906670275233649,True,False
ASB14,0.5904652659344258,False,False
MS4A14,0.5901867354458367,False,False
MYF6,0.5898416792410898,False,False
APOBEC4,0.5891882513948837,False,False
PCDHA7,0.5888047069282146,True,False
TKTL2,0.587453791042332,False,False
H1FNT,0.5869367933466679,False,False
KCNK17,0.5865085617199468,False,False
KLKB1,0.5864558210805815,False,False
HTR3C,0.5863576703980541,False,False
TP53TG5,0.5863422582494064,False,False
KLHDC7B,0.5862390356879668,False,False
CNTD2,0.5854297347089168,False,False
NR6A1,0.5853741709653648,False,False
FAM113B,0.5851957469207285,False,False
TLR7,0.5850925266987168,False,False
TMED6,0.5839069334783779,False,False
RDH12,0.583824665169433,False,False
CYP3A4,0.5834934934671487,False,False
UNC5CL,0.5833581482261291,False,False
SLC23A1,0.5824312781462376,False,False
RYR1,0.5815383490659836,False,False
C7orf63,0.5808674012469148,False,False
IFITM5,0.5804287638464867,False,False
IFNK,0.57989595688435,False,False
USP26,0.5796889245651586,False,False
HAO2,0.5783826203927896,False,False
PROX2,0.5769929442865331,False,False
PCDHGB1,0.5762418108338891,True,False
ANO2,0.5762131803347721,False,False
TAS2R38,0.5756965955480696,False,False
KRTAP12-1,0.5749599536793346,False,False
LRRC33,0.5746027067176661,False,False
IL22,0.5745186347100867,False,False
TEK,0.5742772057877438,False,False
VWA3B,0.574222954463043,False,False
C10orf129,0.5740078721736793,False,False
GPAT2,0.5715194979588496,False,False
IL22RA2,0.571385441742406,False,False
NR5A2,0.5703348188698225,False,False
LTA,0.5700065954310981,False,False
BTBD8,0.569846325929045,False,False
SLC27A6,0.5696958024821325,False,False
RFPL4B,0.5696167503012013,False,False
TM4SF18,0.569361305868454,False,False
SOWAHD,0.5692991525423727,False,False
SMC1B,0.5681886567007055,False,False
PSORS1C2,0.568154477079459,False,False
ASB12,0.5677913230632464,False,False
OR2H1,0.5675336403831976,False,False
CLEC1A,0.5671983577218653,False,False
MAGEA1,0.5670150384250969,False,False
LILRA2,0.5669425810904077,False,False
DUOX1,0.5666283819349406,False,False
ADH6,0.5666068059795768,False,False
KRTAP3-1,0.5665749423915971,False,False
FAM186A,0.565251055666678,False,False
NLRP7,0.5650325116094093,False,False
ADRA2B,0.5637236603853036,False,False
OC90,0.5630587687592842,False,False
PUS10,0.5630295867401246,False,False
CCDC17,0.5624760811079529,False,False
SIGLEC12,0.5612495870910393,False,False
PRSS56,0.5606458416675442,False,False
TSHR,0.5605143114479886,False,False
SPATA9,0.5602714718508381,False,False
CD300LD,0.5601008135359274,False,False
IL1RAPL1,0.5599942689873788,False,False
KCNQ5,0.5588180697383349,True,False
GJB5,0.5577643751973894,False,False
ADAMTSL4,0.5576469102010738,False,False
GOLGA6A,0.5570540875647729,False,False
PCDHGA6,0.5569071527997099,True,False
MYH3,0.5568712174380929,False,False
ANKRD33,0.5563308535401389,False,False
SOX17,0.5560145097144731,False,False
KRTAP26-1,0.5558041951784396,False,False
SLC6A4,0.5555201366225686,False,False
CRYGB,0.5550516264869984,False,False
PIWIL4,0.554852487396334,False,False
UTS2,0.5539551584377299,False,False
C9orf43,0.5538491893883567,False,False
TCL1B,0.5537774882736194,False,False
CACNG6,0.552715034331099,False,False
ABCA12,0.5522240235814296,False,False
SYCP3,0.5504586213753496,False,False
FAM209B,0.550087641974009,False,False
TTC34,0.549448529084933,False,False
SLFN12L,0.5493252301411841,False,False
IDO2,0.5488513644711144,False,False
TBX2,0.5485653437203917,False,False
C1QC,0.5484089272555004,False,False
LOC728819,0.5477317308254669,False,False
PRAMEF5,0.5471074879227058,False,False
TUBA3C,0.5468576300429285,False,False
SOHLH2,0.5461016767846909,False,False
HSPB9,0.545838428021663,False,False
ASCL3,0.545135045794294,False,False
C1QTNF8,0.5450685177387093,False,False
AKAP4,0.5446394597092087,False,False
TPRX1,0.5443496678012889,False,False
TBX6,0.544073439309401,False,False
HORMAD2,0.5440702436513789,False,False
C1QL2,0.544024194944497,True,False
TDRD5,0.5436579125288041,False,False
PRR21,0.5434782608695654,False,False
FAM24B,0.5432561772584249,False,False
MICALCL,0.5417366670175808,False,False
HAO1,0.5414372138587685,False,False
CDY1,0.5413065217391301,False,False
CDY1B,0.5413065217391301,False,False
SLFN14,0.5398361260249621,False,False
KCNJ1,0.5397643360119776,False,False
KRTAP1-5,0.5396683609970643,False,False
HTR1A,0.5394177755553218,True,False
TRHDE,0.5390303587512135,False,False
P2RY6,0.5387676650173698,False,False
KLHDC7A,0.5376736106724685,False,False
KRTAP5-9,0.5376171134973272,False,False
METTL24,0.5372719865248974,False,False
TLR9,0.5367943830344715,False,False
CIITA,0.5367135166274813,False,False
EYA1,0.5363052280356997,False,False
ASGR2,0.5359177018633539,False,False
PTPN22,0.5347505170134869,False,False
LENEP,0.534514365839679,False,False
HTR3D,0.5339141710823366,False,False
DPRX,0.5333945216455532,False,False
ALDH3B2,0.5325472061386577,False,False
CPN1,0.5322127498801049,False,False
CDH15,0.5308149448479956,False,False
C20orf160,0.530125033629271,False,False
CLDN24,0.5295383753845435,False,False
AWAT1,0.5295283082429731,False,False
SLC15A5,0.5292903674070952,False,False
FCRLB,0.5284872723444572,False,False
ZAP70,0.5277532582377094,False,False
SYNJ2BP-COX16,0.527323786714391,False,False
RASAL1,0.5272102589746289,False,False
CKMT2,0.5269131183399423,False,False
C2orf55,0.5257505328046227,False,False
CA1,0.525522670222596,False,False
GIMAP8,0.5253840222947442,False,False
C11orf45,0.5253545735808449,False,False
TLE6,0.5252016452024189,False,False
PPARGC1B,0.5251983787767134,False,False
APOH,0.5246518136412024,False,False
RIPK3,0.5225945234001239,False,False
INSL4,0.5225188452585651,False,False
CLC,0.5216225965306293,False,False
FABP4,0.5215971043735599,False,False
EIF4E1B,0.5209246499631541,False,False
SCN7A,0.5206548952521317,False,False
ANKRD20A1,0.5194786848908073,False,False
CEACAM18,0.5193967838719863,False,False
TTLL6,0.5182705664923792,False,False
KCNG2,0.517965867752161,False,False
VN1R5,0.5179361880197915,False,False
SPTBN5,0.5175684083704719,False,False
FBXO24,0.517079697862933,False,False
PRDM9,0.5170008264027796,False,False
CEACAM1,0.5165618743493466,False,False
ANXA10,0.516374802610801,False,False
SHCBP1L,0.5159544794188861,False,False
LIPK,0.5155847826086954,False,False
RIMBP3,0.5155713613128867,False,False
DNASE2B,0.5154127645015265,False,False
NUP210L,0.5143963130621936,False,False
MAGEB3,0.5142307359839046,False,False
PRSS54,0.5139840854592879,False,False
OR3A2,0.5134695652173911,False,False
GPR62,0.5133280462270883,False,False
LHB,0.5128319027733913,False,False
BTNL2,0.5127990577955577,False,False
PCDHA5,0.5118492010854945,True,False
PPP1R1C,0.5116352768127638,False,False
TMEM204,0.511497047057585,False,False
RASAL3,0.5109376735562808,False,False
ZSWIM2,0.5104946041103743,False,False
UNC93A,0.5098370682294044,False,False
NFE2,0.5096731615023803,False,False
MS4A4A,0.5096506538699985,False,False
TBC1D21,0.5096127919898,False,False
LOC100129924,0.5094047794504685,False,False
ACOT4,0.5090100881964184,False,False
EVPL,0.5083046876279375,False,False
FAM75C2,0.5082309716812297,False,False
C6orf141,0.507713665765987,False,False
CD86,0.5075862698997551,False,False
MARCO,0.5075393041372775,False,False
OR5K2,0.5068817518803148,False,False
VWF,0.5061099373033419,True,False
OCA2,0.5055728439250916,True,False
SEBOX,0.5050672702389721,False,False
LCP1,0.5047471271829783,False,False
TP73,0.5041363775134223,False,False
PCDHA8,0.5039335275058193,True,False
PKLR,0.5039239966780129,True,False
C2orf66,0.5039120960101063,False,False
SELL,0.5036092810939166,False,False
KRT75,0.5034661923477323,False,False
TIGD4,0.5033940654571827,False,False
MIOX,0.5033676439625224,False,False
NKX6-1,0.5033144500590706,False,False
VIPR1,0.5030514908002012,False,False
WT1,0.5027378226947868,False,False
LBX2,0.5027126814518487,False,False
DCST1,0.5026137026119709,False,False
LRRC66,0.5022969762899019,False,False
ZCWPW2,0.5022464680492683,False,False
ITGA10,0.5010754816296453,False,False
SIX3,0.5008017381946637,True,False
ASTL,0.50054515504556,False,False
DCAF8L2,0.5003937075247683,False,False
HEPHL1,0.5002865313307834,False,False
ADAM30,0.5002607274449943,False,False
ACVR1C,0.49881650466130933,False,False
RHOXF1,0.4976772976102748,False,False
CT45A1,0.497249863143489,False,False
MARCH10,0.4964430782187599,False,False
TLR8,0.4962098957785026,False,False
TNF,0.49503775134224653,False,False
PHEX,0.49488288182381773,False,False
DMRTC2,0.49484427600566105,False,False
TCHHL1,0.4946390754582352,False,False
LILRA4,0.4945554578844555,False,False
AQP9,0.4942025102057525,False,False
FAM194A,0.4922475377525122,False,False
KRT15,0.4916221947339486,False,False
FCER1G,0.4914160701126434,True,False
OCLM,0.49106669240036965,False,False
TNS4,0.4910361353826719,False,False
HTR2B,0.4910131288673662,False,False
NOXRED1,0.4908924617796026,False,False
BSPH1,0.48970430337696413,False,False
ANO3,0.4892010737972419,False,False
TMCO4,0.4887604215648432,False,False
LGR6,0.48797775028950413,False,False
TMEM26,0.4878172977272462,False,False
GPR52,0.4876984571475359,False,False
PITX2,0.48730947409668834,False,False
C2orf65,0.487127075949515,False,False
NEU4,0.48646946286743636,False,False
LAPTM5,0.48632189177808177,True,False
HRASLS2,0.4855529032295795,False,False
IL1A,0.48539949994736287,False,False
RAG1,0.48536361722286553,False,False
XK,0.48488094477781296,False,False
SLC7A9,0.4848720877051385,False,False
SLC16A5,0.48445067901884414,False,False
NR0B2,0.4839739604168854,False,False
C10orf62,0.4833464341275688,False,False
ZDHHC19,0.4832696663976327,False,False
CYP2C9,0.4826946046952307,False,False
CYP17A1,0.4822188440888518,False,False
SHISA3,0.48199915546665734,False,False
GYS2,0.48132081798084003,False,False
P2RY2,0.48127637763039377,False,False
DNAH8,0.48126195330502625,False,False
AMY1A,0.4809539951573847,False,False
ASB10,0.48090233123954557,False,False
SP6,0.4808063825431915,False,False
PRSS38,0.48075580353487446,False,False
FAM163A,0.4801761080113696,False,False
DLX6,0.47971035313658744,True,False
CTCFL,0.4779653273443989,False,False
TP53TG3,0.477496618357488,False,False
CDHR4,0.4772439865015029,False,False
TMEM125,0.4764099220970628,False,False
PSD4,0.4761287503947785,False,False
KBTBD3,0.47560225813243506,False,False
FAM205A,0.475267069633061,False,False
FAM129C,0.47514987834976785,False,False
XIRP2,0.4751299411633977,False,False
DBH,0.4748803552420722,False,False
C5orf47,0.47467575826695213,False,False
LOR,0.47388504053058217,False,False
CAPN6,0.47373473523528803,False,False
ADAMTS8,0.47364749739738693,False,False
SOWAHB,0.4731874401983834,False,False
LRRC8E,0.4727841088535635,False,False
KLHL34,0.47240297165783535,False,False
CYP4F2,0.47234402685662785,False,False
BANK1,0.47230727035594383,False,False
MEOX1,0.4719867313518382,False,False
CCDC62,0.47195606145676144,False,False
PPP1R27,0.47180368050438043,False,False
CXCL3,0.47121799078265547,False,False
GJA5,0.470255016317507,False,False
OR5K1,0.4702444678387199,False,False
RXFP3,0.47020737446046956,False,False
OTOA,0.47013506684914214,False,False
KHDC1L,0.46992701980325413,True,False
SIT1,0.4697398422056123,False,False
LOC388630,0.46960126855458467,False,False
BTNL3,0.469446910201074,False,False
OXER1,0.4687711314641307,False,False
CSAG1,0.46764518838240265,False,False
TXNDC2,0.4675725614392158,False,False
C15orf26,0.46739469885718965,False,False
C15orf48,0.4673114199155467,False,False
NPHS2,0.467110800552105,False,False
DUSP13,0.46703923512416506,False,False
CDX2,0.4669498309763597,False,False
CDHR2,0.4663763764606801,True,False
GPR148,0.46627422126305723,False,False
KRT85,0.465538924565159,False,False
CLPSL2,0.46538217122270176,False,False
ABRA,0.465328649799394,False,False
TMEM27,0.4651600566141465,False,False
TMPRSS13,0.46515085564562364,False,False
TMEM37,0.46511302710226815,False,False
DSPP,0.46505132937970056,False,False
VSIG2,0.46484920517949263,False,False
KRT24,0.46484502696190244,False,False
CSRP3,0.4647839240387873,False,False
LAIR2,0.4639339608847713,False,False
OR2T3,0.4638850101180242,False,False
ALOX12B,0.46347148120854825,False,False
CAGE1,0.4633448743142552,False,False
OR2T34,0.46333937198067604,False,False
TMEM238,0.4624863459311507,False,False
C4orf45,0.4621814769975787,False,False
TLX1NB,0.46141227790059736,False,False
SMYD1,0.4613285778619972,False,False
SLC39A5,0.46080601057421233,False,False
KCNK5,0.4605010843246658,False,False
PDZD9,0.4604049666046719,False,False
FAM55A,0.460180395597197,False,False
ANKAR,0.46016505889508813,False,False
KCNU1,0.4598819992747771,False,False
PRR5-ARHGAP8,0.4595330906177258,True,False
SH2D1A,0.4592880472798303,False,False
SLCO2A1,0.45877694962042775,False,False
SLC9C2,0.4585134060895298,False,False
CCDC54,0.45848869998011527,False,False
PLA2G5,0.4583012083143258,False,False
ARSF,0.4568740949339698,False,False
TEDDM1,0.4566910809324957,False,False
ANGPT4,0.4566087634955723,False,False
TSPEAR,0.45582118585582093,False,False
AQP5,0.454476386988104,False,False
ADAM28,0.454449523926495,False,False
SULT2B1,0.4541261185387936,False,False
TSPAN32,0.4535039577265442,False,False
C19orf59,0.45308170977061896,False,False
GDPD4,0.45252438092898706,False,False
APOA5,0.45222903989893715,False,False
WFDC9,0.4518323501889089,False,False
C19orf35,0.45177155957937104,False,False
CD5,0.45125099074756464,False,False
GPR77,0.45089535740604253,False,False
LCT,0.4507187382297554,False,False
TGM3,0.45061957165081723,False,False
FAIM3,0.45046388508731955,False,False
NLRP13,0.44950296346983937,False,False
FAM3D,0.4493618725947764,False,False
DSC3,0.44848727234445734,False,False
RAB17,0.4481486799780092,False,False
MS4A6E,0.448078260869565,False,False
NCKAP1L,0.44801333941584487,False,False
DUPD1,0.44750453322572004,False,False
ASB9,0.44667625656501864,False,False
CEACAM21,0.44654433624592066,False,False
CCL20,0.4454024733597687,False,False
PKD1L1,0.44507681334877336,False,False
GNRHR,0.44390847457627114,False,False
BTNL9,0.4436123919476904,False,False
SLC4A9,0.44246916809956593,False,False
RGPD3,0.4424555192944285,False,False
C18orf63,0.4422574376250136,False,False
DLX3,0.44222758711443283,False,False
TMC2,0.4411474260448467,False,False
CAPN12,0.440642035418933,True,False
HSD11B1,0.4403601408335383,False,False
PTGS2,0.44016970207390255,False,False
TMC1,0.43997745025792184,False,False
FAM19A3,0.439682808716707,False,False
KCNK15,0.4389895965657207,False,False
SCNN1A,0.43803642254740266,False,False
C10orf11,0.4377494315191073,False,False
THEG,0.43755722122796564,False,False
ROBO4,0.4372035541752934,False,False
CLCA2,0.4369919623118224,False,False
SYCE1,0.43664813606110553,False,False
HEATR4,0.4365795516487116,False,False
SPTLC3,0.4364570796925992,False,False
FAM157B,0.4363955691242354,False,False
GDF2,0.4363767343930942,False,False
MTNR1B,0.4363448743142554,False,False
ESR2,0.43534247815559535,False,False
GALP,0.4353420178732264,False,False
IL31,0.4346413213086757,False,False
OPN1LW,0.4337952603198001,False,False
PLB1,0.4335509942567054,False,False
KRBOX1,0.4333599373033416,False,False
PNLIPRP3,0.43330209495736355,False,False
C17orf107,0.4329216227439145,False,False
CLLU1OS,0.43288295200664423,False,False
SLC35G5,0.43173488905264884,False,False
ANKRD2,0.4313903615585267,False,False
SELE,0.431045378460891,False,False
NOS2,0.43082623726474134,False,False
FOXP3,0.43046935993262453,False,False
PRB1,0.43041994888350804,False,False
SLC16A10,0.4299159519715526,False,False
DMRT2,0.42991311833994217,False,False
MUC17,0.4298741230071,False,False
KCNA10,0.4294235001345173,False,False
LRRK2,0.42938902633025694,False,False
GP1BA,0.4292769250564386,False,False
FPR1,0.4292352247605013,False,False
CMTM2,0.42914999473628795,False,False
CD1C,0.4290993630908512,False,False
GRID2IP,0.42873342223157984,False,False
SLC28A3,0.4282283216946816,False,False
KCNJ16,0.42780191599115713,False,False
PRDM6,0.4267818086114326,False,False
CCNI2,0.42647284977366046,True,False
CELA3A,0.426276237264741,False,False
ABCA6,0.42523522242107314,False,False
NINJ2,0.42522263396146953,False,False
ATP8B4,0.42479267291293826,False,False
ESM1,0.4247220034857472,False,False
NLRC4,0.4242302517224035,False,False
C6orf221,0.4238076639646277,False,False
USP17L7,0.42334416020399795,False,False
GIMAP4,0.4227847826086953,False,False
IQCF1,0.4224724052824275,False,False
GSTA1,0.422441452901475,False,False
PFKFB1,0.42189173597220764,False,False
SEMA3G,0.42168829467429314,True,False
FGL1,0.4214956100642168,False,False
WDR72,0.4212994209916831,False,False
SERPINF2,0.4205540261548,False,False
BPIFB4,0.42030014679907785,False,False
KRTAP27-1,0.4202763922518162,False,False
DENND2C,0.4202145097144729,False,False
COX4I2,0.4200610146097248,False,False
ZNF676,0.41935727737422646,False,False
NRAP,0.4189580406124622,False,False
SOHLH1,0.4185600197681628,False,False
LOC200726,0.4185553596284991,False,False
SLC22A16,0.4182978184838174,False,False
MYH7B,0.41795333134482,False,False
TRIM50,0.4167889350925827,False,False
ACMSD,0.4161216367804798,False,False
CPA3,0.415953489841036,False,False
MYH2,0.4157647962943467,False,False
APOBEC3G,0.4156766776619762,False,False
KRTAP7-1,0.415399873670913,False,False
LCE1C,0.41494732603431955,False,False
CYP3A43,0.41417811290077283,False,False
CLDN25,0.4139074218338772,False,False
GPR141,0.41333768934741705,False,False
AVPR1A,0.41275718613655255,False,False
ADRB3,0.4121309874723655,False,False
C9orf84,0.41112296031161205,False,False
SLC12A3,0.41098545402440045,False,False
IGSF22,0.41060951445181365,False,False
HIST2H2AB,0.41023210864301496,False,False
RAET1L,0.4101451363301395,False,False
ACAN,0.4095991116023911,False,False
SPACA7,0.40949808517855707,False,False
CD22,0.4093740019417248,False,False
OR4M1,0.4092819296768082,False,False
FOXI1,0.4083320612696076,False,False
PPEF2,0.40829092653027826,False,False
FLJ42280,0.40777220760080035,False,False
TESPA1,0.4076341328326962,False,False
C19orf21,0.4065023265606906,False,False
ZNF257,0.40640529646395523,False,False
NMUR2,0.4063346089062006,False,False
ABCG8,0.4062063614883436,False,False
ZNF98,0.40619794832204553,False,False
TMPRSS7,0.4060764390403667,False,False
IL2RB,0.40588074124761714,False,False
SATL1,0.40501012738182973,False,False
UCN3,0.4048865330853537,False,False
HSFY1,0.4046999169503223,False,False
KRT5,0.4036816483606461,False,False
LOC100131094,0.40344713244669034,False,False
GAST,0.4032149027383001,False,False
ASPA,0.40320378987261807,False,False
OCM2,0.40245350563217175,False,False
GSTT2B,0.4021499976605724,False,False
AMELX,0.4020725971154853,False,False
DUSP27,0.40195644746230597,False,False
ODF3L2,0.40191549578318186,False,False
ENDOU,0.4015207244037385,False,False
SLC34A3,0.40076833350879043,False,False
C9orf96,0.40029882911651526,False,False
KCNG4,0.40026233404685857,False,False
TRIM31,0.398787699874841,False,False
SLC52A3,0.3986562772689525,False,False
SLC11A1,0.39825020469990996,False,False
UMODL1,0.397229916599408,False,False
ENTHD1,0.39708848416792414,False,False
BOLL,0.396830793884736,False,False
PKP1,0.3967148641377452,False,False
GATA6,0.3966229316536244,False,False
BSND,0.39652533541542356,False,False
PTGER2,0.39637898726181703,False,False
WFDC13,0.3949932179995556,False,False
TMEM239,0.3949653413809643,False,False
LOC100329135,0.3949549478892511,False,False
INSL6,0.3948856511211702,False,False
ASB2,0.39476569755880736,False,False
CARD11,0.39469440058017813,False,False
SCGB2B2,0.39425103987554244,False,False
ALOX5,0.3939199126223813,False,False
DBX2,0.3938705033278354,False,False
CHRM1,0.3935063018329416,True,False
OR6A2,0.3933906054438477,False,False
MFSD2B,0.39278412990841155,True,False
DNAH3,0.3926766864348296,False,False
PRSS50,0.3926573797241815,False,False
DHX58,0.39239581476412727,False,False
ROPN1B,0.3921717613549964,False,False
FAM198A,0.3921140383198231,False,False
SSX1,0.3915583230983379,False,False
APOA1,0.39087253161151464,False,False
IL21,0.3906364248868299,False,False
FMO3,0.3902972008749463,False,False
SRMS,0.3902113462235791,False,False
MCART2,0.38991857680925474,False,False
LPO,0.3896768390824768,False,False
KLRB1,0.3896152606707138,False,False
KRT79,0.3893968955796517,False,False
GOT1L1,0.38857742686364666,False,False
NHLRC4,0.3883388034997836,False,False
TFF2,0.3881148079914849,False,False
KCNJ12,0.3879291135909043,False,False
PRR15L,0.3878230550584273,False,False
TRPM2,0.3877153852452304,False,False
TSGA10,0.38771054087564777,False,False
HELB,0.38638582774795005,False,False
HOXA9,0.3863673556280779,False,False
MX2,0.386227046121814,False,False
THPO,0.3861412546349908,False,False
ACTL7B,0.3855894895369108,False,False
GATA4,0.38534793428548036,False,False
GIPC3,0.38487735551110674,False,False
MYBPC1,0.38458047104373544,False,False
CTSE,0.38454109321449026,False,False
FAM9B,0.3845339468482062,False,False
OTOGL,0.3840628797183331,False,False
GAS2L2,0.38379330923722965,False,False
DNAH5,0.3837436969973448,False,False
PCP2,0.3835538594705875,False,False
FGF21,0.3833485185575089,False,False
MST1R,0.3826685452269829,False,False
TRPC5,0.3826445777918144,False,False
IL7,0.38252884631130757,True,False
FGF6,0.38199270391035306,False,False
SP140,0.38192125779321806,False,False
C9orf47,0.3812359084582002,False,False
KNCN,0.38117366038530365,False,False
HIST1H1T,0.38088656174334157,False,False
RAPSN,0.3799820448936148,False,False
SPTA1,0.3797860616907042,False,False
GPX2,0.3796672380718438,False,False
AQPEP,0.37956136961785464,False,False
BMP8B,0.3791814272847434,False,False
ARRDC5,0.37915469289164966,False,False
TAS2R50,0.37866045139254434,False,False
NOBOX,0.3785291293820397,False,False
EYA4,0.3784811202348785,False,False
CLDN7,0.3779959995789031,False,False
KCNJ15,0.377807912528804,False,False
GAL3ST2,0.3777689400053806,False,False
P2RY13,0.375677205787744,False,False
ACSL5,0.37564720087494585,False,False
PCDHGA4,0.3754945953375209,False,False
ANKRD63,0.3743662941128306,False,False
GPX6,0.37434555742709735,False,False
CRYBB3,0.37404657624779186,False,False
KLHL30,0.37294889579019996,False,False
LALBA,0.37246472786609136,False,False
GML,0.3722164912096005,False,False
TBX4,0.37215791603794535,False,False
CD72,0.3720506421728603,False,False
UBL4B,0.37191835222421044,False,False
FIGLA,0.3714785024154591,False,False
PATE1,0.3713412411832827,False,False
DNAH2,0.37069246353417323,False,False
CTAG2,0.3706843012714785,False,False
SLCO1B1,0.3705740773882631,False,False
GPR84,0.3704236475184521,False,False
GPR113,0.37032800938110444,False,False
SYCP1,0.3701888649097569,False,False
SEC14L6,0.3696773514171083,False,False
ACTN3,0.36911403305611146,False,False
SPATA16,0.3688933390649305,False,False
TMCO2,0.36824756816506987,False,False
AQP2,0.3675648594588904,False,False
CLEC14A,0.36753679334666806,True,False
SLC6A18,0.3674004959586389,False,False
HTR1E,0.3672130867576704,False,False
PROP1,0.36689613234141644,False,False
NLRP1,0.36687248774724834,True,False
PLA2G4F,0.3662736340667435,False,False
FMO1,0.36623154308640676,False,False
LRRC52,0.36617351768022366,False,False
GLDN,0.36558431940204233,False,False
NKX6-3,0.3652366330958815,False,False
SYT8,0.36494443391702047,False,False
MYBPC2,0.36454016680118395,False,False
OR13J1,0.3643960416885989,False,False
TBC1D3G,0.3639099741493257,False,False
COL4A4,0.36389039314079863,False,False
ARHGAP25,0.3636369091483314,False,False
ELOVL3,0.3631833415213298,False,False
ERVMER34-1,0.3630334239861505,False,False
FER1L6,0.3627153782269479,False,False
ARG1,0.36213395094220446,False,False
SPPL2C,0.3617832456048003,False,False
TMPRSS12,0.3616156975588074,False,False
CIB4,0.3615735246985057,False,False
AGBL4,0.36155433729866304,False,False
TTR,0.3614977483009908,True,False
RNASE2,0.36144571299902967,False,False
SLC23A3,0.3614326537296323,False,False
KIAA1210,0.36132369489186006,False,False
MUC13,0.36055945304184084,False,False
ADAMTS20,0.3599230825467008,False,False
CFHR5,0.3598903674070952,False,False
CLDN23,0.35971109707454585,False,False
SIGLEC15,0.3589530529529425,False,False
C11orf91,0.35864889462048644,False,False
ACTRT1,0.35861622217543354,False,False
C17orf105,0.35856657016528076,False,False
LYG2,0.35850489115813367,False,False
RRH,0.35812067527576,False,False
C7orf29,0.35760295762127015,False,False
IVL,0.35735138435624814,False,False
FLG,0.357175618486156,False,False
CR1L,0.35705390041057006,False,False
KRT38,0.3569896790305413,False,False
KRTAP10-3,0.3560675071060113,False,False
FAAH2,0.35582916096431205,False,False
ATOH1,0.3554250529295482,False,False
BPY2,0.35540196277970787,False,False
BPY2C,0.35540196277970787,False,False
BPY2B,0.35540196277970787,False,False
NTF3,0.35487672678995447,False,False
TCF15,0.3543076300429285,False,False
MBL2,0.3542847364050012,False,False
SLC22A18AS,0.3537923623539318,False,False
AXDND1,0.3534025733702965,False,False
KRTAP12-2,0.3530630434782611,False,False
PPP1R36,0.35218648044823425,False,False
GZMM,0.3520172696541156,False,False
PRSS21,0.35194843960182925,False,False
PROZ,0.35191807558690386,False,False
XCR1,0.35126114620252374,False,False
PLIN1,0.3512513644711139,False,False
GJB3,0.3509619568141679,False,False
RNASE12,0.35087331590459847,False,False
TMPRSS6,0.35082202863459316,False,False
OR5H14,0.35042736018996107,False,False
RPTN,0.350148792270531,False,False
LMAN1L,0.35012761635727746,False,False
FETUB,0.34960376472377186,False,False
CXorf49,0.3491307324747632,False,False
CXorf49B,0.3491307324747632,False,False
FBP1,0.3490331309728511,False,False
CAMP,0.34896602917266195,False,False
CCL25,0.34883018329414794,False,False
GRAP2,0.3482874015978292,False,False
AGR3,0.3478542893403984,False,False
KRTAP13-1,0.3477367565006846,False,False
CNBD1,0.3474186124855243,False,False
C8G,0.34689132657238775,False,False
ASAH2,0.3467320887578809,False,False
PTPN6,0.3466830099074756,False,False
APOA4,0.3461346089062003,False,False
HOXD11,0.3459945988466624,False,False
NKX3-2,0.3457417652150519,False,False
JSRP1,0.34571082336152337,False,False
C11orf21,0.3451820191599114,False,False
NKX2-5,0.3446883227474239,False,False
TPRG1,0.3435425723175539,False,False
ALOX12,0.3426101671520979,False,False
TNFSF12-TNFSF13,0.34216136961785454,True,False
MYH15,0.342046613093776,False,False
WEE2,0.34127172275444195,False,False
PDE6C,0.34083935443496965,False,False
LRRC14B,0.34080034857470387,False,False
RBMY1E,0.33917753038331505,False,False
FUT5,0.3390424728918833,True,False
OSTalpha,0.3388566281830836,False,False
TIGIT,0.3378722444467842,False,False
KLHL31,0.33738635938285905,False,False
FAM110D,0.33681570457709004,False,False
UGT1A9,0.3363285024154595,False,False
MYOZ2,0.33630925126621525,False,False
PNLIP,0.335923365032577,False,False
HOXD8,0.33574366249078846,False,False
PDK4,0.33534000362611277,False,False
UGT1A6,0.3352027418090792,False,False
PIK3R5,0.3348248616813467,False,False
RAD9B,0.3335129434677334,False,False
SP7,0.33340106268496145,False,False
FGA,0.3330957995578487,False,False
HSPB2,0.3330428021663099,False,False
PTGDR,0.33265755459638985,False,False
NAGS,0.33258006105905885,False,False
EMR3,0.33215719549426287,False,False
ANKRD31,0.33198805780725454,False,False
SCT,0.33125739142131916,False,False
SUCNR1,0.3308447444760266,False,False
CRISP3,0.3307239077797668,False,False
GRIN3B,0.33025602461077774,False,False
PZP,0.3301771133803558,False,False
TRPV6,0.33012303341872246,False,False
DLEC1,0.33001499397597406,True,False
CYP3A5,0.3299607426512733,False,False
TRPV5,0.3296984922389492,False,False
PDE6G,0.32951848089272556,False,False
C9orf173,0.32939324607268594,False,False
ABCC12,0.3292541559930285,False,False
LCN1,0.3291722614076331,False,False
BST1,0.3288042951889673,False,False
LPAR5,0.32879136341837145,False,False
IL22RA1,0.32855679135815447,False,False
SPRR4,0.3280803242446578,False,False
WFDC3,0.32787771344352035,False,False
FAM124B,0.32703812097179824,False,False
DHRS4L1,0.3267507293165362,False,False
BFSP2,0.3264447392123145,False,False
HIST1H1A,0.32620581406229926,False,False
PAEP,0.32618604589956823,False,False
RLN1,0.3261698050087143,False,False
SPATA12,0.3261051110643224,False,False
BTLA,0.32602165608075706,False,False
KCNE1,0.3254339503573475,False,False
WDR88,0.32525735808447676,False,False
SH2D7,0.32521966113392053,False,False
C12orf56,0.32517930776339005,False,False
OR2AG2,0.3250483308184487,False,False
DAZ2,0.3249448994631012,False,False
USH1C,0.32481577534477307,False,False
PDZD3,0.3247253512065599,False,False
CX3CR1,0.32377581265864236,True,False
SCN5A,0.3237621901720649,False,False
PADI1,0.32369758688049005,False,False
CDRT15L2,0.32342320712121736,False,False
EDN2,0.32327465639657976,False,False
FAM71A,0.32302638172439185,False,False
SEMG1,0.3227252950602988,False,False
POTEE,0.32265627726895246,False,False
TDRD10,0.32217197892175775,False,False
GOLGA6B,0.32166901545191884,False,False
ASCL4,0.3212172135078549,False,False
CD247,0.32072746604905783,False,False
GABRR3,0.3205689329870981,False,False
ZP2,0.3202744809395143,False,False
CD48,0.31940632639693084,False,False
UBE2NL,0.31937129990291374,False,False
TREM2,0.3188739235709022,False,False
CCDC168,0.3183548420301551,False,False
UGT1A8,0.31833429951690806,False,False
RIPK4,0.3177586880490344,False,False
FAM217A,0.3174577212806024,False,False
ABCC3,0.3173700863248763,False,False
MEP1B,0.31684224128855654,False,False
HOXB13,0.3168414037734964,False,False
IL17B,0.31650713232971894,False,False
KRT9,0.31610913254026757,False,False
TPH2,0.3160338351405413,False,False
CDA,0.3153446310137911,False,False
ARID3C,0.3153353405621645,False,False
TMEM233,0.31486622919371654,False,False
CCL3,0.3147207548162963,False,False
PRAME,0.31457515294007554,False,False
MYCBPAP,0.3143017066123919,False,False
PLA1A,0.3138497104958417,False,False
AGBL3,0.3135795978524056,False,False
DRD1,0.3134813822507632,True,False
PRAMEF17,0.3132462183153783,False,False
GABRA6,0.3130053385736512,False,False
TAS2R13,0.31272174439414685,False,False
PRG4,0.3125841299084114,False,False
FABP1,0.3122863933045584,False,False
TRPC6,0.31197254038436795,False,False
SLC26A9,0.31190312664491027,False,False
TCHH,0.31175342667649225,False,False
ABI3,0.31173789287761294,False,False
PPM1N,0.3108228263793849,True,False
MS4A6A,0.3102025014328992,False,False
MZB1,0.3095572563193785,False,False
CACNA1G,0.30951144623410654,True,False
TMPRSS11A,0.3094913055175399,False,False
FAM186B,0.30911953129569203,False,False
OR13D1,0.308911485419518,False,False
EPX,0.308907208945971,False,False
CABS1,0.3084747283339763,False,False
RGPD4,0.3079566036190944,False,False
PRSS36,0.30794113064533113,False,False
TSPO2,0.30788483524581534,False,False
CATSPER3,0.30767481781708017,False,False
LYZL1,0.3075185697909725,False,False
ITGB1BP3,0.3069670959516206,False,False
GIPR,0.30662565006842823,False,False
GALNT3,0.30624060544384785,False,False
PDCD1LG2,0.3061252605537424,False,False
C5orf46,0.30586154098092194,False,False
NPR1,0.30565270320852483,False,False
RAX,0.30545572107005425,False,False
PRSS33,0.3054372700050298,False,False
ARL13A,0.30530322782515096,False,False
TDRD12,0.30523920412675,False,False
TCN1,0.3051780567545121,False,False
SRY,0.3050951024084406,False,False
BRS3,0.3044434689031594,False,False
ZNF560,0.30443325086851253,False,False
DCST2,0.30396779602531254,False,False
CELA2A,0.30384005801780284,False,False
CERS3,0.3034878648044823,False,False
STAB2,0.30337017522312293,False,False
KRTAP16-1,0.30312439204126734,False,False
C20orf152,0.3023631540162122,False,False
SLC7A10,0.3019982501081985,True,False
PARVG,0.3019759343088746,False,False
SVOPL,0.30182710285293196,False,False
PANX3,0.30136030225403865,False,False
UGT2B28,0.3013207051034613,False,False
ADCY4,0.3010251441672225,False,False
TSPAN16,0.30072753389245654,False,False
SIM2,0.3006651910727445,False,False
TRIM10,0.30045903779345207,False,False
IGFALS,0.3004353908598566,False,False
PAX9,0.30040533681908044,False,False
DNAAF1,0.29987878490133457,False,False
MC5R,0.2996566849142015,False,False
GALR2,0.2995681697488625,False,False
IBSP,0.2987914967657414,False,False
KDM4DL,0.2985962060333838,False,False
HPSE2,0.2984264829046334,False,False
KIF2B,0.2977677960253127,False,False
OR10J1,0.2976086956521741,False,False
SLC10A1,0.29716591220128435,False,False
MYL3,0.2963057631797496,False,False
HSD17B3,0.2960415833245605,False,False
GCKR,0.2959629604285831,False,False
EVX2,0.29583056052683904,False,False
OLFM4,0.2954459627329193,False,False
PADI6,0.2953026540805466,False,False
SLC26A7,0.29491663976324994,False,False
YIPF7,0.2944278134540478,False,False
PRSS46,0.2944181820308571,False,False
UCMA,0.29432351768022347,False,False
KBTBD13,0.29426088652606686,False,False
CLCA1,0.2942130007837081,False,False
C4orf37,0.29405497186838386,False,False
KRTAP5-7,0.29403074534161494,False,False
CLLU1,0.29357320185750546,False,False
TPSD1,0.2935575984606566,False,False
PDCL2,0.2934946023558037,False,False
DHH,0.29297899252552906,False,False
CD177,0.29240700717034546,False,False
SPATA19,0.2919543840872142,False,False
SIRPD,0.2918520294533929,False,False
POU4F3,0.29170792715022636,False,False
OR2L13,0.29168648395737556,False,False
DIO1,0.29167149992396857,False,False
ITGB6,0.29164491291480965,False,False
COL20A1,0.2914928097694494,False,False
NAPSA,0.29142357909019667,False,False
TMPRSS15,0.2909898568270345,False,False
NCR1,0.2904505363137642,False,False
TXNRD3NB,0.29040362669754716,False,False
CCKAR,0.29035057491431837,False,False
HUS1B,0.2902359014399177,False,False
TLR5,0.2893073165596378,False,False
RNASE13,0.28930093986501504,False,False
C12orf54,0.28902241931899275,False,False
MAGEB18,0.288945636382777,False,False
LHX8,0.2887910358985155,False,False
MNDA,0.2887821086430152,False,False
FCRL4,0.2885904738510488,False,False
GKN1,0.2878399410464261,False,False
UNC13D,0.2874825613222445,False,False
TSGA10IP,0.2873394000538068,False,False
TNFAIP8L2,0.2869320191599116,False,False
FLJ23152,0.28678010784760966,False,False
PLSCR5,0.28662788831572916,False,False
DMRTB1,0.2865866143804611,False,False
C22orf26,0.28655747447099694,False,False
GPR18,0.28644459884666207,False,False
MYL2,0.28629440993788835,False,False
GJB1,0.28607700050297696,False,False
OR56A3,0.2860467166134445,False,False
AADAC,0.285692300359102,False,False
USH2A,0.28554208337719755,False,False
H2AFB1,0.28534100724052824,False,False
H2AFB3,0.28534100724052824,False,False
SLC22A25,0.2852600794235649,False,False
ABCB4,0.28514171784164416,False,False
CYP2A13,0.2851011363769287,False,False
CD163L1,0.28491263407844103,False,False
COL6A6,0.28462196313062194,False,False
RBM44,0.2845799557848193,False,False
PLA2G1B,0.2845322905335065,False,False
C11orf65,0.28448665239615867,False,False
OR10AD1,0.2842041899147278,False,False
POTEF,0.2839203383981939,False,False
SDR9C7,0.28270601583792443,False,False
BHMT,0.2825024294955024,False,False
CXCL17,0.28244636277502916,False,False
HIST3H3,0.2823389672597115,False,False
PSTPIP1,0.282151415353663,False,False
VGLL2,0.2820326192230762,False,False
CLEC6A,0.28150161069586244,False,False
TSGA13,0.2812663701442255,False,False
BLID,0.2809950831081632,False,False
CCDC79,0.28059209331976487,False,False
KBTBD5,0.28050890035208415,False,False
LOC729020,0.2801928413517214,False,False
TBC1D10C,0.27987010854943795,False,False
GRPR,0.27982494590073814,False,False
AMDHD1,0.27970836696260426,False,False
BPI,0.27958168520662985,False,False
HOXB1,0.27932145430513167,False,False
FBXO39,0.2792353089798927,False,False
GYLTL1B,0.27922751868617746,False,False
GSTT2,0.27921687487571784,False,False
OR2A14,0.27872714086862954,False,False
PCDHGA8,0.27820610590588485,True,False
MSR1,0.2774310588249054,False,False
HHIPL2,0.27736919441812585,False,False
RBP2,0.2770007398439602,False,False
C4orf17,0.27679313611959155,False,False
PLGLB2,0.2763832029102478,False,False
LGALS4,0.2761434466785977,False,False
SLC25A48,0.2759447783977262,False,False
MYH4,0.27566860137324395,False,False
CPXCR1,0.2755130434782608,False,False
C11orf85,0.2754354943795254,False,False
CYP2A6,0.2751162327028576,False,False
ISL1,0.2748894597092092,True,False
FAT2,0.274671420968289,False,False
FSD2,0.27449016680118377,False,False
C1QTNF7,0.27448708285082635,False,False
ACTL10,0.2735709706284872,False,False
C4orf51,0.27305904247230683,False,False
HSF5,0.2728908072194734,False,False
ACSM4,0.27287241931899286,False,False
MUC7,0.2726404580599129,False,False
PSORS1C1,0.2724361277795321,False,False
RBPJL,0.27199260740896686,False,False
UPB1,0.2717511223403633,False,False
LOC100506388,0.2717317033371936,False,False
ANKK1,0.2713633698284029,False,False
ABCA4,0.2713164362330538,False,False
CPNE6,0.2713100566141465,True,False
GRK7,0.27120652700284226,False,False
DEC1,0.27115268566281825,False,False
CES5A,0.27078841047595653,False,False
LOC100288520,0.27066521212759215,False,False
NBPF10,0.2702338889473746,False,False
MYPN,0.27010334011767323,False,False
KY,0.26995128902457577,False,False
PRODH2,0.26991414359406257,False,False
PLEKHG7,0.2698622357909022,False,False
ZNF572,0.2694695698962464,False,False
ARHGEF15,0.269163528909476,False,False
GP9,0.2691023312395457,False,False
GJA3,0.26880587722684235,False,False
CD70,0.26843941759951345,False,False
CALML6,0.26836373243967204,False,False
MS4A8B,0.26836097600917047,False,False
LRRC3C,0.2683234562702509,False,False
CCDC87,0.2682548648395737,False,False
KCNK7,0.26796258845960397,False,False
FFAR3,0.26762303926729103,False,False
CWH43,0.267301236972313,False,False
DNAJB8,0.267185383841574,False,False
TMOD4,0.2670171134973272,False,False
LY6G6F,0.26671847562901363,False,False
HOXC12,0.26643325086851266,False,False
KRT25,0.26638426793463615,False,False
C1orf168,0.2660255073633481,False,False
KRT77,0.26556113567510015,False,False
NR2E3,0.2652735124165117,False,False
ALPI,0.26518795955129765,False,False
C9orf170,0.264397899778924,False,False
C1orf141,0.2633086669941864,False,False
FAM178B,0.26272697067527573,False,False
TRPV2,0.2625901159186347,False,False
PF4,0.26203342398615054,False,False
CCDC116,0.2615470657730053,False,False
SPANXC,0.2615348352458154,False,False
PKHD1L1,0.261340124691488,False,False
ACOT6,0.261285148729106,False,False
LEFTY1,0.2606861827560796,False,False
DOCK8,0.26048360880092625,False,False
TUBAL3,0.2604412493712788,False,False
PTH2R,0.26039055631586944,False,False
SLC22A13,0.25990327695312965,False,False
TG,0.25973817887262984,False,False
MOBP,0.2595688136762935,False,False
GSC2,0.25950531927337384,False,False
MUC4,0.25931694388883036,False,False
OR2A5,0.25800293656642226,False,False
CYP2S1,0.25775428583125715,False,False
LTF,0.25760387701629434,False,False
FITM1,0.25731259898702785,False,False
CYP11B1,0.25730778503000334,False,False
FSCN3,0.25722761460270677,True,False
SLC22A2,0.2571368407200761,False,False
SLC25A47,0.2570364225474027,False,False
LIPI,0.2567838275374016,False,False
RGL3,0.25663552420722635,False,False
EDDM3A,0.25608616813465723,False,False
WDR64,0.25602829537612165,False,False
CPA1,0.2558663414862383,False,False
CST9,0.2557586956521736,False,False
CKM,0.2557115275292136,False,False
ALS2CR11,0.2555710174170382,False,False
TAS1R2,0.2551732445520581,False,False
EDAR,0.25478927372471943,False,False
ATP12A,0.25423579324139384,False,False
LYZL6,0.2536600881964185,False,False
MMP3,0.2534478465569475,False,False
GAB4,0.253255215753705,False,False
SPANXN3,0.2531187961305869,False,False
FREM3,0.2529111812939374,False,False
ACE2,0.25277551087248956,False,False
CMTM5,0.25248750921149593,False,False
CHRDL2,0.2522479799043175,False,False
RHCE,0.25214557087880596,False,False
LGALS9C,0.2519084862734086,False,False
KRT76,0.25164581125498614,False,False
SPATA3,0.25137930776339024,False,False
CXCL9,0.2509810763706123,False,False
FTMT,0.2507499713420129,False,False
MYBPC3,0.2505104215648431,False,False
ZC2HC1B,0.2490612813044649,False,False
CXorf65,0.2489694757342879,False,False
IL17RE,0.24889192839012295,False,False
SERPINB4,0.24858134131078102,False,False
ADTRP,0.2484873986735444,False,False
FAM159B,0.24848352750581934,False,False
LOC388813,0.24845882315097506,False,False
TDO2,0.2482560509293376,False,False
GABRR2,0.24788396439391286,False,False
CCR3,0.24783893333801202,False,False
CYBB,0.24749460235580345,False,False
PTGFR,0.24745968815430866,False,False
XKRX,0.2473339351510686,False,False
C10orf71,0.2472198453638394,False,False
RNF17,0.24681181703337202,False,False
TERT,0.2465985261606486,False,False
TBX10,0.246506079587325,False,False
NT5C1A,0.2463023786129534,False,False
GJA9,0.24619457779181436,False,False
TLR2,0.24532179820098032,False,False
BPIFB1,0.24514111251476767,False,False
SOST,0.24507898667696018,False,False
LUZP4,0.24498109801031695,False,False
EXOC3L4,0.24497932004538497,False,False
PSG2,0.24474027733913503,False,False
NTN5,0.24453816191178016,False,False
FGG,0.24446996818378555,False,False
GALNTL5,0.2443099741493257,False,False
GPR179,0.24417308254670084,False,False
C14orf180,0.24394354259512677,False,False
SERPINB11,0.24375271373594887,False,False
CD79B,0.2437466990677383,False,False
C17orf64,0.2437138412230527,False,False
REG3G,0.24339281620287503,False,False
AGBL1,0.2433328958603831,False,False
OR9A2,0.24328472763214828,False,False
CYP4F3,0.2429612432887673,False,False
EMR1,0.24282566878384837,False,False
PRTN3,0.24269277292346567,False,False
PDZK1IP1,0.2425652571615727,False,False
SLC39A12,0.2425513685651121,False,False
SSTR5,0.24231334350984335,False,False
SLC6A19,0.24230194347943063,False,False
PPP1R3A,0.24218142962417097,False,False
OR2D2,0.24204770794586575,False,False
CYP4F12,0.24180640593746722,False,False
IL1RAPL2,0.2417707805499994,False,False
MMP21,0.24165166625726683,False,False
PRAMEF2,0.24143138166590608,False,False
ZXDA,0.24078196769250565,False,False
TAS2R8,0.2405789410581231,False,False
CR1,0.24033721912248068,False,False
NEB,0.23995359803955965,False,False
PLA2G4E,0.23927886210244345,False,False
PRB4,0.23917049806412377,False,False
KRT35,0.23880863541191472,False,False
ESRP2,0.2387300821139068,False,False
ICOS,0.23860204232024432,False,False
P2RY14,0.2374949480062229,False,False
FAM58BP,0.23685929045162643,False,False
OR1L8,0.23663426793463646,False,False
LYPD4,0.2360588442058226,False,False
GIMAP6,0.23590589477254906,False,False
FAM153A,0.23523466154332007,False,False
RFX6,0.2350021318033479,False,False
TAS2R42,0.23458198699278277,False,False
TMEM174,0.2345172807663965,False,False
EVPLL,0.23445118199576553,False,False
RNASE11,0.23444609198629074,False,False
TACSTD2,0.23427238656700713,False,False
PCDHGA2,0.23426751353943684,True,False
CTAG1B,0.2341802745318219,False,False
CTAG1A,0.2341802745318219,False,False
HIGD1B,0.23405888631551858,False,False
MAGEA9,0.2339869980465778,False,False
GPR97,0.23392030740077902,False,False
LRRC70,0.23371117486051168,False,False
PMFBP1,0.23352521844404675,False,False
C20orf118,0.23298624182662508,False,False
IL36RN,0.23284097799768388,False,False
PARP15,0.2324798727351415,False,False
OPN1SW,0.23213189049139676,False,False
FCN2,0.23207068112432871,False,False
OR56B4,0.2310641166906459,False,False
TMPRSS4,0.2308104899930985,False,False
C1orf68,0.2306523470306817,False,False
RAD21L1,0.23019199506380808,False,False
C6orf15,0.23017339661484834,False,False
PLA2G2F,0.23012590799031468,False,False
ATP4A,0.2301225088020962,False,False
B4GALNT2,0.23009951515364166,False,False
SULT1C3,0.22983350352668708,False,False
OTOP3,0.22973663485045187,False,False
SFTPC,0.22968606286041796,False,False
STAB1,0.2291355119252317,True,False
USP17L2,0.22911876805745632,False,False
OR9A4,0.22899313904387578,False,False
IKZF1,0.22895612462130516,False,False
OXGR1,0.2285244809395141,False,False
C6,0.22849392567638685,False,False
OR52I1,0.22840301084324688,False,False
LCN8,0.2272364488659624,False,False
DUOXA1,0.22704537846089062,False,False
FUT7,0.22686460797042962,False,False
OR10A5,0.22599616567825842,False,False
IL17REL,0.2258548946672749,False,False
C8orf22,0.2258474973973866,False,False
OR51B4,0.22581034319402035,False,False
PRSS58,0.2255219707337618,False,False
BTBD16,0.225477521610462,False,False
NCF1,0.2253947836614381,False,False
ROPN1,0.22532176018528272,False,False
KRT82,0.22516342772923484,False,False
GUCY2D,0.22486199716929284,False,False
BTC,0.22471024084406555,False,False
OR13G1,0.2246916845048019,False,False
OR4C45,0.22452693032015072,False,False
OR6C1,0.22430807979787343,False,False
CDCP2,0.22426067597758842,False,False
OR1K1,0.22421207612497213,False,False
CYP11A1,0.2240775689838697,False,False
A2ML1,0.22395258214314945,False,False
OR4D1,0.22346316454363593,False,False
CABP2,0.22345468411879613,False,False
C10orf122,0.22322768303096205,False,False
OR13H1,0.22311279082008653,False,False
OR6B1,0.22300163993870703,False,False
ZP1,0.22295963785661668,False,False
SLC3A1,0.22288838591196736,True,False
PABPN1L,0.22287310769554688,False,False
OR8D1,0.22218055526312686,False,False
C3orf30,0.22213133780163982,False,False
GPR144,0.221992647764092,False,False
OR8K5,0.22183474342328435,False,False
OR6M1,0.22176585897930762,False,False
TFEC,0.22170346878618802,False,False
RXFP2,0.2215410089950988,False,False
OR7G3,0.2214831221999977,False,False
LY6G6D,0.2212407300183645,False,False
HRG,0.22114068439952744,False,False
CUZD1,0.22104141781006187,False,False
TNFRSF17,0.22102924284427605,False,False
ARHGAP40,0.22057936917336304,False,False
PLCZ1,0.2205130253476974,False,False
NOTUM,0.2204306815922144,False,False
OR2T6,0.22012417038050777,False,False
BTK,0.22008271338503463,False,False
GLIPR1L1,0.21992456048005052,False,False
KLHL33,0.21973576633797723,False,False
APCS,0.21971036951258044,False,False
AOAH,0.21940357698471186,False,False
C3orf20,0.2193551110643225,False,False
SPINLW1-WFDC6,0.2192053666467817,False,False
DDX4,0.21919851504836765,False,False
OR1A2,0.21904964323729975,False,False
SERPINB7,0.21896561509398643,False,False
INSL5,0.2189426863646466,False,False
MYO15A,0.21883038682434408,False,False
SULT6B1,0.21873019206700103,False,False
OR4C6,0.21845434782608708,False,False
OR6C4,0.21845434782608708,False,False
OR10V1,0.21845434782608708,False,False
VIL1,0.21780952673380805,True,False
GATA3,0.21749612532313345,False,False
ENPP7,0.2174917669696225,False,False
LRRC61,0.21733937198067632,True,False
LOC100130348,0.21720211074849985,False,False
C16orf82,0.21708276660701134,False,False
OR8I2,0.2170782608695652,False,False
OR5AR1,0.2170782608695652,False,False
NXF3,0.2170683680153469,False,False
KRTAP9-4,0.21699177749704646,False,False
TRIM60,0.2169454258342985,False,False
PGLYRP4,0.21670379104233187,False,False
PCDHGA11,0.21643983343275897,True,False
SLC17A1,0.21624912563895626,False,False
OR8D2,0.21590438057807268,False,False
GPR55,0.21540723175538956,False,False
ODF1,0.21528684188978955,False,False
OR52E4,0.21526257500789564,False,False
OR52A1,0.21479444444444434,False,False
OR5B3,0.21464944672538644,False,False
OR52E6,0.2145716701173225,False,False
RSPH10B2,0.2143806605373665,False,False
RSPH10B,0.2143806605373665,False,False
OR6C70,0.21433913043478278,False,False
OR2T10,0.21433913043478278,False,False
OR4F15,0.21433913043478278,False,False
OR14C36,0.21433913043478278,False,False
FMO2,0.21415166099355498,False,False
TAS1R1,0.21395616907042841,False,False
OR2M7,0.21388429951690852,False,False
OR13C5,0.21386415412148652,False,False
OR10G3,0.21373860932729744,False,False
CLCNKB,0.21367126656607122,False,False
NXF2,0.21329664701547524,False,False
NXF2B,0.21329664701547524,False,False
TCEB3B,0.21320353312044513,False,False
SLC35G6,0.21315770548946672,False,False
OR5H1,0.21311081458867034,False,False
FGF20,0.21302200231603308,False,False
KRTAP4-3,0.21294206173749286,False,False
TAS2R40,0.21275220140131712,False,False
MYO1F,0.21274976781181643,False,False
KRTAP19-4,0.21240616907042853,False,False
OR2Z1,0.21233888771917486,False,False
C19orf45,0.21225589126340785,False,False
CCDC38,0.21212264741317793,False,False
BTN1A1,0.212030382145489,False,False
SH2D6,0.21195795873249818,False,False
OR5I1,0.21183690914833117,False,False
NLRP4,0.21162886619644153,False,False
GMNC,0.2115320957761636,False,False
OR5D14,0.21116545893719818,False,False
OR9I1,0.21116545893719818,False,False
C12orf74,0.21101412370892814,False,False
IL17A,0.21085577955574278,False,False
BTBD18,0.21032049689440993,False,False
OR10A7,0.2101349873086053,False,False
RGS13,0.21003809289866768,False,False
PRSS48,0.20995403317308264,False,False
OR5A1,0.2098125603864736,False,False
IL4I1,0.2098017171398159,True,False
TMC8,0.20973954041945936,False,False
MYH1,0.20966505012223527,False,False
SPATC1,0.20879439941046446,False,False
OR2T11,0.20846400966183576,False,False
SPIC,0.20841000105274252,False,False
KIF4B,0.20838280345299504,False,False
OR6N2,0.2082940987940251,False,False
IHH,0.2079285609011475,False,False
TMEM72,0.20778049911686605,False,False
GPRC5D,0.2074148699863142,False,False
GPR151,0.20737307611327516,False,False
CST9L,0.20734098618568061,False,False
CDC20B,0.2071606484893145,False,False
OR6Q1,0.2071198067632849,False,False
OR6P1,0.2071198067632849,False,False
COX8C,0.20677237896386758,False,False
MORC1,0.20654823080792137,False,False
OR52N1,0.20610115216806443,False,False
KRTAP9-9,0.20584975026611,False,False
TLR1,0.20565934425846,False,False
MAGEC3,0.20549634990817744,False,False
AGBL2,0.20524220385771605,False,False
TMEM89,0.2052272081271713,False,False
SPINK9,0.2050797516697664,False,False
KRT86,0.20473260343194016,False,False
ESR1,0.20435785345825877,False,False
CARNS1,0.20418979834134587,False,False
OR11L1,0.20409743949655507,False,False
ESRP1,0.20408774081482256,False,False
GJB4,0.20404712542840747,False,False
ZAR1L,0.20397900597723734,False,False
GUCY2C,0.2039367962709523,False,False
TGM4,0.20322093378250328,False,False
MYH11,0.2031978991940672,False,False
ERMN,0.20299936426056545,True,False
RDH8,0.20298584880279802,False,False
MOCOS,0.20298290112409492,False,False
CYP2A7,0.2029442941362248,False,False
RPGRIP1,0.20286443251336397,False,False
FYB,0.20277867143909892,False,False
C3,0.20269114409703942,True,False
CLEC4D,0.20262583956205926,False,False
RHAG,0.20250155279503096,False,False
GATSL1,0.20249670257687918,False,False
OR5K4,0.20243608566983684,False,False
OR11H4,0.20243026575896897,False,False
OR5K3,0.20238401937046002,False,False
BPIFB2,0.20222242809184596,False,False
LRRC69,0.2021885724813138,False,False
KRTAP1-3,0.20218254553110873,False,False
MYO18B,0.20216942836088012,False,False
ALAS2,0.2018887672386567,False,False
MYBPHL,0.2016245710074745,False,False
IL20,0.2013051110643225,False,False
MOGAT2,0.20130083166649107,False,False
PTPRQ,0.20087189821150778,False,False
TTC16,0.20079809395141013,False,False
CHRND,0.200588719865249,False,False
GPR64,0.1999746827151396,False,False
KLK8,0.19964649202840082,False,False
FCGBP,0.19961863646465708,False,False
HELT,0.19929756816507016,False,False
OR2T35,0.19914589371980648,False,False
CPSF4L,0.19912309190441096,False,False
OR1N2,0.1990897176310957,False,False
APOBEC2,0.1988188049034401,False,False
TMC3,0.19880057140517712,False,False
VAV1,0.19867454585862834,False,False
GRB7,0.19852067059690506,False,False
C12orf42,0.19847497221929786,False,False
OR5AS1,0.1982695652173915,False,False
OR6K2,0.1982695652173915,False,False
GPRC6A,0.198245815348984,False,False
TMEM235,0.1980907516580693,False,False
NR1I2,0.1979142114374612,False,False
WNT16,0.19782527108116646,False,False
TSPAN1,0.19740535787392827,False,False
PSG5,0.1971460674223015,False,False
KLHL10,0.19699460586494497,False,False
MESP2,0.19653127463709633,False,False
DNASE1L3,0.19621836450620528,False,False
OR52B6,0.19614714121954369,False,False
OR5T1,0.19599653764723785,False,False
C7orf62,0.19554262144553256,False,False
TSSK1B,0.19543162028751562,False,False
CAPNS2,0.19542025476365907,False,False
ESPNL,0.19538175714402686,False,False
STRA8,0.1952423793147815,False,False
PLEKHD1,0.1952332456048005,False,False
C16orf96,0.19521536594495334,False,False
SLCO1B7,0.19504641482729157,False,False
PRAM1,0.19482715139605336,False,False
PHOSPHO1,0.19471812939373737,False,False
TRAF3IP3,0.19465091354645514,False,False
MB,0.1945453837246025,False,False
ACPT,0.19426825981682272,False,False
CHRNB3,0.19420029476787015,False,False
DMBT1,0.19398111146202524,False,False
ADAMTS19,0.19380137148939652,False,False
GRK1,0.19365640593746705,False,False
HLX,0.19333300347404989,False,False
TIE1,0.19326270426126724,True,False
FOXR1,0.19315602168649326,False,False
DMRT3,0.19310795990221194,False,False
DHRS7C,0.19288568211858578,False,False
SPATS1,0.1928836275163467,False,False
NCF2,0.19283118690856346,False,False
MAGEB6,0.19250450515258927,False,False
HOXD9,0.19249053584587844,False,False
BEST3,0.19210489115813364,False,False
MMP20,0.19208083423986128,False,False
MAGEA2,0.19187310769554713,False,False
OR11H6,0.1914118708402054,False,False
MNX1,0.1911148430828976,False,False
C14orf38,0.19039949760793537,False,False
TFAP2D,0.18999082535003683,False,False
ZNF280A,0.18959060953784598,False,False
SLC22A12,0.18945645974430048,False,False
RCSD1,0.1892817167889018,False,False
BAGE3,0.18911363301400125,False,False
BAGE2,0.18911363301400125,False,False
LIPM,0.18909889462048626,False,False
MUC5B,0.1890716075376357,False,False
CASR,0.18882400779029354,False,False
METTL21C,0.18859876068825965,False,False
OXCT2,0.1884078142728474,False,False
HEATR8,0.18781230071001628,False,False
ZSCAN10,0.18736384473219408,False,False
SERPINE3,0.18671071165385827,False,False
BATF2,0.1864643114479887,False,False
SCN10A,0.18582793568913702,False,False
WFDC5,0.18560307868664555,False,False
GRHL2,0.1854528312921829,False,False
C1orf87,0.1852831783462585,False,False
KRT84,0.185242046531214,False,False
FAM46D,0.18506582739703595,False,False
CIDEA,0.1849999789451521,False,False
KRT6B,0.18469827467218763,False,False
CCDC7,0.18446569112538158,False,False
SIGLEC5,0.18439895018189056,False,False
SPO11,0.18425961095319973,False,False
TRPA1,0.18425658431881717,False,False
GPR32,0.18416802938320984,False,False
C12orf69,0.18364357417739868,False,False
HMX1,0.18360282427390015,False,False
ABHD1,0.18350713232971894,False,False
TTC24,0.1829382250763241,False,False
AIM1L,0.1826807131744862,False,False
LHFPL1,0.18249828929360987,False,False
SP9,0.18158134832906392,False,False
HGD,0.18133945152121278,False,False
NPW,0.18125496309553052,False,False
JPH2,0.18084320981155913,False,False
CPA5,0.18024538489431635,False,False
OR51B5,0.18023582599337967,False,False
TAS2R9,0.18018132727421604,False,False
NLRP10,0.18009462575007892,False,False
FGF23,0.18002273923570913,False,False
ELSPBP1,0.17977098232562505,False,False
OR52K1,0.17927086652396135,False,False
OR5T3,0.17906304347826063,False,False
SLC2A2,0.17900930624276246,False,False
SBK2,0.17895981623796658,False,False
ANKRD34C,0.17857214969996846,False,False
PCDHGA3,0.1785101267969728,True,False
SERPINA12,0.17808919125989872,False,False
TAAR8,0.1779170205050823,False,False
PRRX2,0.17762781345404777,False,False
CELA2B,0.17748117638113953,False,False
AQP12A,0.17734127802926627,False,False
MYOC,0.17719177047876392,False,False
C1QB,0.1770786094442687,False,False
LAMB4,0.17699725877577754,False,False
RGS1,0.176598451883824,False,False
MOS,0.1761802692681101,False,False
ODF3L1,0.1760098846662222,False,False
F11,0.1759774531822064,False,False
IL27,0.17594114760618082,False,False
NLRP2,0.1759103958311402,False,False
CNGA4,0.17581419564632536,False,False
TAAR6,0.17525528593653109,False,False
MRAP,0.17517967095951623,False,False
RNASE9,0.17516951784398385,False,False
LOC120824,0.17493029207752844,False,False
PRB3,0.1748815927992419,False,False
HOXC11,0.17476675965891167,False,False
OIT3,0.17465136447111393,False,False
C20orf173,0.17455414254132,False,False
DYTN,0.17453446152226523,False,False
OXT,0.17449401983834556,False,False
ADAM29,0.17442456866804693,False,False
SNED1,0.17396303295083693,False,False
C15orf53,0.1738259448362985,False,False
OR10C1,0.17369661835748781,False,False
IL26,0.1735086219602065,False,False
CDHR5,0.17339012293691736,False,False
TEC,0.17329148799288815,False,False
RUNX3,0.17305820027839175,False,False
USP17L1P,0.17224247932530934,False,False
MC3R,0.1722282866032679,False,False
NT5C1B-RDH14,0.17218242446573317,False,False
SPACA5B,0.17207489735761664,False,False
SPINK13,0.17193179223544003,False,False
H1FOO,0.1717408990420045,False,False
C11orf52,0.1716398199810507,False,False
OR5M3,0.17159968710156637,False,False
CAPZA3,0.17147671450796,False,False
CHRNG,0.17099793662490795,False,False
ACER1,0.17095825817922367,False,False
SIRPG,0.1709010521575369,False,False
TAAR9,0.17067703033067796,False,False
HOXC8,0.17048106642804517,False,False
CSN2,0.1702785556374353,False,False
GFRA3,0.17004912096010102,False,False
KLK15,0.1699358037688176,False,False
LOC100507462,0.16962549742078112,False,False
PCDHGA12,0.16903310348457734,True,False
SEC14L3,0.16883296955235036,False,False
UGT2B17,0.16856292709174056,False,False
TREX2,0.16847402475114343,True,False
CD33,0.16822869541823102,False,False
OR52D1,0.16791605432150736,False,False
OR2T4,0.1677809219683943,False,False
USP17L3,0.1676247300885473,False,False
OR51E1,0.16754138622779027,False,False
CCNO,0.16734938940941152,False,False
OR52K2,0.1670403884619432,False,False
OR5H15,0.16694018610146105,False,False
MOGAT1,0.16688724017732853,False,False
NANOS2,0.16640808096758722,False,False
CHST4,0.1663874472166661,False,False
KRT4,0.16618954743774186,False,False
PLA2G4D,0.166121257793218,False,False
TDRD6,0.16591744160203997,False,False
DLX5,0.16560356353300354,True,False
LOC399939,0.16542880829561005,False,False
FOLR2,0.1653949047268134,False,False
OR51I2,0.16520973903685798,False,False
GH2,0.16490889157923055,False,False
CATSPER1,0.16475112935864594,False,False
ARR3,0.16469847820238387,False,False
SPACA3,0.16449326361839267,False,False
CCL4,0.1644562638172439,False,False
KRTAP4-8,0.16429523575581054,False,False
SLC39A2,0.16422695546899677,False,False
PKDREJ,0.16417559743130852,False,False
OR2F1,0.16398673310640902,False,False
GPR128,0.16397743446678603,False,False
OR5AU1,0.16314260448468249,False,False
C16orf73,0.16296228140973903,False,False
ADH1B,0.1627825361733983,False,False
CCDC70,0.16263655414020198,False,False
TNNI3K,0.1625342995169082,False,False
PSG6,0.16249914318466252,False,False
KRTAP4-12,0.1620195652173914,False,False
RBMXL2,0.16178697699173006,False,False
GPR15,0.1617607566878385,False,False
OR4K1,0.16162415458937168,False,False
FA2H,0.16116629645225816,False,False
CHRNE,0.16112431308558794,False,False
TAS2R46,0.16088977553192735,False,False
CDK15,0.16084434677334453,False,False
PCDHA13,0.16074923968604884,True,False
DDX53,0.1606892988735659,False,False
ROS1,0.16051205682469497,False,False
LRRK1,0.15979006503608567,False,False
C1QTNF9B,0.1597184808927255,False,False
SERPINA1,0.15961076429097817,False,False
COX7A1,0.1596006275514381,False,False
DQX1,0.1595928091845926,False,False
SLC9A2,0.15943404568901995,False,False
FAM53A,0.1589700067843399,False,False
EPHA1,0.15867055070124347,False,False
PRCD,0.15830991156963886,False,False
LOC643037,0.15818976734393095,False,False
CLDN8,0.15817226842591608,False,False
SLC5A9,0.15815025207331765,False,False
BAGE4,0.15788935443496976,False,False
SLC2A9,0.1578047583956206,False,False
NEUROG3,0.15708938952638285,False,False
LOC653486,0.15671706261477816,False,False
C10orf81,0.15639732603431944,False,False
C4BPB,0.15632049280041171,False,False
CYSLTR2,0.15626762817138648,False,False
C3orf77,0.1561891175679309,False,False
HIST1H4F,0.1561805921091109,False,False
KRTAP5-5,0.1557799534453918,False,False
C9orf50,0.1556482764267584,False,False
KCNQ1,0.15563680387409198,False,False
ITLN1,0.1555589851563322,False,False
ISX,0.15526702752336505,False,False
TMEM225,0.15525540056848094,False,False
KRTAP5-10,0.15518304148974746,False,False
CYTIP,0.15496559930285056,False,False
IKZF3,0.15478912634078446,False,False
BCMO1,0.1542027423939362,False,False
CXorf48,0.1540723497210233,False,False
PCDHGA1,0.15375709548373515,True,False
IL18R1,0.1535826396930672,False,False
PSKH2,0.15345470575850084,False,False
HPR,0.15342698997555296,False,False
OR4F21,0.15328022364927307,False,False
OR2B3,0.15292638991238838,False,False
SLC16A11,0.15289332034951045,False,False
HAND2,0.15283809348352465,False,False
TGM5,0.15253008211390676,False,False
PIWIL3,0.15235288451415938,False,False
CACNA1F,0.15228442058228353,False,False
GFI1,0.1522685855821081,False,False
ASB5,0.151750608251161,False,False
UGT1A1,0.1515077563720157,False,False
PCDHB1,0.15123697757658705,False,False
C20orf166,0.15110920740194883,False,False
ALOX5AP,0.15102732919254658,False,False
FAM166A,0.15098285901439915,True,False
OR4C15,0.15074879227053148,False,False
FER1L5,0.1506546841187961,False,False
ATP8B3,0.1505227287082851,False,False
MRGPRE,0.1503874349346715,False,False
ST14,0.14992707127066002,False,False
SERPINC1,0.14976966464306188,False,False
DSG1,0.14947666070112645,False,False
RAD51AP2,0.14943995800727564,False,False
PKD2L2,0.14930576376460683,False,False
FAM47C,0.1492817518803149,False,False
OR52B4,0.14925914599197584,False,False
BEST2,0.1491583213437672,False,False
FXYD3,0.14862002842404465,False,False
NAALADL2,0.14838208524873964,False,False
PRAMEF1,0.14815554210384727,False,False
GTSF1,0.14789027382999384,False,False
SPANXN5,0.14743421178837537,False,False
LRTM1,0.14704771320957763,False,False
CXCR1,0.14693309939057903,False,False
SLC13A2,0.14666088126235513,False,False
EBLN1,0.14649279865716852,False,False
SLC22A14,0.1464880513738288,False,False
EPS8L3,0.14569660256635197,False,False
KRTAP4-11,0.14555300850381908,False,False
MIXL1,0.14553986735445837,False,False
TSPAN10,0.1453875197389199,False,False
MS4A1,0.14507648115006264,False,False
CCDC33,0.14465466306394828,False,False
ADAM7,0.14465322665543742,False,False
NEU2,0.14464682364225476,False,False
POU1F1,0.14462860418055698,False,False
BCL6B,0.14439586915581754,False,False
MAS1L,0.14434564807991498,False,False
FEZF1,0.14430043454866595,False,False
THEGL,0.14411942075774067,False,False
DEFB118,0.14407494590073802,False,False
NKPD1,0.1439949585336468,False,False
LCE1B,0.14358478260869578,False,False
C7orf45,0.14350818273268542,False,False
PRAC,0.1434892146541741,False,False
TNNT3,0.14336534372039164,False,False
HIGD1C,0.14324500590705452,False,False
LOC100129636,0.14297967095951616,False,False
C17orf50,0.14265007369196755,False,False
KRT71,0.1425878262039278,False,False
PTH2,0.14254768162730574,False,False
SPDEF,0.1425233182440257,False,False
OR10A6,0.14239477605829845,False,False
CEACAM3,0.14213164660607552,False,False
VCY1B,0.1420881619117802,False,False
CYP2W1,0.1419872407621855,False,False
SCGB3A2,0.14196785451100113,False,False
CCR4,0.14104490765109778,False,False
CALR3,0.14085603221391738,True,False
AMN,0.14079998420886408,True,False
HDC,0.14037212338140861,False,False
KLK13,0.140367364985788,False,False
EGR4,0.14019924202547637,False,False
SYCP2,0.14001712051560983,False,False
DKK4,0.13980514732544944,False,False
FGF16,0.13978591898562423,False,False
IL25,0.139746004257758,False,False
FGF4,0.1393834766232702,False,False
CETN1,0.13914999999999997,False,False
TTLL13,0.13897220760080006,False,False
FSHB,0.138670389280743,False,False
PKD1L2,0.1385712653963575,False,False
GC,0.13794330923722964,False,False
UTS2R,0.13783703138342046,False,False
WDR93,0.1373195283714075,False,False
LCA5L,0.13643682960779496,False,False
C17orf82,0.13628880700892493,False,False
C10orf128,0.13627597057000154,False,False
FAM170A,0.1361473886140061,False,False
NPVF,0.1361083114012002,False,False
CFTR,0.1360670555964955,False,False
GPR114,0.13599069141781006,False,False
HMGCS2,0.1355443988256074,False,False
C15orf55,0.13545431741352884,False,False
PGLYRP3,0.1354111643330877,False,False
MBD3L4,0.13537506696611337,False,False
IGSF6,0.13526518580903255,False,False
TYRP1,0.13511485945889043,False,False
DCAF8L1,0.13453525634277297,False,False
OR10G7,0.13393760337345445,False,False
C10orf54,0.13332945690189613,True,False
SERPINB10,0.13326982781813296,False,False
GIMAP5,0.13324204945549836,False,False
FAM71E2,0.13318200980220143,False,False
MAG,0.13304270215578243,False,False
ZACN,0.13303607221812824,True,False
NKX2-1,0.13248107286147084,False,False
RNF148,0.1320841193809875,False,False
ALDH3A1,0.1319977658466973,False,False
OPALIN,0.13185378402404932,False,False
TJP3,0.13161064439531645,False,False
CLCN1,0.13158769461112868,False,False
SGCA,0.1315814272847434,False,False
HOXC13,0.13143355733352058,False,False
IFNA21,0.13137192453006752,False,False
SLC22A7,0.13116511504134937,False,False
COL4A3,0.1310576791709069,False,False
IL1R2,0.1304837678819992,False,False
BMP15,0.1303355721654911,False,False
AMPD1,0.13020507421833866,False,False
SRD5A2,0.13013229053350642,False,False
CXCR5,0.1301173386672282,True,False
ANGPTL7,0.1300940987940251,False,False
RHOXF2,0.13008739867354452,False,False
OR2B6,0.12973376671228554,False,False
C1orf100,0.1296415371208665,False,False
PAH,0.12948406966815224,False,False
USP29,0.12912141395000645,False,False
CDY2B,0.12909722719350566,False,False
CDY2A,0.12909722719350566,False,False
ARL14,0.12906578704191085,False,False
FGR,0.12889805242657135,False,False
C2orf71,0.1287280444725175,False,False
TECTB,0.1286991472786609,False,False
RAC2,0.12832906387806906,False,False
VGLL1,0.12830789498309764,False,False
AVPR2,0.12793750921149588,False,False
TRHR,0.12787653963575113,False,False
ADCY10,0.12776945935829506,False,False
ADRB1,0.12767248950181892,False,False
AQP8,0.12763651904878875,False,False
SAG,0.12760455077142624,False,False
SPATA22,0.12747325449462504,False,False
ENPP3,0.12713869296183225,False,False
GSTA2,0.12692855680714935,False,False
ATP6V0A4,0.1267340100127499,False,False
BLK,0.1264810190546373,False,False
ANKUB1,0.12635967996631225,True,False
SLC35D3,0.1263158624884491,False,False
ZPBP,0.12562724263372754,False,False
CPB2,0.12545605092933754,False,False
KLF14,0.1253948164134237,False,False
ABP1,0.1253616146728896,False,False
KRTAP10-6,0.12505326876513312,False,False
TIMD4,0.1250508802096126,False,False
RXFP4,0.12496306043911055,False,False
TRIM6-TRIM34,0.12460882198126119,False,False
IL15RA,0.12453229287293402,False,False
ASB18,0.12427173679100724,False,False
IL13,0.12405719490940571,False,False
KRT2,0.1239520680539472,False,False
GIMAP7,0.1238602759354786,False,False
C10orf68,0.12384794481290426,False,False
GUCY2F,0.12375044215180542,False,False
PIK3C2G,0.1234983378367313,False,False
ADAMTSL3,0.12346181703337195,False,False
ZAN,0.12264952392649521,False,False
ZNF735,0.12257614953620861,False,False
KLRF1,0.12223352458153486,False,False
DEFB134,0.12172771461323417,False,False
CSF2RB,0.12170599478307648,False,False
PRY2,0.12153131499222146,False,False
PRY,0.12153131499222146,False,False
OR9Q1,0.12135083985448758,False,False
ACY3,0.12111801768607228,False,False
EPB42,0.12091993309237242,False,False
SPACA4,0.1207618866313413,False,False
KRT1,0.12071364997485126,False,False
WNT3A,0.12052309131955412,False,False
OR2A25,0.12032480378051486,False,False
MLN,0.12027674492051796,False,False
PP2D1,0.11993627867260882,False,False
SSTR4,0.11973531716788902,False,False
CLEC4F,0.11972719759974743,False,False
ST6GALNAC1,0.11945197506170231,False,False
KRTAP10-9,0.11939994151431138,False,False
C18orf34,0.11912620275818507,False,False
SLC6A3,0.11903461416991257,False,False
ITGB7,0.11894535857575651,False,False
ERVV-2,0.1188640465078195,False,False
PITX3,0.11883015346644688,False,False
BMX,0.11877561614672894,False,False
KRT81,0.11876758079797874,False,False
HSPB7,0.1187533424571007,False,False
RNF186,0.1184994841562271,False,False
SUN5,0.1182407440549297,False,False
NCR3,0.11805872489501817,False,False
SH2D1B,0.11776489045630538,False,False
STK31,0.11761384473219404,False,False
GPR182,0.11743664011416405,False,False
SPESP1,0.11726916108128335,False,False
CLDN2,0.11718438256658596,False,False
MYLPF,0.11714540244002292,False,False
PKD1L3,0.11631134797814974,False,False
ACTR3C,0.11630122235089076,False,False
ST6GALNAC2,0.11628436677545004,False,False
SLC22A11,0.11613531014960647,False,False
SOX30,0.11597092851879137,False,False
DNAJC5B,0.1159554321507528,False,False
CLEC4G,0.1159479009486379,False,False
RNF151,0.11592453533120443,False,False
HR,0.11565870091588591,True,False
CREB3L3,0.11544876829139905,False,False
KCNV2,0.11538282216841539,False,False
ITIH6,0.11535627434466786,False,False
OTOL1,0.1151856593091671,False,False
TMEM215,0.11508488905264891,False,False
FBXW12,0.11501863646465711,False,False
FABP12,0.11500783708226597,False,False
LILRA3,0.1147212174380929,False,False
KRTAP19-3,0.11426538699980111,False,False
HOXA10,0.11418772502368671,False,False
DDX43,0.11412556701875047,False,False
CAV3,0.11391685031172867,False,False
ODAM,0.11369066743867773,False,False
CGB8,0.1134981208548268,False,False
CXorf66,0.11300869565217386,False,False
ZNF726,0.11263908949480063,False,False
LHCGR,0.11254984735235286,False,False
TBPL2,0.11203003415564224,False,False
CDX1,0.11194515212127587,False,False
GPX5,0.11176240130540052,False,False
SMPX,0.11158770396883883,False,False
LOC283403,0.11130896176205687,False,False
GPR20,0.11128205366646786,False,False
PRG2,0.11092983413458725,False,False
SOX18,0.1106553982290533,True,False
IRS4,0.11013199810506369,False,False
BCL2L14,0.11012052262811288,False,False
FOXA3,0.1099730053455919,False,False
LIPF,0.10993789346246981,False,False
DCD,0.1098096039349171,False,False
CRISP2,0.10971729421810493,False,False
SLC22A9,0.10938532243160097,False,False
ZNF750,0.1088604905779556,False,False
RORC,0.10876329906071985,False,False
KRT33B,0.10860322139172547,False,False
SPRR3,0.10845288743844371,False,False
ATP4B,0.10823599969587441,False,False
TRPM5,0.10775869565217397,False,False
C1orf129,0.10766257500789564,False,False
FAM55B,0.10761273818296661,False,False
VCX3A,0.10734581476412725,False,False
IGJ,0.10732454234948705,False,False
SCN4A,0.10667255793007453,False,False
OR2W5,0.10643501889087736,False,False
MCCD1,0.10581920670012047,False,False
S1PR4,0.10581332362470905,False,False
NLRP14,0.10581310605794761,False,False
CYP4F22,0.10575418231158837,False,False
C1orf116,0.10547405984255655,False,False
OPRD1,0.10539746932425632,False,False
NOD2,0.10516889263197295,False,False
PATL2,0.10498742089810625,False,False
TMEM30B,0.10496271186440678,False,False
ANKRD7,0.10490920740194874,False,False
SASH3,0.10435814822612917,False,False
RTP2,0.10402731808026573,False,False
FRMD1,0.10391778081903363,False,False
KLK2,0.10369521528581958,False,False
HABP2,0.10345332257196675,False,False
C4orf22,0.10298703021370671,False,False
C12orf70,0.10295686329555158,False,False
CD226,0.1028639014633119,False,False
ADAM2,0.10274801558058731,False,False
ART4,0.10267964639552692,False,False
GJA4,0.10225356353300345,False,False
SH3TC1,0.10199567264390402,False,False
CATSPER4,0.10182590740545787,False,False
CAPN11,0.10169182545531115,False,False
FGFBP1,0.10160912669169855,False,False
FERD3L,0.1014971312769765,False,False
ASB15,0.10143599969587445,False,False
P2RX2,0.10130403492765322,False,False
SMPDL3B,0.10118333625761772,False,False
CFHR3,0.10112926038998248,False,False
PTGER1,0.10097876560105741,False,False
MYO7B,0.100615117380777,False,False
SCGB3A1,0.10057097062848722,False,False
PSAPL1,0.10051090582634434,False,False
GPR152,0.10032610274765752,False,False
FAM150A,0.10017972710577723,False,False
TM4SF4,0.09998804552525993,False,False
TRIM43B,0.09971258027160752,False,False
TCP11,0.09970544735703173,False,False
GIMAP2,0.09950692646009529,False,False
BPIFB6,0.09942801464481647,False,False
RHO,0.09942014539542181,False,False
SH2D4B,0.099297047057585,False,False
GCNT7,0.09909860511632804,False,False
CBLC,0.09907591968745247,False,False
SPNS3,0.09905279444619902,False,False
FOXN1,0.09894513633013999,False,False
MRGPRX4,0.09891508345907768,False,False
PKD2L1,0.09868992116129181,False,False
LRRIQ3,0.0983156659765356,False,False
NXF5,0.09822586705033275,False,False
SLC9C1,0.0982058509082827,False,False
FAM83F,0.0979362909546034,False,False
PCDH12,0.097209895778503,False,False
PRSS22,0.0971779251617129,False,False
TEX13A,0.09709082125603861,False,False
INSRR,0.09691298031371721,False,False
CD53,0.09661843293446093,False,False
DUOX2,0.09646157431776446,False,False
CA7,0.09640760606379627,False,False
PDHA2,0.09637304570071713,False,False
HEPACAM2,0.09609551005368987,False,False
AHSG,0.09607005415774761,False,False
PTX4,0.09587832871296405,False,False
KCNK16,0.09568273619445328,False,False
GATA1,0.09547083318711914,False,False
ATPAF1-AS1,0.09535968289059667,False,False
HIST1H2BB,0.09534455849153713,False,False
RNASE7,0.095231802762864,False,False
IL20RA,0.09470889567322874,False,False
CD1B,0.09469849984208858,False,False
SNX31,0.09446741528348011,False,False
CGB1,0.09444484682598168,False,False
LYL1,0.09429840801955765,False,False
SLC12A1,0.09414165994081247,False,False
IL28A,0.0940215350153817,False,False
FCGR1A,0.09400961797148237,False,False
C6orf201,0.09388931758898596,False,False
GFRA4,0.09378385619538891,False,False
LCE1D,0.09375096618357484,False,False
ZBTB32,0.0935624007205437,False,False
FAM71D,0.09344472576060639,False,False
CNGA2,0.09328632955515789,False,False
KRTAP3-2,0.09317594600601233,False,False
CCRL2,0.09305121006889615,False,False
RPA4,0.09304221789428122,False,False
CTRB1,0.09298217180755868,False,False
KRT74,0.09281735913721922,False,False
PLAC1L,0.0927566112222339,False,False
ACTRT2,0.09254375840731763,False,False
FAM170B,0.09246189014048259,False,False
LGALS2,0.09241898036050578,False,False
TULP1,0.0922105654396369,False,False
IL2RG,0.09176388157817779,False,False
HHATL,0.09169436782819249,False,False
HK3,0.09144758161677838,False,False
LCN9,0.09141489747458795,False,False
RBP3,0.09137742686364642,False,False
F9,0.09135869565217404,False,False
ACTL9,0.0912064474623061,False,False
SLC22A31,0.09103704074113063,False,False
LRRD1,0.09096816974886245,True,False
PTPN7,0.09054348878829356,False,False
GALR3,0.09044393912809535,False,False
LTB,0.09042312992010854,False,False
P2RX1,0.09017327028576114,False,False
OR2L3,0.09010329508369302,False,False
SCTR,0.09006686610286464,False,False
CCR8,0.08977153910938003,False,False
SDR16C5,0.089765448994631,False,False
SPEM1,0.08974798516802938,False,False
PRSS8,0.08935404896421849,False,False
LOC100288814,0.08920125393316256,False,False
NOTO,0.0890112274976313,False,False
REN,0.08870870617959783,False,False
FAM26D,0.08837433414043575,False,False
ITGB2,0.08793672082441414,True,False
RP1,0.08792188242037169,False,False
LOC100507055,0.08782844276005664,False,False
CCL17,0.08747045946356927,False,False
IFNW1,0.08746964943678283,False,False
IRGC,0.0870538050788972,False,False
WDFY4,0.08675068545226987,False,False
TCEB3CL,0.0867171170064685,False,False
CXorf59,0.08670209495736399,False,False
PIK3R6,0.08655657554596388,False,False
C6orf195,0.08652873226421498,False,False
FCER2,0.08645842486343602,False,False
SPERT,0.08632557111274862,False,False
PNLIPRP1,0.08585002631855979,False,False
SIX6,0.08579876068825948,False,False
ANKRD34B,0.0854854616275397,False,False
LRRC71,0.085392382823923,False,False
CYSLTR1,0.08535085389105272,False,False
C9orf57,0.08500727386508518,False,False
OR10W1,0.08493937198067628,False,False
SLCO1B3,0.08482714964148264,False,False
CXorf22,0.08464065983553823,False,False
ICAM2,0.08462111567299482,True,False
DNMT3L,0.08457656361488337,False,False
TRIML1,0.08452628288357844,False,False
WBSCR28,0.08452332818659275,False,False
C5orf48,0.08434189154413912,False,False
C9orf153,0.08366874700260847,False,False
BARHL1,0.08337014890456308,False,False
FCRL3,0.08312870419108451,False,False
KRT34,0.08311577125077493,False,False
SERPIND1,0.08297490788504054,False,False
LCK,0.08262055245581408,False,False
FATE1,0.08240768501947573,False,False
TREH,0.08214690259793427,True,False
CT62,0.08203282041384476,False,False
MYH13,0.08191441496765733,False,False
NR5A1,0.08188215601642278,False,False
CSF3R,0.0815969008433636,False,False
GPR115,0.08139962627645017,False,False
CST2,0.08091016422781347,False,False
PRAMEF21,0.08085445076089885,False,False
MYO1G,0.08072914809746054,False,False
NAA11,0.08068990186101459,False,False
CSF3,0.0806819296768081,False,False
RP1L1,0.08027664432513362,False,False
UPK1A,0.08026260074159854,False,False
MYF5,0.08000135745283131,False,False
HCK,0.0799986945994315,False,False
MAP3K15,0.07985261606484892,False,False
TRIM63,0.07970253710916933,False,False
TPSAB1,0.07964766817559742,False,False
CLEC4M,0.07963499081774697,False,False
SIGLEC1,0.07947507047525465,False,False
HAL,0.07942247721982433,False,False
SLC25A31,0.07932297025417885,False,False
SLC2A7,0.07932146132341415,False,False
NKAPL,0.07904939759740792,False,False
ANP32D,0.07886728018153957,False,False
C10orf27,0.07875241896807851,False,False
NOX1,0.07866779427074194,False,False
MAGEA6,0.07854712718297831,False,False
CDH19,0.07841566948567691,False,False
C6orf58,0.07823038740920098,False,False
TPD52L3,0.07820973728228703,False,False
BARX1,0.0780579897299131,False,False
COMP,0.07804931045373198,False,False
HAMP,0.07797988852627762,False,False
PLEKHN1,0.0779067088933338,False,False
AVPR1B,0.0774998473523529,False,False
CFC1B,0.07740415950216982,False,False
IL36G,0.07734246236445942,False,False
MANSC4,0.07726622217543365,False,False
SAGE1,0.07714246236445946,False,False
DUX2,0.07710748792270532,False,False
C10orf55,0.0768096694388883,False,False
PCDHGA5,0.07680315413318362,True,False
TDRD9,0.07676893298709808,False,False
GPR34,0.0764684452164555,False,False
KCTD19,0.07644389935782715,False,False
SI,0.07638933688926319,False,False
VSIG4,0.07582893228526977,False,False
CAPN8,0.07567071387631448,False,False
SERPINA11,0.07532645834064405,False,False
KRT28,0.07517122972008747,False,False
PLSCR2,0.07502065948462415,False,False
GFI1B,0.07494810272426333,False,False
C1orf101,0.07480270028424045,False,False
MYBPH,0.0747706074323613,False,False
GH1,0.07472671333824614,False,False
AADACL4,0.07449245183703548,False,False
FEV,0.07431411493607522,False,False
GPR183,0.07429834485501402,False,False
KCNG3,0.07424280976944941,False,False
RLBP1,0.07421597127182979,False,False
LIPJ,0.07420848802797957,False,False
ITIH3,0.07405453731971787,False,False
C5orf20,0.07355428583125713,False,False
FSCB,0.07339836298557749,False,False
CHIT1,0.07339132130867577,False,False
PI16,0.07333043068861046,False,False
SPINK7,0.07314781029582063,False,False
ALDOB,0.07311460153700389,False,False
TBX21,0.07284835362786728,False,False
GDF7,0.07282781813290286,False,False
TEX28,0.07236972605303482,False,False
CRYGN,0.07235915827397037,False,False
GHRHR,0.07217833222210521,False,False
ADAM20,0.07185221894702365,False,False
BLNK,0.07180951445181366,False,False
GNLY,0.07172088114538372,False,False
ADAD2,0.07166853645412966,False,False
HHLA1,0.07161433425740722,False,False
NKX2-4,0.07151832415108027,False,False
KRT27,0.07134204068264499,False,False
SLC5A11,0.07122477746195506,False,False
KRT37,0.07106885227684778,False,False
DUX4L4,0.07095748792270529,False,False
CALHM3,0.07094186756500691,False,False
ZNF683,0.07079562585535318,False,False
CD80,0.07060650887227893,False,False
ZNF727,0.07056031629060362,False,False
KRT36,0.07037269186230134,False,False
CTAGE15P,0.0702493133780164,False,False
ENTPD8,0.07024915195751599,False,False
C17orf66,0.07008198757763975,False,False
DUX4,0.06991400966183574,False,False
DGAT2L6,0.06984377595302431,False,False
KRT23,0.06979932624486787,False,False
AMY1C,0.06967089693651964,False,False
SLC38A11,0.06948070089249164,False,False
GJA10,0.06947186545952204,False,False
LPAR3,0.06945009240738792,False,False
CD200R1,0.06944301797850065,False,False
CLEC9A,0.06940370331379912,False,False
KRT13,0.06930917406510623,False,False
SLC38A8,0.06915952322466694,False,False
DOK2,0.069084617094197,False,False
OR13A1,0.06896962253336605,False,False
CD69,0.0689088705243827,False,False
LOC283116,0.06878982816904704,False,False
DPEP3,0.06857366564901574,False,False
HAND1,0.06844603057631796,False,False
SOAT2,0.06839971049584168,False,False
ZFP57,0.06832759237814508,False,False
PIWIL1,0.06809929934145117,False,False
MSLN,0.06796905931618535,False,False
CASP12,0.06783200102934814,False,False
REM1,0.0678184557438795,False,False
MS4A15,0.06762101741703802,False,False
PSMA8,0.06755767975576375,False,False
CXCL10,0.06733479839983154,False,False
IL5,0.06721678539261444,False,False
GCNT3,0.06710131358856486,False,False
HBZ,0.06701986641868736,False,False
CNR2,0.0667269870512685,False,False
XPNPEP2,0.06643143488788293,False,False
SSX5,0.06641928624065692,False,False
CXorf30,0.06632012784971517,False,False
CTSW,0.06603758290346352,False,False
ASIC5,0.06580591407282639,False,False
TRPV4,0.06552557111274872,False,False
GPR150,0.06546441847679874,False,False
CDH16,0.06527226023791977,False,False
AVP,0.0652303991063387,False,False
PTPRC,0.06483608566983658,False,False
MAGEA3,0.0647568282041384,False,False
NLRP6,0.06461467113497327,False,False
LTK,0.0643022821115673,False,False
ADGB,0.06421724392041267,False,False
P2RY4,0.06347987098057105,False,False
C1orf146,0.06291596600811782,False,False
EPN3,0.06257750406475535,False,False
FAM71C,0.06256484308289757,False,False
NKX1-2,0.06244344141488579,False,False
WNT6,0.06210007369196758,False,False
GCGR,0.06185975131885229,False,False
TAC4,0.06183734194242669,False,False
HBG2,0.06161644909990523,True,False
KRTAP4-1,0.06155856405937466,False,False
KRT33A,0.06151835924249339,False,False
C14orf166B,0.061500226339614654,False,False
CYP4F8,0.06144320981155908,False,False
SPATA21,0.06138315378226951,True,False
CCR5,0.06101918096641752,False,False
SAA4,0.061010693523294864,False,False
CALCR,0.06091016890666853,False,False
CYP7A1,0.06089459533752092,False,False
TINAG,0.06081594319869928,False,False
HIST1H2AA,0.06066992081037779,False,False
IFIT1B,0.06060332666596482,False,False
AQP10,0.06054612532313341,False,False
CD300LF,0.06049096863997384,False,False
MLNR,0.060317149173597207,False,False
ATXN3L,0.060200732825677554,False,False
SYNGR4,0.06017252810237334,False,False
SERPINB2,0.05993182966628064,False,False
OR5L2,0.05966400966183572,False,False
KRT72,0.05929489419938936,False,False
MYOD1,0.05924974851153916,False,False
TSLP,0.05913659274075633,False,False
DCAF12L1,0.0590000520522628,False,False
EPO,0.05894349346714859,False,False
LOC647589,0.058753705653226615,False,False
SAMSN1,0.05859480413142906,False,False
PRAMEF7,0.05823929828870882,False,False
HOXD10,0.058226571218022945,False,False
NIPAL4,0.05803569323086641,False,False
SCGB1D2,0.05798332982419203,False,False
CSF1R,0.05792008749459008,False,False
CCDC158,0.05777266144974328,False,False
OR1L4,0.05766740183177177,False,False
C17orf74,0.05748274555216339,False,False
PPIAL4B,0.05745965306289551,False,False
PRR25,0.05740229497841877,False,False
HEATR7B2,0.05738595641646493,False,False
UROC1,0.057368238177118065,False,False
AGRP,0.05736740475605618,False,False
FAM25A,0.05682408440654571,False,False
GPR6,0.05652040156273759,False,False
PRR23B,0.05648684188978963,False,False
ZNF534,0.05630081353592776,False,False
NKX2-8,0.05626916809956605,False,False
OR1L6,0.05591048472938665,False,False
SLC22A8,0.05589110725105561,False,False
DNTT,0.05570219087389311,False,False
ACTBL2,0.05557991133569614,False,False
POTEA,0.055524481524371,False,False
KRTAP4-6,0.055427881882303395,False,False
ZNF831,0.055407495525844876,False,False
ZMYND15,0.05525524558140623,False,False
RLN3,0.05516060404019135,False,False
EVI2B,0.054820629656922956,False,False
MEI1,0.05437641447637764,False,False
ANGPTL3,0.05428413985097845,False,False
PYHIN1,0.05422247721982432,False,False
TEX12,0.0540576739071949,False,False
MAS1,0.05382145956884349,False,False
KERA,0.053757837082265954,False,False
C17orf47,0.05360202652910838,False,False
OR2T5,0.053584782608695695,False,False
OR2T29,0.053584782608695695,False,False
PAGE2B,0.05355586903884619,False,False
SLC5A4,0.053352862874454635,False,False
GK2,0.05301187084020541,False,False
TEPP,0.05300686914412043,False,False
SPANXA1,0.05291518697874631,False,False
PSMB11,0.052885059246002515,False,False
CACNA1C,0.052574821326221474,False,False
SPZ1,0.05253207706074322,False,False
COX6A2,0.05251624907885042,False,False
CPA6,0.05229480588599963,False,False
OR12D3,0.05222826086956517,False,False
OR2T8,0.05216436408510837,False,False
MSH4,0.05211823291340609,False,False
NAALADL1,0.051990726509223206,False,False
SGK110,0.051900773180802655,False,False
NKX2-6,0.051859475851259204,False,False
GAGE10,0.051834045689019906,False,False
CXCL13,0.05177651975061703,False,False
GJB6,0.05164007205436829,False,False
LILRA1,0.05160971096372712,False,False
DMP1,0.05150040647553544,False,False
PGA5,0.051125063456972084,False,False
LHX3,0.05066916108128339,False,False
SLC34A1,0.05058039559719739,False,False
HOXD13,0.05029411809430236,False,False
ITGAM,0.04992104958416676,False,False
CRNN,0.04978369419003177,False,False
ASPG,0.049219373384332896,False,False
TAS2R1,0.0490049478892515,False,False
CD19,0.04892582669520771,False,False
OR5L1,0.04866717022844516,False,False
ANGPTL6,0.04852755319273374,False,False
DENND2D,0.048526265922728705,False,False
CXorf51A,0.048515708086231325,False,False
CXorf51B,0.048515708086231325,False,False
NTSR2,0.04821036424886829,False,False
HFE2,0.048002487396334115,False,False
DEFB108B,0.047930458761740985,False,False
APBB1IP,0.04789235182650805,False,False
MAGEC2,0.047678813559322,False,False
TMPRSS2,0.04757726544314608,False,False
C10orf91,0.04754612590799034,False,False
CYP2C18,0.047425677556701885,False,False
CCDC27,0.04740941444128622,False,False
C1orf65,0.0472747195611234,False,False
PABPC3,0.04721010632698176,True,False
GPR101,0.047072555005790086,False,False
KRT6A,0.04706133277187073,False,False
ADH7,0.04684779976839672,False,False
AFM,0.046764913265723865,False,False
OR5AK2,0.04671842416160765,False,False
DEFB114,0.046436843644360244,False,False
PRPH2,0.04634779391982782,False,False
DEFB124,0.04633913043478262,False,False
CRP,0.04631932952006649,False,False
RNF223,0.04627190230550583,False,False
GNGT1,0.04593443520370565,False,False
CYLC1,0.045913995625270536,False,False
KRT32,0.04584775005556144,False,False
NKX2-3,0.04567444584810101,False,False
FRK,0.04564973681440152,False,False
HIPK4,0.0456475605619305,False,False
SLAMF1,0.04537368670386362,False,False
CMA1,0.045330897989262035,False,False
FAM151A,0.045164813255196445,False,False
SPRR2G,0.044723680855294705,False,False
PCDHGA7,0.044616616953831394,True,False
MYH8,0.04454946602566351,False,False
USHBP1,0.04436991730123639,False,False
TLX1,0.044315491104326823,False,False
SUSD3,0.04391722403527857,False,False
DMRT1,0.043836156437519765,False,False
CSNK1A1L,0.043827895334011775,False,False
SLC25A2,0.04375388754371804,False,False
FLJ43860,0.04355226865985891,False,False
FOXD2,0.04342731106198315,False,False
LRIT2,0.043097065773005344,False,False
PADI4,0.043041131815044875,False,False
SEL1L2,0.04301825045911266,False,False
CCDC64B,0.042629198980009594,False,False
CATSPERD,0.04257810061877858,False,False
FAM47B,0.04238124305482455,False,False
LILRB4,0.04225505433320464,False,False
LEUTX,0.04221317799534453,False,False
PAGE2,0.042054557789708846,False,False
CTAGE9,0.042043330876934404,False,False
SLC30A2,0.0420254740265057,False,False
MBD3L5,0.041914843082897627,False,False
ARL5C,0.041855729842907446,False,False
IL1RL2,0.04171961551508346,False,False
KRTAP4-9,0.04162037875331906,False,False
WFDC6,0.041311043267712386,False,False
CLRN2,0.041247657063316616,False,False
SLC1A7,0.041237798715654264,False,False
TMPRSS11E,0.04115040004210965,False,False
CFHR4,0.041025853013767516,False,False
DEFB1,0.04071620170544268,False,False
GPHA2,0.04066506474365724,False,False
CCDC155,0.04059490765109779,False,False
DBX1,0.04055111532208069,False,False
C19orf33,0.040511109356540446,False,False
MAGEE2,0.04041536594495328,True,False
F13B,0.040223001836450625,False,False
ZG16B,0.03998695067317028,False,False
TNFRSF4,0.03974742604484682,False,False
PM20D1,0.039660706390146315,False,False
FOXE3,0.039657342293340815,False,False
TEX11,0.039609226702225955,False,False
CFHR1,0.039543928600671414,False,False
DCSTAMP,0.0393623919476904,False,False
C4BPA,0.03921874407832401,False,False
RBM46,0.03912365804587618,False,False
GCOM1,0.03910941093214491,True,False
NCR2,0.03890344246762818,False,False
GSTA3,0.03889754711022213,False,False
UGT1A3,0.03888322981366457,False,False
UGT1A10,0.03884082125603867,False,False
ANP32C,0.03853503468201332,False,False
KRT6C,0.038501889672597135,False,False
C1orf105,0.03849235182650805,False,False
UGT1A5,0.03847638991238844,False,False
C1orf127,0.038289214654174134,False,False
PLA2G2A,0.038254361277795315,False,False
MAGEA8,0.03814761846276216,False,False
KRTAP5-4,0.038000032751985595,False,False
KRTAP4-7,0.03779067270238972,False,False
CD7,0.037746820717970316,False,False
KRT3,0.0376415230843013,False,False
LOC100505841,0.03758281690470343,False,False
SDS,0.03730387350715281,False,False
XAGE5,0.03720198383455568,False,False
FNDC7,0.03717735024739447,False,False
C3orf22,0.03705162239300043,False,False
HTR6,0.03663068159221439,False,False
SPI1,0.03632707770408581,False,False
AGTR2,0.03593192031909792,False,False
GPIHBP1,0.03568780339450935,False,False
UMOD,0.03565844591828378,False,False
MAGEB4,0.03565237334924145,False,False
WBP2NL,0.035602896211297114,False,False
DPEP2,0.03542623960416886,False,False
HMGB4,0.03539716051982082,False,False
C2CD4B,0.03523994631013791,False,False
NAT2,0.035238570141886284,False,False
DPYS,0.03514822203506802,False,False
TMPRSS11D,0.03493667228129279,False,False
PON3,0.03479777812869191,False,False
VCX3B,0.034646985062755126,False,False
PDCD1,0.03455505257863401,False,False
MAGEA2B,0.034237431425530165,False,False
SPANXF1,0.034101824168625935,False,False
SPANXB1,0.034101824168625935,False,False
SPANXB2,0.034101824168625935,False,False
NYX,0.03392966101694915,False,False
CETP,0.033530592109110906,False,False
KRTAP2-2,0.03324975728439252,False,False
HDGFL1,0.033090805464902735,False,False
CLCNKA,0.032947772864979935,False,False
LINGO4,0.0327699576563615,False,False
PPIAL4C,0.03273009790504264,False,False
KRTDAP,0.03254709443099274,False,False
TMEM244,0.03253588389421108,False,False
C3orf79,0.03236515949047268,False,False
SLC17A2,0.0323281450679019,False,False
C20orf85,0.03232723210630358,False,False
GTF2A1L,0.032243714543051326,False,False
C8A,0.03207882525645975,False,False
FOXA2,0.03194712718297834,False,False
TMEM150B,0.03189542524944145,False,False
AGXT2,0.03187622381303292,False,False
BHLHA9,0.03172740054508662,False,False
PPIAL4E,0.03161066545016435,False,False
NACA2,0.031327508158753556,True,False
IL4,0.03121505187680575,False,False
VWDE,0.031203401527646186,False,False
SPINK8,0.031182120340152764,False,False
CDKL4,0.031092702155782487,False,False
OR1J1,0.03060021347276321,False,False
C9orf11,0.030517553894562,False,False
RNASE1,0.03048485103695125,False,False
NPFFR1,0.030272028634593114,False,False
LOC100129520,0.030240593746710193,False,False
DDI1,0.030233938075352972,False,False
DPEP1,0.029971286451205396,False,False
S100G,0.02979804716285925,False,False
FOXL2,0.029430171597010214,False,False
KLK6,0.029323802505526898,False,False
GLOD5,0.029278850405305822,False,False
FTHL17,0.029271394649729214,False,False
THRSP,0.02919128621726264,False,False
SLCO6A1,0.029046952310769564,False,False
AWAT2,0.028997609689908874,False,False
SPANXE,0.02895112760407528,False,False
ACOXL,0.028459669438888304,False,False
CD52,0.028310212770934953,False,False
SLAMF9,0.028055763179749914,False,False
SLC39A4,0.02796336982840299,False,False
CLDN22,0.027878918833561427,False,False
OR52N2,0.027764590424723085,False,False
GABRP,0.027716522791872835,False,False
GRP,0.0276017083669626,True,False
MT4,0.027576182873050966,False,False
ZCCHC5,0.027302387385806693,False,False
SPACA5,0.027159642535471564,False,False
LAD1,0.026886947164028965,False,False
OR2A4,0.026844170731422017,False,False
OR10A2,0.02667019686282767,False,False
CLECL1,0.02665950567896036,False,False
HSPB3,0.02662069983974921,False,False
NPSR1,0.026524305482448444,False,False
CCL7,0.026304450760898827,False,False
CT45A5,0.02629896304874197,False,False
IGFBP1,0.026271156028119913,False,False
NOX5,0.02613437496344641,False,False
HLA-DOB,0.026067576703980536,False,False
PAGE4,0.02599780620182242,False,False
KRTAP5-3,0.025816422781345404,False,False
SUN3,0.02579174942391597,False,False
USP50,0.02571113275081588,False,False
PKP3,0.025695378460890605,False,False
PRHOXNB,0.02556896515422676,False,False
CXorf58,0.02549941689768514,False,False
SCGB1D4,0.025256366752055764,False,False
USP17L8,0.025182281760653197,False,False
C9orf71,0.02512222105250845,False,False
C10orf99,0.025092533716999446,False,False
FAM3B,0.02504596273291925,False,False
ITIH1,0.02503150273128167,False,False
HS3ST6,0.024809231965937942,False,False
IL29,0.024612569744183597,False,False
FCN3,0.0244883069562878,False,False
DEFB103B,0.024476230246458695,False,False
ONECUT3,0.024362143383514057,False,False
PFN3,0.02419966780128903,False,False
C3orf24,0.02412437098641963,False,False
C11orf16,0.023944679556912422,False,False
BET3L,0.023853826133745076,False,False
PLVAP,0.023832656069059904,False,False
CT45A4,0.02366734510065387,False,False
FOXR2,0.023660907580914946,False,False
C12orf40,0.02360277923991997,False,False
DUOXA2,0.02353060088196418,False,False
OR1C1,0.023298668280871668,False,False
LOC100133267,0.023189156753342453,False,False
DEFB130,0.023189156753342453,False,False
S100A7,0.023182019159911568,False,False
PF4V1,0.023155298218525928,False,False
LOC100130480,0.023136487466516947,False,False
GIP,0.02310527189996607,False,False
KAAG1,0.023017746897334223,False,False
RPL10L,0.023005793007451078,False,False
ESX1,0.023002613725421388,False,False
C16orf90,0.022998811570808624,False,False
WNT8A,0.022914332502836556,False,False
MAT1A,0.02268089798926201,False,False
VSTM1,0.022530600881964184,False,False
GUCA2A,0.02235915359511527,False,False
SMCR9,0.022151384356248027,False,False
MYEOV,0.022020933782503423,False,False
LBP,0.022016446760477714,False,False
GPR87,0.021985883894211092,False,False
AMELY,0.021954229684996086,False,False
DEFB133,0.0218842995169082,False,False
DRD3,0.021845397176310958,False,False
MRGPRD,0.021455357873928257,False,False
INS,0.02133923863330643,False,False
FOXE1,0.021019307295504795,False,False
WFDC10B,0.020920202126539632,False,False
MYO1A,0.0209138131499222,False,False
LY86,0.020764688680679832,False,False
CACNA1S,0.020746497292112618,False,False
GJA8,0.020741444128621726,False,False
CYTH4,0.020644154940286097,False,False
CCL19,0.019993132025593333,False,False
HPN,0.019896723631727314,False,False
FOLR4,0.019656053268765142,False,False
SFTA2,0.019568149278871457,False,False
CST6,0.0194935092582845,False,False
ZNF648,0.019470861260249616,False,False
HIST1H4G,0.019335214233077165,False,False
C1orf177,0.019303522593021486,False,False
UTF1,0.01900264881683452,False,False
CDX4,0.01857601443426794,False,False
HBM,0.018516564901568586,False,False
PADI3,0.018446821887684102,False,False
SULT1B1,0.01831355171889439,False,False
PRR15,0.01826704331450094,False,False
DCAF4L2,0.018075184522347392,False,False
SELP,0.018057868664537804,False,False
IFNA7,0.017974802610801137,False,False
DEFB112,0.017935403726708078,False,False
TBX22,0.01788315085798505,False,False
CYP3A7,0.017861176030225405,False,False
C16orf78,0.017852796200769672,False,False
KLRG2,0.017819565217391305,False,False
SPANXD,0.017816797674609017,False,False
FAM25G,0.017807221812822405,False,False
FAM25B,0.017807221812822405,False,False
FAM25C,0.017807221812822405,False,False
SPDYE4,0.017709258869354674,False,False
C16orf11,0.01755920740194874,False,False
KLK5,0.017411795978524058,False,False
TMEM211,0.017332434993157172,False,False
KRTAP2-1,0.01732981483431005,False,False
C5orf52,0.017305621059526738,False,False
MAGEC1,0.01730493502240002,False,False
ZNF679,0.017239541004316246,False,False
AQP12B,0.01710929337591091,False,False
OR2AE1,0.017088336783988963,False,False
IZUMO2,0.017044914669380403,False,False
RBMXL3,0.01703350352668701,False,False
IL28B,0.016510660186452374,False,False
PGC,0.01648089740440514,False,False
KLRC4-KLRK1,0.01583168754605748,False,False
LOC100132396,0.01564896246388509,False,False
KRTAP11-1,0.015531445415306875,False,False
CA6,0.015500764407949376,False,False
SPRR2D,0.015298647226023783,False,False
OTOP2,0.015298125533681905,False,False
TRIM29,0.015056284872091798,False,False
IFNA4,0.015032511609409176,False,False
RSPH6A,0.01501359031944883,False,False
CCL4L1,0.01463242739001766,False,False
CCL4L2,0.01463242739001766,False,False
OR2D3,0.014606979097214912,False,False
TCP10,0.014581727316325692,False,False
TSSK2,0.014498792270531417,False,False
MYH6,0.014487885859330227,False,False
WISP2,0.014329223543998786,False,False
ANXA13,0.014313659332561322,False,False
TNNI2,0.014304182311588356,False,False
LRRC72,0.014202592670573512,False,False
LOC646862,0.014038161326923303,False,False
INS-IGF2,0.014029227053140103,False,False
LGALS9B,0.013794116339731669,False,False
SAA2-SAA4,0.013775819676925052,False,False
ZNF729,0.01370807979787345,False,False
TYROBP,0.01358744897123674,False,False
SPATA8,0.012898169397948323,False,False
LGALS13,0.01288719280392088,False,False
LOC100288524,0.012884229334081954,False,False
ODF3,0.01279479711314641,False,False
IFNA17,0.012768303096232352,False,False
RNASE3,0.0126565351908388,False,False
P2RY12,0.012593632078230456,False,False
C1orf64,0.012536110233825783,False,False
OR7A10,0.012491752933057284,False,False
GPHB5,0.012413169222491256,False,False
EPYC,0.012363607865155394,False,False
CYP2C19,0.01228267302990958,False,False
ITGAD,0.01226094969061072,False,False
FABP9,0.01224028318770397,False,False
IQCF6,0.012221791767554486,False,False
FAM48B1,0.012088977787135488,False,False
PTGIR,0.011656405937467102,False,False
C9orf106,0.011482261290662174,False,False
LCN6,0.011478904212139292,False,False
OR2T12,0.011472838661379558,False,False
DEFB136,0.011165458937198057,False,False
OR6K6,0.011099767811816446,False,False
C1orf172,0.010935596144623413,False,False
IGFL1,0.010919378648044823,False,False
XAGE2B,0.010796051631165857,False,False
GAB3,0.01076850194757343,False,False
LELP1,0.01075108958837772,False,False
OR10G4,0.010715778269057575,False,False
CYP3A7-CYP3AP1,0.010706729948181682,False,False
GKN2,0.010684631130762305,False,False
CCL14,0.010676833818764555,False,False
ANO9,0.010614257056298324,False,False
C19orf69,0.010569782199295833,False,False
PAX4,0.010513565755459644,False,False
CD164L2,0.010496330607900247,False,False
CCL21,0.01045375302663438,False,False
MYOG,0.010289466727491784,False,False
HSFY2,0.010186103800400042,False,False
PASD1,0.01017258951234633,False,False
FXYD4,0.010117912411832825,False,False
OR5C1,0.009999841503784024,False,False
OR7D4,0.009720670012048056,False,False
T,0.009472621094618147,False,False
LCN2,0.00933681030751775,False,False
PLD4,0.009336735445836405,False,False
LOC100500938,0.00928727234445731,False,False
OTC,0.009188185890912493,False,False
IL9,0.009142125486893356,False,False
SCEL,0.009119854136692753,False,False
OR56A5,0.009100183645062055,False,False
TCL1A,0.008858352926038997,False,False
LOC100507096,0.008815291083271923,False,False
KRTAP13-3,0.008811835748792272,False,False
FAM83C,0.008765896410148438,False,False
IFNE,0.00869547262284919,False,False
TBX20,0.008675544794188863,False,False
IFNA16,0.008461014609725002,False,False
MSMB,0.008445326993484695,False,False
C20orf79,0.008374692072849774,False,False
XCL1,0.008323091319554105,False,False
ANGPTL5,0.008288538559614462,False,False
RNASE10,0.00824242551847563,False,False
TFF1,0.00818255722824625,False,False
CRISP1,0.008180503210864302,False,False
PNLIPRP2,0.008167159701021161,False,False
GIMAP1-GIMAP5,0.008140277339135112,False,False
LOC646498,0.008138777766080641,False,False
TTLL10,0.008056852768127638,False,False
RETN,0.007975997473418258,False,False
RAB19,0.007814336011977868,False,False
ABCG5,0.007783406440444025,False,False
FOXB2,0.007723807184381983,False,False
KRTAP9-8,0.007697213156940497,False,False
OR2A2,0.007663962288428023,False,False
LOC100505478,0.0076043840872138625,False,False
TLX2,0.007569596799663123,False,False
LCN15,0.007522557930074512,False,False
OR2B2,0.007398544876068825,False,False
TSPY3,0.007313043478260864,False,False
KRTAP4-5,0.00716565018539963,False,False
CXCR3,0.00711765448994631,False,False
TMEM8C,0.0070589535740604266,False,False
TARP,0.0069742616181820314,False,False
SERPINB5,0.006925849504626218,False,False
PSG11,0.006910690599010423,False,False
APOL5,0.006687630276871252,False,False
CXorf27,0.006675858277479504,False,False
CCDC166,0.006639235124165114,False,False
KLRF2,0.006627313401410674,False,False
CSF2,0.006597455287691101,False,False
APOC3,0.006449201085494379,False,False
KRTAP5-11,0.00639206232234972,False,False
PLA2G2C,0.006318122375454728,False,False
LILRB5,0.006280228912984993,False,False
PAGE5,0.006071813992116128,False,False
EVX1,0.006062159174649961,False,False
DEFB119,0.005994402334748686,False,False
ABO,0.005989154413914915,False,False
OR8G1,0.005965370038951468,False,False
CLEC1B,0.0059476904001590815,False,False
LY75-CD302,0.005886682808716707,False,False
OR13C2,0.005874700260846172,False,False
KRTAP10-5,0.00583768408370472,False,False
MCI,0.005829982103379301,False,False
IFNA13,0.005769410230316642,False,False
SPDYC,0.0057625276344878415,False,False
OR2B11,0.005751443426793464,False,False
OR4D2,0.0057083248529084946,False,False
IFNA10,0.005655379513633016,False,False
STAP1,0.005397141219543578,False,False
IGSF23,0.00538497210232656,False,False
MAGEA4,0.005380037664783428,False,False
CCL23,0.005312276146027069,False,False
PRSS57,0.005268320641938918,False,False
FAM24A,0.005238631551859263,False,False
CALML5,0.0051925652992712715,False,False
SPRR2A,0.005151232878314676,False,False
GATA5,0.005113476272356155,False,False
PTCRA,0.005105054333204668,False,False
COX7B2,0.005083183609970637,False,False
CARD18,0.005068870407411308,False,False
CSH2,0.005053563533003475,False,False
PRSS41,0.004974655226865984,False,False
CEACAM16,0.0049675544794188856,False,False
LOC100287144,0.0049582113906727005,False,False
NKX2-2,0.004946446409563579,True,False
RPS4Y2,0.004770492800411741,False,False
UBE2U,0.004744237405106971,False,False
GZMK,0.004537240762185492,False,False
KRTAP12-4,0.004533574879227052,False,False
GPR31,0.004503017276672399,False,False
LOC100506650,0.0043301446935934745,False,False
OR1B1,0.0043212999029137574,False,False
TEX13B,0.004273481419096747,False,False
FRMD7,0.004245200664397422,False,False
ELANE,0.004134017031032505,False,False
DEFB107A,0.003985872197073378,False,False
DEFB107B,0.003985872197073378,False,False
KRTAP10-4,0.003959622065480577,False,False
C11orf40,0.003942960077668993,False,False
KLK9,0.0038828981998105068,False,False
XAGE2,0.0038690856347451787,False,False
CYP4B1,0.0038623410651413585,False,False
HMHB1,0.003841033559088091,False,False
FOLH1B,0.003839398884093062,False,False
KRTAP10-10,0.0038121164800973203,False,False
OR52I2,0.0037356259723245718,False,False
KRTAP9-1,0.003700153817360896,False,False
TM4SF5,0.003671233229228807,False,False
PRAMEF9,0.0036543478260869545,False,False
CCL1,0.003537619749447312,False,False
SPANXN4,0.0035364734299516906,False,False
PGA3,0.003523028155010468,False,False
OR5B21,0.0035085266285339975,False,False
SCGB2A1,0.003494433917020504,False,False
RGS18,0.003473102431834929,False,False
NBPF6,0.003434301271478867,False,False
DEFB103A,0.003420531400966183,False,False
CEACAM4,0.0033990104221497,False,False
PAGE1,0.0033984238106935234,False,False
CYP4A22,0.0033730807921301654,False,False
CSN1S1,0.0032672702389725233,False,False
MAGEA5,0.003249743247827257,False,False
TMEM82,0.0032485694400580184,False,False
C2orf57,0.0032398685241721357,False,False
FCER1A,0.0032351013556982606,False,False
CXorf68,0.003171419213718404,False,False
OR13F1,0.0030968639973798402,False,False
TIFAB,0.0030558912634078444,False,False
PGK2,0.003029266238551427,False,False
GIF,0.002957186136552386,False,False
NPBWR2,0.0029563579792024884,False,False
THEG5,0.002927049630955306,False,False
CLDN17,0.0029178697172801828,False,False
SPAG11A,0.002869806763285025,False,False
LIM2,0.002824337064720263,False,False
SPP2,0.002781287503947784,False,False
OR52E8,0.00276715970102116,False,False
GPR119,0.0027634908937782922,False,False
MBD3L1,0.00270414254132014,False,False
KLRC1,0.0026673100092407384,False,False
IFNA6,0.002663077984817116,False,False
ADIG,0.002605837456574376,False,False
POTED,0.0025561053210279446,False,False
OR8B2,0.0024248283445040997,False,False
C10orf113,0.002391372776081692,False,False
PTH,0.0023851189014048274,False,False
MAGEB2,0.0023484343381174624,False,False
GUCA1C,0.002324509012644606,False,False
ALPPL2,0.0023057333520487525,False,False
CST1,0.0022840141067480787,False,False
CCDC105,0.0022548648395737565,False,False
RTP3,0.0022182177071270654,False,False
LOC388946,0.002208581020224351,False,False
S100A9,0.002205563743551953,False,False
HOXC9,0.0021973798411528698,False,False
UGT1A7,0.0021754547262284917,False,False
SPACA1,0.0021579493747879894,False,False
IL2,0.002145477886561159,False,False
SPRR2B,0.0021342995169082116,False,False
CD3D,0.0021313009556561497,False,False
PRKACG,0.0021034611830485083,False,False
RNASE8,0.002077372471956111,False,False
IFNA8,0.0020652448795779677,False,False
KRT39,0.0020346749950287163,False,False
IFNA2,0.002023291340608953,False,False
OR6X1,0.0020149799394088273,False,False
MAGEA11,0.0019975763530664047,False,False
FAM187B,0.001988829818343451,False,False
FAM75D3,0.0019718806658010793,False,False
OR1M1,0.0019650378402404937,False,False
LCE2C,0.0018971570106794866,False,False
KRTAP10-7,0.0018948269408475744,False,False
KRT83,0.0018928360880092641,False,False
CXorf64,0.0018342562374986848,False,False
SLC22A24,0.0018031161174860506,False,False
CD200R1L,0.001791477465464201,False,False
DEFB106B,0.0017864734299516901,False,False
DEFB106A,0.0017864734299516901,False,False
CT45A6,0.0017573428781977052,False,False
MS4A12,0.0017545846931255925,False,False
HBB,0.0017470260027371298,True,False
MFSD6L,0.001745155045560352,False,False
OR1N1,0.0017449181785217159,False,False
KRTAP10-1,0.0017375770548946673,False,False
OR6T1,0.0017119936601513613,False,False
PRAMEF16,0.001687541963481536,False,False
CLEC2A,0.0016589845714753593,False,False
RIMBP3C,0.00164356248026108,False,False
SCGB2A2,0.0016241545893719807,False,False
OR5A2,0.0016241545893719807,False,False
PTPN20A,0.0016005573686119002,False,False
PTPN20B,0.0016005573686119002,False,False
SPINT3,0.0015847826086956526,False,False
OR10G9,0.0015772864979939404,False,False
SPRR1B,0.0015385368050438064,False,False
MAGEA12,0.0015033424571007474,False,False
ANXA8L2,0.001478981413248177,False,False
OR2M3,0.0014783199401106543,False,False
TXNDC8,0.0014695652173913045,False,False
TAS2R60,0.0014563263969306712,False,False
LY6D,0.0014193494052005477,False,False
C20orf78,0.0014130329508369305,False,False
GAGE2C,0.001395169082125605,False,False
TP53TG3C,0.0013907148120854823,False,False
OR51L1,0.0013664344784831146,False,False
CEBPE,0.0013616076546069176,False,False
BPIFA3,0.0013588477149641474,False,False
TMIGD1,0.001333708226596952,False,False
C20orf151,0.001325674047560562,False,False
ZNF645,0.0013222655016317509,False,False
UGT2B11,0.001307379724181493,False,False
HBG1,0.0012871980676328505,False,False
TMEM202,0.0012513106642804501,False,False
UGT2A2,0.0012454574165701655,False,False
LRIT1,0.0012404282322115777,False,False
STATH,0.0012176328502415464,False,False
PRM2,0.0012176328502415457,False,False
ADAMDEC1,0.0012081441321308679,False,False
OVOL2,0.0011848194546794403,False,False
OR1A1,0.0011614532523891404,False,False
TGIF2LX,0.0011570948988782446,False,False
CSHL1,0.0011499999999999998,False,False
OBP2B,0.0011429460411037419,False,False
OR5P3,0.0011391754687627936,False,False
SPRR2F,0.0011277818717759767,False,False
PHGR1,0.0011169082125603864,False,False
OR6C75,0.001101985589126341,False,False
UGT1A4,0.0010842995169082128,False,False
DAOA,0.0010450626381724394,False,False
FAM47A,0.0010424307821875988,False,False
FASLG,0.0010415043688809349,False,False
AADACL2,0.001004327940952849,False,False
ZCCHC13,0.0010036313764021942,False,False
CFHR2,0.0009996210127381834,False,False
RGS21,0.000991251125849505,False,False
SERPINB3,0.0009826537296323587,False,False
C1orf185,0.0009602583897720229,False,False
VPREB1,0.0009586956521739131,False,False
USP17L4,0.0009318711911195331,False,False
OR5B2,0.0009256319378648045,False,False
GPR33,0.0008853195073165595,False,False
OR52E2,0.0008736948918599619,False,False
OR4F4,0.0008685943549613407,False,False
REG1A,0.0008675439519949468,False,False
KRTAP10-11,0.000857959902211929,False,False
KRTAP13-2,0.0008408212560386472,False,False
CRCT1,0.0008125603864734298,False,False
SERPINA6,0.0008083353803324325,False,False
OR52M1,0.0007905937467101799,False,False
KRT73,0.0007673345732299308,False,False
ZNF541,0.0007610537951363301,False,False
S100A8,0.0007574879227053145,False,False
OR14I1,0.0007407516580692704,False,False
BPIFB3,0.0007156501853996328,False,False
HNRNPCL1,0.0006963797358786304,True,False
PRAMEF6,0.0006961691873998433,False,False
OR1G1,0.0006875092114959468,False,False
OR8H2,0.0006785024154589371,False,False
OR6C3,0.0006282608695652174,False,False
GLYATL3,0.0006246131171702285,False,False
OR51D1,0.0005922915862488453,False,False
OBP2A,0.0005903545402440025,False,False
KRTAP9-3,0.0005799516908212561,False,False
LYZL2,0.0005565217391304344,False,False
KRTAP10-12,0.0005565217391304344,False,False
PSG3,0.000531866512264449,False,False
IFNG,0.0005188364857119464,False,False
MAGEB16,0.0005013159279924203,False,False
OR5T2,0.0004891304347826086,False,False
LCE2D,0.0004891304347826085,False,False
OR10J5,0.00044661835748792265,False,False
LDLRAD1,0.0004466183574879225,False,False
OR6C2,0.0004466183574879225,False,False
PPBP,0.00043566691230655845,False,False
FAM75A4,0.0004066375407937678,False,False
OR5P2,0.0004060386473429952,False,False
CLEC10A,0.0003971342012609516,False,False
CYP11B2,0.00037420547192102083,False,False
OR5F1,0.00036739130434782624,False,False
LOC729264,0.0003509632592904518,False,False
POM121L12,0.0003487922705314014,False,False
OR2M2,0.00033067632850241555,False,False
ANXA8,0.00032801873881461215,False,False
OR6N1,0.00031304347826086943,False,False
PRAMEF3,0.00030076616252003134,False,False
BPIFA1,0.00029589371980676306,False,False
PGLYRP2,0.00029360575967060865,False,False
OR6C76,0.00027922705314009655,False,False
KIR3DL2,0.0002695283714075166,False,False
CCL8,0.00026304347826086957,False,False
OR11H12,0.00025687382297551794,False,False
POTEC,0.0002562772689522873,False,False
DSG4,0.00025169491525423726,False,False
DNAJB3,0.0002473429951690822,False,False
FAM75A2,0.0002321256038647344,False,False
FCN1,0.00023212560386473428,False,False
P2RY10,0.00022288954392860066,False,False
CTSG,0.0002173913043478261,False,False
RBMY1J,0.00019688914622591859,False,False
OPN1MW2,0.00016328502415458937,False,False
OR5M10,0.00013913043478260866,False,False
ADAD1,0.00013132434993157175,False,False
ASZ1,0.0001169082125603866,False,False
POTEG,0.00010652173913043469,False,False
FAM75A7,0.0001007644079493748,False,False
PRAMEF13,7.826086956521736e-05,False,False
FAM75A3,5.5917581967692536e-05,False,False
DUX4L3,3.5498473523528796e-05,False,False
DUX4L6,3.5498473523528796e-05,False,False
DUX4L5,3.5498473523528796e-05,False,False
DUX4L2,3.5498473523528796e-05,False,False
POTEH,1.183574879227054e-05,False,False
LOC100287327,6.024610777742687e-06,False,False
LOC100287238,6.024610777742687e-06,False,False
RBMY1F,1.6802938320992853e-06,False,False
CT47A9,0.0,False,False
OR1J4,0.0,False,False
MAGEA9B,0.0,False,False
DEFB126,0.0,False,False
DEFB127,0.0,False,False
DEFB123,0.0,False,False
OR10K1,0.0,False,False
LCE3E,0.0,False,False
LCE3C,0.0,False,False
MAGEB1,0.0,False,False
LCE1A,0.0,False,False
RBMY1B,0.0,False,False
LOC388276,0.0,False,False
LOC646627,0.0,False,False
RBMY1A1,0.0,False,False
CT47A6,0.0,False,False
CT47A5,0.0,False,False
USP17L5,0.0,False,False
DAZ3,0.0,False,False
DEFB116,0.0,False,False
CT47A2,0.0,False,False
DAZ4,0.0,False,False
HTN1,0.0,False,False
CT47B1,0.0,False,False
LOC728373,0.0,False,False
LCE4A,0.0,False,False
LOC728393,0.0,False,False
LOC286238,0.0,False,False
LOC728379,0.0,False,False
TGIF2LY,0.0,False,False
OR2G6,0.0,False,False
GAGE8,0.0,False,False
OR2T1,0.0,False,False
OR10H3,0.0,False,False
OR10H5,0.0,False,False
XAGE1E,0.0,False,False
OR5D16,0.0,False,False
XAGE1C,0.0,False,False
XAGE1D,0.0,False,False
MS4A13,0.0,False,False
MS4A5,0.0,False,False
OR2T2,0.0,False,False
GAGE2E,0.0,False,False
KRTAP6-2,0.0,False,False
KRTAP6-1,0.0,False,False
LOC100287178,0.0,False,False
KRTAP6-3,0.0,False,False
GAGE4,0.0,False,False
SPANXA2,0.0,False,False
KRTAP22-2,0.0,False,False
KRTAP23-1,0.0,False,False
OR51A2,0.0,False,False
HIST1H2BA,0.0,False,False
DEFB113,0.0,False,False
SSX4B,0.0,False,False
LOC100287364,0.0,False,False
OR51A7,0.0,False,False
LOC100287441,0.0,False,False
LOC100287404,0.0,False,False
LOC100287478,0.0,False,False
LOC100287205,0.0,False,False
GAGE2B,0.0,False,False
GAGE2D,0.0,False,False
OR5R1,0.0,False,False
MAGEA10-MAGEA5,0.0,False,False
LOC728369,0.0,False,False
OR5W2,0.0,False,False
DAZ1,0.0,False,False
CST11,0.0,False,False
KRTAP19-7,0.0,False,False
KRTAP20-1,0.0,False,False
LOC100287513,0.0,False,False
PRR20E,0.0,False,False
LOC728405,0.0,False,False
LOC728419,0.0,False,False
LOC728400,0.0,False,False
PRR20D,0.0,False,False
KRTAP20-2,0.0,False,False
PRR20C,0.0,False,False
DUX4L7,0.0,False,False
OR6Y1,0.0,False,False
HOXD12,0.0,False,False
KRTAP19-2,0.0,False,False
OR7G1,0.0,False,False
CT47A8,0.0,False,False
PRAMEF20,0.0,False,False
KRTAP19-6,0.0,False,False
OR5B17,0.0,False,False
KRTAP22-1,0.0,False,False
KRTAP21-3,0.0,False,False
KRTAP20-3,0.0,False,False
CT47A7,0.0,False,False
OR4S2,0.0,False,False
OR4P4,0.0,False,False
OR4N5,0.0,False,False
OR8U8,0.0,False,False
GAGE12F,0.0,False,False
GAGE12E,0.0,False,False
GAGE12D,0.0,False,False
GAGE12C,0.0,False,False
GAGE12B,0.0,False,False
LCE3A,0.0,False,False
LCE3B,0.0,False,False
OR1S1,0.0,False,False
S100A7L2,0.0,False,False
GAGE12I,0.0,False,False
GAGE12H,0.0,False,False
GAGE12G,0.0,False,False
OR1L1,0.0,False,False
GPR174,0.0,False,False
VCY,0.0,False,False
PRR20A,0.0,False,False
PRR20B,0.0,False,False
DEFB129,0.0,False,False
DEFB4B,0.0,False,False
CCL3L1,0.0,False,False
PRLH,0.0,False,False
DEFA1,0.0,False,False
SMCP,0.0,False,False
CT47A10,0.0,False,False
DEFA6,0.0,False,False
DEFA4,0.0,False,False
PRSS2,0.0,False,False
DEFB128,0.0,False,False
FAM75A5,0.0,False,False
OR8K3,0.0,False,False
LGALS7,0.0,False,False
XAGE1B,0.0,False,False
XAGE1A,0.0,False,False
CT47A1,0.0,False,False
OR4A16,0.0,False,False
DEFA1B,0.0,False,False
GAGE13,0.0,False,False
GAGE12J,0.0,False,False
TSPY2,0.0,False,False
LCE2B,0.0,False,False
DEFB4A,0.0,False,False
GAGE2A,0.0,False,False
CT47A11,0.0,False,False
OR4C11,0.0,False,False
OR4D5,0.0,False,False
F8A2,0.0,False,False
CARD17,0.0,False,False
F8A3,0.0,False,False
SPINK14,0.0,False,False
TAAR1,0.0,False,False
RHOXF2B,0.0,False,False
GAGE5,0.0,False,False
GAGE6,0.0,False,False
GAGE7,0.0,False,False
OR10R2,0.0,False,False
OR5H2,0.0,False,False
KRTAP4-4,0.0,False,False
OR3A1,0.0,False,False
KRTAP12-3,0.0,False,False
OR4K13,0.0,False,False
CT47A12,0.0,False,False
CT47A4,0.0,False,False
CT47A3,0.0,False,False
